✔ registra o modulo Android local usado pelo instalador de APK (1.95575ms)
✔ expoe a consulta da permissao especial e a URI segura do FileProvider (0.514042ms)
✔ registra o módulo de privacidade nas duas plataformas (1.92725ms)
✔ iOS cobre só no segundo plano de verdade, nunca no inactive do Face ID (0.353833ms)
✔ Android desliga a foto dos recentes e reaplica numa atividade recriada (0.255292ms)
✔ produção e staging não levam x86: 67 MB que nenhum celular usa (0.36975ms)
✔ development mantém as quatro — o emulador da máquina pode ser x86_64 (0.060791ms)
✔ sem a propriedade no template, o plugin acrescenta em vez de sumir (0.04475ms)
✔ aplicar duas vezes não duplica a propriedade (0.043625ms)
✔ o tema aponta fundo da janela, fundo da tarefa e acento para as cores do app (13.858ms)
✔ aplicar duas vezes não duplica item (0.373875ms)
✔ as cores são as do tema claro e do escuro do app (0.421ms)
✔ declara uma única permissão e um FileProvider privado para os APKs (1.500958ms)
✔ gera de forma idempotente um caminho restrito ao cache de atualizações (3.6095ms)
✔ o tema do app aponta o estilo de texto para o que quebra pelo avanço (14.164708ms)
✔ o estilo desliga a caixa de tinta e herda o TextView do AppCompat (0.208417ms)
✔ o item existente do tema continua lá (0.159458ms)
✔ aplicar duas vezes não duplica estilo nem item (0.18425ms)
✔ força o work-runtime-ktx na 2.8.1, uma vez só (prebuild roda de novo) (0.946416ms)
✔ gera apenas os campos do contrato e normaliza o sha256 (1.475125ms)
✔ recusa versionCode que não pode representar uma versão Android válida (0.18975ms)
✔ recusa versão sem semver, download fora de HTTPS e hash inválido (0.133958ms)
✔ limita as notas para manter o manifesto muito abaixo do teto lido pelo app (0.052542ms)
✔ extrai o APK de um único build concluído (0.931542ms)
✔ aceita a chave legada buildUrl e um objeto sem envelope de lista (0.134208ms)
✔ recusa saída ambígua, build incompleto e artefato inseguro (0.356208ms)
✔ real APK xmltree resolves runtime resource and literal JSON channel (1.512083ms)
✔ local receipt records actual APK evidence and CI provenance without EAS metadata (1.171291ms)
✔ APK applicationId mismatch blocks local attestation (0.268083ms)
✔ APK appVersion mismatch blocks local attestation (0.181708ms)
✔ APK runtimeVersion mismatch blocks local attestation (0.1415ms)
✔ APK updatesUrl mismatch blocks local attestation (0.144125ms)
✔ APK channel mismatch blocks local attestation (0.668042ms)
✔ APK updatesEnabled mismatch blocks local attestation (0.15775ms)
✔ missing runtime resource, ambiguous resource and absent metadata fail closed (0.340583ms)
✔ missing or mismatched CI provenance and checksum fail closed (0.409209ms)
✔ local APK receipt permits compatible OTA and blocks divergent native fingerprint (0.473041ms)
✔ receipt identity comes from checked-in production profile and resolved Expo config (1.226958ms)
✔ profile channel drift fails closed (0.830084ms)
✔ profile environment drift fails closed (0.133ms)
✔ profile env drift fails closed (0.116083ms)
✔ profile env drift fails closed (0.333333ms)
✔ profile android drift fails closed (0.127084ms)
✔ profile extends drift fails closed (0.095333ms)
✔ wrong update project and Android runtime overrides fail closed (0.185292ms)
✔ finished build evidence binds source, runtime, channel and verified APK checksum (0.161917ms)
✔ EAS status mismatch cannot attest receipt (0.178584ms)
✔ EAS runtime mismatch cannot attest receipt (0.107834ms)
✔ EAS updateChannel mismatch cannot attest receipt (0.091291ms)
✔ EAS gitCommitHash mismatch cannot attest receipt (0.087542ms)
✔ EAS appIdentifier mismatch cannot attest receipt (0.573666ms)
✔ EAS app mismatch cannot attest receipt (0.081417ms)
✔ missing EAS metadata is rejected rather than inferred from source (0.119541ms)
✔ compatible JS update reaches publication once without rebuilding (1.097708ms)
✔ incompatible fingerprint never publishes (0.956791ms)
✔ incompatible runtimeVersion never publishes (0.115167ms)
✔ incompatible environment never publishes (0.094041ms)
✔ incompatible channel never publishes (0.285917ms)
✔ incompatible applicationId never publishes (0.199375ms)
✔ incompatible publicEnvironmentHash never publishes (0.153375ms)
✔ incompatible fingerprintVersion never publishes (0.131542ms)
✔ missing receipt, wrong source or tag fail closed (0.384417ms)
✔ changed native source package.json blocks even an unchanged fingerprint (0.87625ms)
✔ changed native source package-lock.json blocks even an unchanged fingerprint (0.124458ms)
✔ changed native source app.json blocks even an unchanged fingerprint (0.059ms)
✔ changed native source app.config.js blocks even an unchanged fingerprint (0.042166ms)
✔ changed native source eas.json blocks even an unchanged fingerprint (0.323625ms)
✔ changed native source plugins/with-native.js blocks even an unchanged fingerprint (0.08ms)
✔ changed native source modules/example/index.ts blocks even an unchanged fingerprint (0.050208ms)
✔ changed native source android/app/src/Main.kt blocks even an unchanged fingerprint (0.039333ms)
✔ changed native source .fingerprintignore blocks even an unchanged fingerprint (0.02775ms)
✔ changed native source fingerprint.config.js blocks even an unchanged fingerprint (0.038625ms)
✔ JS and documentation changes preserve the publication path (0.039208ms)
✔ unattested source receipt never authorizes publication (0.049417ms)
✔ extrai pacote e versões da saída real do aapt2 (1.330375ms)
✔ tolera atributos extras e ordem diferente (0.071417ms)
✔ recusa saída sem a linha package ou sem campo obrigatório (0.175083ms)
✔ recusa atributos duplicados em vez de escolher silenciosamente (0.050083ms)
✔ normaliza impressões com ou sem separadores (0.885625ms)
✔ extrai somente o certificado dos signers do APK (0.69875ms)
✔ aceita exatamente o signer esperado e recusa chave diferente ou múltipla (0.352083ms)
(node:14564) [MODULE_TYPELESS_PACKAGE_JSON] Warning: Module type of file:///Users/gabrielalmeidadias/Documents/Empresas/ProOps/DEV/Personal-ProOps-app/src/components/finance/date-picker-field.test.ts is not specified and it doesn't parse as CommonJS.
Reparsing as ES module because module syntax was detected. This incurs a performance overhead.
To eliminate this warning, add "type": "module" to /Users/gabrielalmeidadias/Documents/Empresas/ProOps/DEV/Personal-ProOps-app/package.json.
(Use `node --trace-warnings ...` to show where the warning was created)
✔ month-end control stays visible while the calendar is collapsed and toggles to fixed month-end (197.504542ms)
✔ month-end control is omitted when the date field has no monthly action (42.739625ms)
✔ month-end control follows the month shown in the open calendar, not the saved date (17.34875ms)
✔ month-end control jumps to the first allowed month when the saved date is before the minimum (10.8865ms)
✔ selecting a day closes the calendar, blocks stale calendar callbacks, and leaves month-end available (31.273458ms)
✔ reopening remounts the calendar for the saved month and rejects callbacks from the previous opening (45.822834ms)
(node:14565) [MODULE_TYPELESS_PACKAGE_JSON] Warning: Module type of file:///Users/gabrielalmeidadias/Documents/Empresas/ProOps/DEV/Personal-ProOps-app/src/design/adaptive-auth.test.ts is not specified and it doesn't parse as CommonJS.
Reparsing as ES module because module syntax was detected. This incurs a performance overhead.
To eliminate this warning, add "type": "module" to /Users/gabrielalmeidadias/Documents/Empresas/ProOps/DEV/Personal-ProOps-app/package.json.
(Use `node --trace-warnings ...` to show where the warning was created)
✔ tablet authentication keeps the form and actions in one centered task (0.827792ms)
(node:14566) [MODULE_TYPELESS_PACKAGE_JSON] Warning: Module type of file:///Users/gabrielalmeidadias/Documents/Empresas/ProOps/DEV/Personal-ProOps-app/src/design/adaptive-sheet.test.ts is not specified and it doesn't parse as CommonJS.
Reparsing as ES module because module syntax was detected. This incurs a performance overhead.
To eliminate this warning, add "type": "module" to /Users/gabrielalmeidadias/Documents/Empresas/ProOps/DEV/Personal-ProOps-app/package.json.
(Use `node --trace-warnings ...` to show where the warning was created)
✔ tablet sheets use a bounded task surface in both orientations (1.177625ms)
✔ o diálogo do tablet cabe DENTRO da área segura (barra de tarefas, status, recortes) (0.160333ms)
✔ o vão sob o diálogo é o que o teclado cobre fora dele (0.106708ms)
✔ toda folha com campo tem UM mecanismo de teclado: a rolagem (0.305625ms)
✔ shared sheets use native iPad form presentation and Android tablet dialog semantics (0.201667ms)
(node:14567) [MODULE_TYPELESS_PACKAGE_JSON] Warning: Module type of file:///Users/gabrielalmeidadias/Documents/Empresas/ProOps/DEV/Personal-ProOps-app/src/design/adaptive-window.test.ts is not specified and it doesn't parse as CommonJS.
Reparsing as ES module because module syntax was detected. This incurs a performance overhead.
To eliminate this warning, add "type": "module" to /Users/gabrielalmeidadias/Documents/Empresas/ProOps/DEV/Personal-ProOps-app/package.json.
(Use `node --trace-warnings ...` to show where the warning was created)
✔ classifies the available window width at both breakpoints (1.289917ms)
✔ returns to the compact composition after a window shrinks (0.526292ms)
✔ rejects invalid window widths instead of choosing a tablet layout (0.064875ms)
✔ keeps a single readable pane when both pane minimums cannot fit (0.080875ms)
✔ uses two bounded panes only when both minimums fit (0.17875ms)
✔ normalizes invalid container measurements (0.128834ms)
✔ keeps compact roots at their existing width and pill clearance (0.100292ms)
✔ keeps bottom pill clearance on medium and expanded Android roots (0.089167ms)
✔ does not invent an Android pill inset for pushed routes or iPad (0.086542ms)
✔ Today uses measured content width to decide its editorial split (0.135167ms)
✔ Finance chart fits inside the measured hero panel at phone and tablet widths (0.11125ms)
✔ library and reading panes only split when both reading minimums fit (0.143416ms)
✔ an invoice card skeleton uses the bounded reading column, not the full tablet window (0.06725ms)
✔ o pé da rolagem soma a área segura no iOS: a última linha não fica sob a barra de abas (0.057959ms)
(node:14568) [MODULE_TYPELESS_PACKAGE_JSON] Warning: Module type of file:///Users/gabrielalmeidadias/Documents/Empresas/ProOps/DEV/Personal-ProOps-app/src/design/card-flight.test.ts is not specified and it doesn't parse as CommonJS.
Reparsing as ES module because module syntax was detected. This incurs a performance overhead.
To eliminate this warning, add "type": "module" to /Users/gabrielalmeidadias/Documents/Empresas/ProOps/DEV/Personal-ProOps-app/package.json.
(Use `node --trace-warnings ...` to show where the warning was created)
✔ o quadro de uma caixa em pé usa a ALTURA como lado longo e gira 90° (1.637459ms)
✔ o voo começa na origem, termina no pouso e só levanta no meio (0.300125ms)
✔ o quique da mola não traz o arco de volta (0.094458ms)
✔ a caixa arrastada desce e encolhe em volta do centro (0.099ms)
✔ o índice arredonda e fica preso nas pontas (0.185208ms)
✔ item no centro é identidade; vizinho em repouso é plano, menor e apagado (0.134458ms)
✔ a proporção cai com a fonte e nunca passa a do cartão de verdade (0.072417ms)
✔ a tinta da face segue o contraste: clara no roxo, escura no amarelo (4.22525ms)
✔ todo emissor tem texto principal e secundário legíveis (≥ 4,5:1) em todo o metal (10.015125ms)
✔ os tokens da face usam a mesma opacidade e o mesmo brilho que a conta de contraste (0.5625ms)
✔ o deslize anda no máximo um cartão e respeita a intenção do dedo (0.079042ms)
✔ além das pontas o carrossel cede um terço do dedo (0.047625ms)
✔ o toque acha o cartão que está debaixo do dedo, com o carrossel onde ele está (0.064791ms)
✔ a face comporta o conteúdo MEDIDO em cada tamanho de fonte do iPhone (0.053708ms)
(node:14569) [MODULE_TYPELESS_PACKAGE_JSON] Warning: Module type of file:///Users/gabrielalmeidadias/Documents/Empresas/ProOps/DEV/Personal-ProOps-app/src/design/contrast.test.ts is not specified and it doesn't parse as CommonJS.
Reparsing as ES module because module syntax was detected. This incurs a performance overhead.
To eliminate this warning, add "type": "module" to /Users/gabrielalmeidadias/Documents/Empresas/ProOps/DEV/Personal-ProOps-app/package.json.
(Use `node --trace-warnings ...` to show where the warning was created)
✔ contraste da paleta light (1.55925ms)
✔ contraste da paleta dark (2.221083ms)
✔ os dois temas declaram os mesmos papéis de cor (0.475833ms)
✔ contrast() confere com a referência WCAG (0.141583ms)
(node:14570) [MODULE_TYPELESS_PACKAGE_JSON] Warning: Module type of file:///Users/gabrielalmeidadias/Documents/Empresas/ProOps/DEV/Personal-ProOps-app/src/design/donut-math.test.ts is not specified and it doesn't parse as CommonJS.
Reparsing as ES module because module syntax was detected. This incurs a performance overhead.
To eliminate this warning, add "type": "module" to /Users/gabrielalmeidadias/Documents/Empresas/ProOps/DEV/Personal-ProOps-app/package.json.
(Use `node --trace-warnings ...` to show where the warning was created)
✔ as fatias seguem a ordem do maior e cobrem a volta com respiro (0.692459ms)
✔ acima de seis, o resto vira "outras" no último tom (0.095667ms)
✔ uma fatia só fecha a volta (0.048875ms)
✔ zero e negativo não entram (0.039709ms)
✔ o toque acha a fatia pelo ângulo e ignora o furo (0.217458ms)
✔ a fatia com cor de categoria usa a cor, ela viaja com a categoria na ordenação, e "outras" fica no cinza (0.075708ms)
(node:14571) [MODULE_TYPELESS_PACKAGE_JSON] Warning: Module type of file:///Users/gabrielalmeidadias/Documents/Empresas/ProOps/DEV/Personal-ProOps-app/src/design/note-face.test.ts is not specified and it doesn't parse as CommonJS.
Reparsing as ES module because module syntax was detected. This incurs a performance overhead.
To eliminate this warning, add "type": "module" to /Users/gabrielalmeidadias/Documents/Empresas/ProOps/DEV/Personal-ProOps-app/package.json.
(Use `node --trace-warnings ...` to show where the warning was created)
✔ negrito sobe o peso, itálico escolhe a face inclinada (0.557875ms)
✔ negrito dentro de um título (600) sobe para 700 — senão não faz nada visível (0.087708ms)
✔ mono ganha da combinação inteira (0.072666ms)
✔ riscado é decoração, não família (0.077958ms)
(node:14572) [MODULE_TYPELESS_PACKAGE_JSON] Warning: Module type of file:///Users/gabrielalmeidadias/Documents/Empresas/ProOps/DEV/Personal-ProOps-app/src/design/note-surface.test.ts is not specified and it doesn't parse as CommonJS.
Reparsing as ES module because module syntax was detected. This incurs a performance overhead.
To eliminate this warning, add "type": "module" to /Users/gabrielalmeidadias/Documents/Empresas/ProOps/DEV/Personal-ProOps-app/package.json.
(Use `node --trace-warnings ...` to show where the warning was created)
✔ light: as oito cores pintam o cartão e o texto continua legível (0.891458ms)
✔ dark: as oito cores pintam o cartão e o texto continua legível (0.208125ms)
(node:14573) [MODULE_TYPELESS_PACKAGE_JSON] Warning: Module type of file:///Users/gabrielalmeidadias/Documents/Empresas/ProOps/DEV/Personal-ProOps-app/src/design/preview-account-balances.test.ts is not specified and it doesn't parse as CommonJS.
Reparsing as ES module because module syntax was detected. This incurs a performance overhead.
To eliminate this warning, add "type": "module" to /Users/gabrielalmeidadias/Documents/Empresas/ProOps/DEV/Personal-ProOps-app/package.json.
(Use `node --trace-warnings ...` to show where the warning was created)
✔ preview account balances satisfy the same cash contract as production (0.651125ms)
(node:14574) [MODULE_TYPELESS_PACKAGE_JSON] Warning: Module type of file:///Users/gabrielalmeidadias/Documents/Empresas/ProOps/DEV/Personal-ProOps-app/src/design/preview-finance-analysis.test.ts is not specified and it doesn't parse as CommonJS.
Reparsing as ES module because module syntax was detected. This incurs a performance overhead.
To eliminate this warning, add "type": "module" to /Users/gabrielalmeidadias/Documents/Empresas/ProOps/DEV/Personal-ProOps-app/package.json.
(Use `node --trace-warnings ...` to show where the warning was created)
✔ analysis QA seeds exact hook keys and internally consistent money (3.021167ms)
(node:14575) [MODULE_TYPELESS_PACKAGE_JSON] Warning: Module type of file:///Users/gabrielalmeidadias/Documents/Empresas/ProOps/DEV/Personal-ProOps-app/src/design/preview-finance-cache.test.ts is not specified and it doesn't parse as CommonJS.
Reparsing as ES module because module syntax was detected. This incurs a performance overhead.
To eliminate this warning, add "type": "module" to /Users/gabrielalmeidadias/Documents/Empresas/ProOps/DEV/Personal-ProOps-app/package.json.
(Use `node --trace-warnings ...` to show where the warning was created)
✔ preview seeds the period queries Finance actually requests (2.842458ms)
(node:14576) [MODULE_TYPELESS_PACKAGE_JSON] Warning: Module type of file:///Users/gabrielalmeidadias/Documents/Empresas/ProOps/DEV/Personal-ProOps-app/src/design/preview-root.test.ts is not specified and it doesn't parse as CommonJS.
Reparsing as ES module because module syntax was detected. This incurs a performance overhead.
To eliminate this warning, add "type": "module" to /Users/gabrielalmeidadias/Documents/Empresas/ProOps/DEV/Personal-ProOps-app/package.json.
(Use `node --trace-warnings ...` to show where the warning was created)
✔ QA deep links select only the five tab roots (0.968667ms)
✔ QA can open the real invoice route without exposing pushed-route chrome (0.155667ms)
(node:14577) [MODULE_TYPELESS_PACKAGE_JSON] Warning: Module type of file:///Users/gabrielalmeidadias/Documents/Empresas/ProOps/DEV/Personal-ProOps-app/src/design/reorder-math.test.ts is not specified and it doesn't parse as CommonJS.
Reparsing as ES module because module syntax was detected. This incurs a performance overhead.
To eliminate this warning, add "type": "module" to /Users/gabrielalmeidadias/Documents/Empresas/ProOps/DEV/Personal-ProOps-app/package.json.
(Use `node --trace-warnings ...` to show where the warning was created)
✔ a posição soma as alturas medidas mais o respiro (1.497792ms)
✔ altura ainda não medida conta zero e não estoura (0.101417ms)
✔ o slot sai do CENTRO do item arrastado, não do topo (0.104708ms)
✔ arrastar para fora das pontas gruda na primeira e na última (1.400041ms)
✔ a grade é aritmética exata: índice vira linha e coluna (0.624833ms)
✔ na grade o slot é o ladrilho mais próximo, preso dentro dos dados (0.186416ms)
✔ só o irmão ENTRE a origem e o destino anda, e anda UM slot (0.085125ms)
✔ sem arrasto em curso ninguém se mexe (0.069125ms)
✔ o item arrastado acaba exatamente no slot que o leque abriu (0.152791ms)
✔ no meio da tela o auto-scroll fica parado (0.137125ms)
✔ perto do topo ele sobe, e mais rápido quanto mais perto (0.117291ms)
✔ o pé da faixa desconta a DOCK — senão o dedo nunca alcança (0.092708ms)
(node:14578) [MODULE_TYPELESS_PACKAGE_JSON] Warning: Module type of file:///Users/gabrielalmeidadias/Documents/Empresas/ProOps/DEV/Personal-ProOps-app/src/design/sparkline-geometry.test.ts is not specified and it doesn't parse as CommonJS.
Reparsing as ES module because module syntax was detected. This incurs a performance overhead.
To eliminate this warning, add "type": "module" to /Users/gabrielalmeidadias/Documents/Empresas/ProOps/DEV/Personal-ProOps-app/package.json.
(Use `node --trace-warnings ...` to show where the warning was created)
✔ a escala põe as pontas no respiro e o maior valor mais alto (0.378875ms)
✔ série plana não divide por zero (0.062125ms)
✔ comparison shares the vertical scale and preserves the chronological width (0.055375ms)
✔ menos de dois pontos ou largura zero não têm escala (0.047625ms)
✔ o índice do dedo prende nas pontas (0.056083ms)
✔ o rótulo fica dentro da largura (0.044084ms)
(node:14579) [MODULE_TYPELESS_PACKAGE_JSON] Warning: Module type of file:///Users/gabrielalmeidadias/Documents/Empresas/ProOps/DEV/Personal-ProOps-app/src/design/tab-pill.test.ts is not specified and it doesn't parse as CommonJS.
Reparsing as ES module because module syntax was detected. This incurs a performance overhead.
To eliminate this warning, add "type": "module" to /Users/gabrielalmeidadias/Documents/Empresas/ProOps/DEV/Personal-ProOps-app/package.json.
(Use `node --trace-warnings ...` to show where the warning was created)
✔ a folga deixa o círculo encostar no respiro da pílula, nunca passar dele (0.649083ms)
✔ dentro da faixa a posição da mola passa intacta (0.1135ms)
✔ slot pequeno demais não dá folga negativa (0.068084ms)
✔ a distância da aba satura em um slot (0.079667ms)
✔ o alvo ocupa o slot no celular, mas não a faixa vazia entre ícones no tablet (0.079083ms)
✔ rótulos vizinhos nunca ficam a menos do vão mínimo, em nenhuma largura de celular (0.142791ms)
✔ com espaço sobrando, o rótulo segue a fonte do sistema até 1,15× (0.523959ms)
(node:14580) [MODULE_TYPELESS_PACKAGE_JSON] Warning: Module type of file:///Users/gabrielalmeidadias/Documents/Empresas/ProOps/DEV/Personal-ProOps-app/src/design/tablet-accounts.test.ts is not specified and it doesn't parse as CommonJS.
Reparsing as ES module because module syntax was detected. This incurs a performance overhead.
To eliminate this warning, add "type": "module" to /Users/gabrielalmeidadias/Documents/Empresas/ProOps/DEV/Personal-ProOps-app/package.json.
(Use `node --trace-warnings ...` to show where the warning was created)
✔ accounts keeps the ledger primary and decision support secondary on tablets (1.007916ms)
✔ accounts tablet support does not duplicate ledger sections (0.242709ms)
(node:14581) [MODULE_TYPELESS_PACKAGE_JSON] Warning: Module type of file:///Users/gabrielalmeidadias/Documents/Empresas/ProOps/DEV/Personal-ProOps-app/src/design/tablet-cards.test.ts is not specified and it doesn't parse as CommonJS.
Reparsing as ES module because module syntax was detected. This incurs a performance overhead.
To eliminate this warning, add "type": "module" to /Users/gabrielalmeidadias/Documents/Empresas/ProOps/DEV/Personal-ProOps-app/package.json.
(Use `node --trace-warnings ...` to show where the warning was created)
✔ cards keeps compact reading order and composes a measured tablet decision workspace (0.764292ms)
(node:14582) [MODULE_TYPELESS_PACKAGE_JSON] Warning: Module type of file:///Users/gabrielalmeidadias/Documents/Empresas/ProOps/DEV/Personal-ProOps-app/src/design/tablet-transactions.test.ts is not specified and it doesn't parse as CommonJS.
Reparsing as ES module because module syntax was detected. This incurs a performance overhead.
To eliminate this warning, add "type": "module" to /Users/gabrielalmeidadias/Documents/Empresas/ProOps/DEV/Personal-ProOps-app/package.json.
(Use `node --trace-warnings ...` to show where the warning was created)
✔ transaction workspace keeps the native ledger below the safe two-pane width (0.32725ms)
✔ transactions uses a virtualized ledger beside contextual controls only in wide windows (0.266333ms)
(node:14583) [MODULE_TYPELESS_PACKAGE_JSON] Warning: Module type of file:///Users/gabrielalmeidadias/Documents/Empresas/ProOps/DEV/Personal-ProOps-app/src/design/tile-math.test.ts is not specified and it doesn't parse as CommonJS.
Reparsing as ES module because module syntax was detected. This incurs a performance overhead.
To eliminate this warning, add "type": "module" to /Users/gabrielalmeidadias/Documents/Empresas/ProOps/DEV/Personal-ProOps-app/package.json.
(Use `node --trace-warnings ...` to show where the warning was created)
✔ tamanho normal: Entra e Sai cabem lado a lado (0.652042ms)
✔ valor que precisaria encolher mais que o limite pede a linha inteira (0.103833ms)
✔ palavra que não cabe na metade pede a linha inteira (nunca "Orçament/os") (0.076ms)
✔ a fileira empilha TODOS quando o maior mínimo não cabe na metade — e só então (0.101792ms)
(node:14584) [MODULE_TYPELESS_PACKAGE_JSON] Warning: Module type of file:///Users/gabrielalmeidadias/Documents/Empresas/ProOps/DEV/Personal-ProOps-app/src/design/wallet-stage.test.ts is not specified and it doesn't parse as CommonJS.
Reparsing as ES module because module syntax was detected. This incurs a performance overhead.
To eliminate this warning, add "type": "module" to /Users/gabrielalmeidadias/Documents/Empresas/ProOps/DEV/Personal-ProOps-app/package.json.
(Use `node --trace-warnings ...` to show where the warning was created)
✔ the wallet keeps phone geometry and bounds the tablet carousel (0.589541ms)
✔ the measured stage is centered and a resize follows the current card (0.380959ms)
(node:14585) [MODULE_TYPELESS_PACKAGE_JSON] Warning: Module type of file:///Users/gabrielalmeidadias/Documents/Empresas/ProOps/DEV/Personal-ProOps-app/src/design/wave-math.test.ts is not specified and it doesn't parse as CommonJS.
Reparsing as ES module because module syntax was detected. This incurs a performance overhead.
To eliminate this warning, add "type": "module" to /Users/gabrielalmeidadias/Documents/Empresas/ProOps/DEV/Personal-ProOps-app/package.json.
(Use `node --trace-warnings ...` to show where the warning was created)
✔ cobrir: em 1 não há nada na tela, em 0 a tela inteira está coberta (0.775ms)
✔ revelar: em 0 a tela inteira está coberta, em 1 não há nada (0.074542ms)
✔ as duas fases andam para CIMA: a borda sobe enquanto a cobertura cresce e enquanto some (0.090875ms)
✔ a curva é mais funda no meio do caminho do que nas pontas (15.73875ms)
✔ o círculo cobre a tela inteira a partir de qualquer origem (0.306208ms)
✔ a curva de tempo vai de 0 a 1 sem sair do intervalo (0.087625ms)
✔ a capa para com a linha de base em 17% da altura (4.37875ms)
✔ a altura da capa é o ponto mais baixo da borda (o fundo da barriga) (0.95775ms)
(node:14586) [MODULE_TYPELESS_PACKAGE_JSON] Warning: Module type of file:///Users/gabrielalmeidadias/Documents/Empresas/ProOps/DEV/Personal-ProOps-app/src/lib/abas.test.ts is not specified and it doesn't parse as CommonJS.
Reparsing as ES module because module syntax was detected. This incurs a performance overhead.
To eliminate this warning, add "type": "module" to /Users/gabrielalmeidadias/Documents/Empresas/ProOps/DEV/Personal-ProOps-app/package.json.
(Use `node --trace-warnings ...` to show where the warning was created)
✔ A rota (tabs) tem o título da aba ativa — é o que o "voltar" do iOS lê (0.33725ms)
✔ As duas tab bars leem o rótulo da mesma lista (0.191ms)
(node:14587) [MODULE_TYPELESS_PACKAGE_JSON] Warning: Module type of file:///Users/gabrielalmeidadias/Documents/Empresas/ProOps/DEV/Personal-ProOps-app/src/lib/account-cash.test.ts is not specified and it doesn't parse as CommonJS.
Reparsing as ES module because module syntax was detected. This incurs a performance overhead.
To eliminate this warning, add "type": "module" to /Users/gabrielalmeidadias/Documents/Empresas/ProOps/DEV/Personal-ProOps-app/package.json.
(Use `node --trace-warnings ...` to show where the warning was created)
✔ o total é a soma EXATA das linhas mostradas (14.621541ms)
✔ cartão e investimento ficam de fora — não são caixa (0.607625ms)
✔ o lançamento SEM conta entra como linha, e por isso o total continua fechando (0.877416ms)
✔ o que ainda vai cair não entra no total — ele vira aReceber (0.128291ms)
✔ conta zerada e sem nada a receber não vira linha (0.127709ms)
(node:14588) [MODULE_TYPELESS_PACKAGE_JSON] Warning: Module type of file:///Users/gabrielalmeidadias/Documents/Empresas/ProOps/DEV/Personal-ProOps-app/src/lib/account-creation.test.ts is not specified and it doesn't parse as CommonJS.
Reparsing as ES module because module syntax was detected. This incurs a performance overhead.
To eliminate this warning, add "type": "module" to /Users/gabrielalmeidadias/Documents/Empresas/ProOps/DEV/Personal-ProOps-app/package.json.
(Use `node --trace-warnings ...` to show where the warning was created)
✔ F02: a lost response freezes the original request; changing fields cannot create a second account (1638.552ms)
✔ F02: concurrent identical submissions share one request and a frozen input snapshot (779.041875ms)
✔ F02: proven SQL rollbacks release the attempt; transport and malformed responses retain it (8169.022792ms)
✔ F02: archived/unavailable acknowledgments retain identity and invalidate financial caches without clearing others (1331.70175ms)
✔ F02: incomplete or invalid current account rows retain the original attempt for replay (10161.231ms)
✔ F02: acknowledgment validates current shape without undoing a later rename, type or signed balance edit (762.481333ms)
✔ F02: replay confirms current nullable card days after a lost response without replacing the original payload (1655.728292ms)
✔ F02: rollback de um retry não descarta a intenção de um envio anterior sem confirmação (1980.630417ms)
(node:14589) [MODULE_TYPELESS_PACKAGE_JSON] Warning: Module type of file:///Users/gabrielalmeidadias/Documents/Empresas/ProOps/DEV/Personal-ProOps-app/src/lib/account-form.test.ts is not specified and it doesn't parse as CommonJS.
Reparsing as ES module because module syntax was detected. This incurs a performance overhead.
To eliminate this warning, add "type": "module" to /Users/gabrielalmeidadias/Documents/Empresas/ProOps/DEV/Personal-ProOps-app/package.json.
(Use `node --trace-warnings ...` to show where the warning was created)
✔ shared account defaults are fresh, zero-valued and respect the chosen type (0.551542ms)
✔ account editing initializes current balance and preserves the existing initial adjustment (0.213125ms)
✔ account validation rejects fractional unsafe or negative money and unsafe adjustment (0.4745ms)
✔ card days are integers 1 through 31, limit safe nonnegative and rate a percentage (0.164958ms)
✔ noncard payload clears card fields and only checking uses a negative sign (0.068125ms)
✔ duplicate name error differs from network and preserves intentional domain errors (0.102083ms)
✔ new cards discard hidden bank balances and card edits preserve their seed despite debt (0.083208ms)
✔ bank to card without transactions preserves the existing signed seed instead of discarding cash (0.088666ms)
✔ card to checking without transactions preserves signed balance and clears card-specific fields (0.1195ms)
✔ editing a negative account cannot silently flip its sign by selecting an unsigned type (0.279083ms)
(node:14590) [MODULE_TYPELESS_PACKAGE_JSON] Warning: Module type of file:///Users/gabrielalmeidadias/Documents/Empresas/ProOps/DEV/Personal-ProOps-app/src/lib/account-picker-query.test.ts is not specified and it doesn't parse as CommonJS.
Reparsing as ES module because module syntax was detected. This incurs a performance overhead.
To eliminate this warning, add "type": "module" to /Users/gabrielalmeidadias/Documents/Empresas/ProOps/DEV/Personal-ProOps-app/package.json.
(Use `node --trace-warnings ...` to show where the warning was created)
✔ F03: muitas instâncias do seletor compartilham uma RPC por recurso no cache real (1722.395375ms)
✔ F03: recurso desabilitado não busca nem mesmo quando o outro recurso está montado (882.182917ms)
(node:14591) [MODULE_TYPELESS_PACKAGE_JSON] Warning: Module type of file:///Users/gabrielalmeidadias/Documents/Empresas/ProOps/DEV/Personal-ProOps-app/src/lib/accounts.test.ts is not specified and it doesn't parse as CommonJS.
Reparsing as ES module because module syntax was detected. This incurs a performance overhead.
To eliminate this warning, add "type": "module" to /Users/gabrielalmeidadias/Documents/Empresas/ProOps/DEV/Personal-ProOps-app/package.json.
(Use `node --trace-warnings ...` to show where the warning was created)
✔ o cartão diz que é cartão — foi o que custou R$ 4.000 em produção (1.386667ms)
✔ nome que já diz o tipo não repete (0.151583ms)
✔ os outros tipos também aparecem — a regra não é só sobre cartão (0.100083ms)
✔ sem conta e tipo desconhecido não quebram a tela (0.07425ms)
✔ O saldo de UMA conta: dinheiro mostra o confirmado; cartão, o total (24/09/2026) (7.8725ms)
✔ editar o saldo atual anda o inicial pela diferença, e sem mexer não muda nada (0.082708ms)
✔ filtros e formulários distinguem cartão, conta histórica e ausência com o mesmo seletor (0.88475ms)
✔ F02: confirma origem por UUID e compatibilidade atual, sem adotar por nome (0.128375ms)
✔ F02: resultado tardio, arquivado, apagado ou com identidade divergente não sobrescreve origem (0.106458ms)
✔ F03: saldo é confirmado com sinal; limite vem de todas as obrigações, não da fatura visível (3.492417ms)
✔ F03: zero explícito é um valor; limite ausente não é zero nem ilimitado (0.256709ms)
✔ F03: carregamento, erro e pausa conservam opções sem inventar dinheiro (0.183333ms)
✔ F03: refetch tem valor sinalizado; erro posterior não apresenta cache antigo como atual (0.129916ms)
✔ F03: inteiro seguro é obrigatório; strings SQL inteiras são aceitas sem perda (0.38075ms)
✔ F03: ocultação fixa protege saldo, sinal e limite sem chamar o formatador (0.154917ms)
✔ F03: conta arquivada não recebe número atual e consulta por ID distingue nomes iguais (0.103916ms)
✔ F03: exposição legada incompleta não anuncia limite disponível canônico (0.076667ms)
✔ F03: contrato de qualidade inválido não apresenta número como confirmado (0.072959ms)
(node:14592) [MODULE_TYPELESS_PACKAGE_JSON] Warning: Module type of file:///Users/gabrielalmeidadias/Documents/Empresas/ProOps/DEV/Personal-ProOps-app/src/lib/agent-chat.test.ts is not specified and it doesn't parse as CommonJS.
Reparsing as ES module because module syntax was detected. This incurs a performance overhead.
To eliminate this warning, add "type": "module" to /Users/gabrielalmeidadias/Documents/Empresas/ProOps/DEV/Personal-ProOps-app/package.json.
(Use `node --trace-warnings ...` to show where the warning was created)
✔ newClientMessageId monta um UUID v4 a partir dos 16 bytes recebidos (9.899291ms)
✔ os bits de versão e variant são aplicados mesmo com bytes todos 0xff (0.356292ms)
✔ bytes diferentes geram ids diferentes (0.421875ms)
✔ só os 16 bytes entram: a mesma semente devolve o mesmo id (0.156375ms)
✔ defaultRandomBytes prefere o CSPRNG quando ele existe (0.131ms)
✔ sem CSPRNG cai no fallback e ainda preenche os 16 bytes (5.481833ms)
✔ o retry reaproveita o UUID já guardado na mensagem falha (0.05875ms)
✔ mensagem vazia ou só com espaço não envia (0.065208ms)
✔ mensagem no limite envia e acima não (0.048083ms)
✔ o limite conta o texto TRIMADO, que é o que o servidor recebe (0.078375ms)
✔ título vazio ou acima de 80 não salva (0.050292ms)
✔ páginas de conversas concatenam sem duplicar id (0.336542ms)
✔ a conversa repetida fica com a versão MAIS NOVA (0.038083ms)
✔ página antiga entra ANTES sem mudar a ordem (0.064542ms)
✔ sequence repetido não duplica (0.060417ms)
✔ mensagem local sem sequence sobrevive à chegada da página (0.033917ms)
✔ isNearChatEnd distingue 80px do fim (0.179542ms)
✔ gravação com apenas ruído de fundo não é enviada ao transcritor (0.126792ms)
✔ 402 abre paywall e não oferece nova tentativa (0.07625ms)
✔ 409 mantém o composer bloqueado e é retentável (0.045125ms)
✔ 429 é retentável sem paywall (0.037ms)
✔ falha de rede é retentável (0.041167ms)
✔ 422 e 404 não são retentáveis: repetir dá o mesmo erro (0.043834ms)
✔ 500 é retentável (0.03875ms)
✔ pergunta já resolvida desabilita TODOS os controles (0.06ms)
✔ payload sem pending_id não tem controle para habilitar (0.035167ms)
✔ turno em andamento também desabilita (0.050334ms)
✔ 200 não renova nada (0.160209ms)
✔ 401 renova UMA vez e repete com o token novo (0.073959ms)
✔ 401 no retry encerra a sessão e NÃO tenta uma terceira vez (0.100791ms)
✔ refresh que falha encerra a sessão sem tentar de novo (0.068875ms)
✔ erro que não é 401 passa direto, sem renovar (0.147708ms)
✔ composer bloqueia vazio, acima do limite e turno ativo, mas deixa corrigir proposta aberta (0.066ms)
✔ a conversa criada vira a rota do id, não uma tela nova (0.0425ms)
✔ confirmação simples vira approve e reject (0.178959ms)
✔ candidatos viram choose com o id que o servidor congelou (0.094125ms)
✔ lista longa vira linhas com descrição (0.067292ms)
✔ opção de OUTRA pergunta é descartada (0.094083ms)
✔ payload sem pendente não rende botão nenhum (0.05825ms)
✔ a lista de cartões do rascunho vira botões (0.155459ms)
✔ o sufixo do rascunho não é interpretado na tela (0.079792ms)
✔ botão de OUTRO rascunho é descartado (0.066958ms)
✔ um payload não empresta o id do outro (0.053125ms)
✔ pergunta de rascunho respondida deixa os controles inertes (0.090541ms)
✔ resolvido e expirado deixam os controles inertes (0.047ms)
✔ o negrito do WhatsApp vira trecho, não asterisco na tela (0.186875ms)
✔ asterisco solto continua sendo asterisco (0.076708ms)
✔ o par não atravessa quebra de linha (0.040292ms)
✔ o preview da lista sai sem a marcação (0.056708ms)
✔ abrirConversaNova navega no mesmo toque, mesmo com o envio nunca resolvendo (0.147875ms)
✔ a semente tem o formato do useInfiniteQuery e a mensagem local sem sequence (0.915833ms)
✔ histórico: cache vazio busca; só a mensagem local não busca; com servidor busca (0.082083ms)
✔ aplicarTurno troca a local pela do servidor sem duplicar e sem apagar resposta do agente (0.12175ms)
✔ aplicarTurno encaixa na página MAIS NOVA (a primeira), não na mais antiga (0.039167ms)
✔ marcarTurnoLocal muda só a mensagem daquele turno (0.063916ms)
✔ retry: sem nada do servidor recria com o mesmo id; depois, envia (0.737667ms)
✔ falha do turno: 404 sai sem retry, 422 sem retry, rede com texto de rede (0.175ms)
✔ título provisório segue a regra do servidor: 1ª linha não vazia, colapsada, 48 (0.18025ms)
✔ duplo toque no mesmo quadro abre UMA conversa só (0.142791ms)
✔ trava do toque libera no próximo quadro mesmo se o envio lançar (0.291125ms)
✔ compositor trava enquanto a conversa não existe no servidor (0.145875ms)
✔ marcarTurnoLocal renova o created_at quando o patch traz um (0.048958ms)
✔ not_configured não vira "sem conexão" com retry (0.06175ms)
✔ marcarTurnoLocal reabre também a mensagem que o servidor já gravou (0.05625ms)
(node:14594) [MODULE_TYPELESS_PACKAGE_JSON] Warning: Module type of file:///Users/gabrielalmeidadias/Documents/Empresas/ProOps/DEV/Personal-ProOps-app/src/lib/agent-navigation.test.ts is not specified and it doesn't parse as CommonJS.
Reparsing as ES module because module syntax was detected. This incurs a performance overhead.
To eliminate this warning, add "type": "module" to /Users/gabrielalmeidadias/Documents/Empresas/ProOps/DEV/Personal-ProOps-app/package.json.
(Use `node --trace-warnings ...` to show where the warning was created)
✔ components/app-tabs.tsx tem os cinco destinos na ordem canônica (0.785ms)
✔ components/app-tabs.tsx declara cada destino uma vez só (0.767125ms)
✔ components/app-tabs.android.tsx tem os cinco destinos na ordem canônica (0.186459ms)
✔ components/app-tabs.android.tsx declara cada destino uma vez só (0.268542ms)
✔ components/app-tabs.web.tsx tem os cinco destinos na ordem canônica (0.236708ms)
✔ components/app-tabs.web.tsx declara cada destino uma vez só (0.249ms)
✔ o Android navega para os cinco hrefs, na mesma ordem (0.218625ms)
✔ a pílula inferior do Android recebe a seleção da rota em qualquer largura (1.087375ms)
✔ a vitrine visual monta as cinco raízes (0.538833ms)
✔ a vitrine Android mostra a mesma pílula inferior das raízes (1.37725ms)
✔ a aba do agente usa os SF Symbols que estão no mapa do Icon (0.246166ms)
✔ a lista lateral da aba do Agente EMPURRA a conversa (com replace ela sumia com as abas) (0.112583ms)
(node:14595) [MODULE_TYPELESS_PACKAGE_JSON] Warning: Module type of file:///Users/gabrielalmeidadias/Documents/Empresas/ProOps/DEV/Personal-ProOps-app/src/lib/agent-sql-columns.test.ts is not specified and it doesn't parse as CommonJS.
Reparsing as ES module because module syntax was detected. This incurs a performance overhead.
To eliminate this warning, add "type": "module" to /Users/gabrielalmeidadias/Documents/Empresas/ProOps/DEV/Personal-ProOps-app/package.json.
(Use `node --trace-warnings ...` to show where the warning was created)
✔ todo insert do agente escreve em coluna que existe (19.040458ms)
(node:14596) [MODULE_TYPELESS_PACKAGE_JSON] Warning: Module type of file:///Users/gabrielalmeidadias/Documents/Empresas/ProOps/DEV/Personal-ProOps-app/src/lib/ai-channel-contract.test.ts is not specified and it doesn't parse as CommonJS.
Reparsing as ES module because module syntax was detected. This incurs a performance overhead.
To eliminate this warning, add "type": "module" to /Users/gabrielalmeidadias/Documents/Empresas/ProOps/DEV/Personal-ProOps-app/package.json.
(Use `node --trace-warnings ...` to show where the warning was created)
✔ o serviço Python exige o canal e grava as duas colunas (0.711792ms)
(node:14597) [MODULE_TYPELESS_PACKAGE_JSON] Warning: Module type of file:///Users/gabrielalmeidadias/Documents/Empresas/ProOps/DEV/Personal-ProOps-app/src/lib/alert-history.test.ts is not specified and it doesn't parse as CommonJS.
Reparsing as ES module because module syntax was detected. This incurs a performance overhead.
To eliminate this warning, add "type": "module" to /Users/gabrielalmeidadias/Documents/Empresas/ProOps/DEV/Personal-ProOps-app/package.json.
(Use `node --trace-warnings ...` to show where the warning was created)
✔ combina o mesmo alerta entregue por push e WhatsApp (1.155917ms)
✔ não combina alertas de workspaces diferentes (0.117125ms)
✔ mantém uma entrega antiga sem canal reconhecido (0.098625ms)
✔ o número do sino: visíveis e não lidos, com marco e lista nos dois lados (0.201875ms)
✔ abrir o histórico marca o mais novo da lista, fora de ordem ou não (0.102959ms)
(node:14598) [MODULE_TYPELESS_PACKAGE_JSON] Warning: Module type of file:///Users/gabrielalmeidadias/Documents/Empresas/ProOps/DEV/Personal-ProOps-app/src/lib/alert-preferences-contract.test.ts is not specified and it doesn't parse as CommonJS.
Reparsing as ES module because module syntax was detected. This incurs a performance overhead.
To eliminate this warning, add "type": "module" to /Users/gabrielalmeidadias/Documents/Empresas/ProOps/DEV/Personal-ProOps-app/package.json.
(Use `node --trace-warnings ...` to show where the warning was created)
✔ desligar aviso financeiro não apaga a capacidade de push (0.845875ms)
(node:14611) [MODULE_TYPELESS_PACKAGE_JSON] Warning: Module type of file:///Users/gabrielalmeidadias/Documents/Empresas/ProOps/DEV/Personal-ProOps-app/src/lib/anti-slop.test.ts is not specified and it doesn't parse as CommonJS.
Reparsing as ES module because module syntax was detected. This incurs a performance overhead.
To eliminate this warning, add "type": "module" to /Users/gabrielalmeidadias/Documents/Empresas/ProOps/DEV/Personal-ProOps-app/package.json.
(Use `node --trace-warnings ...` to show where the warning was created)
✔ nenhuma cor hardcoded fora de constants/theme.ts (32.926959ms)
✔ nenhum fontSize solto fora de design/tokens.ts (25.118667ms)
✔ nenhum fontWeight solto — peso é FAMÍLIA, não número (102.475292ms)
✔ nenhuma face do tipo antigo sobrou (110.506333ms)
✔ campo de ação como FUNDO é tintFill, nunca tint (90.17775ms)
✔ rgba/hsl literais também não passam (84.556833ms)
✔ nenhum onAuthStateChange fora de hooks/use-session.tsx (75.117459ms)
✔ nenhum rótulo truncado — texto quebra, layout cede (45.893042ms)
✔ nenhum Canvas do Skia fora de ui/skia-canvas.tsx (28.040833ms)
✔ SkiaCanvas lê PixelRatio no carregamento do módulo, não a cada render (1.77525ms)
✔ nenhuma chamada a Edge Function no app (123.326167ms)
✔ nenhuma leitura do app usa RPC de projeção linha-por-dia (66.475042ms)
✔ hint de Field cabe em duas linhas (19.792583ms)
✔ botão ghost só como par do primário (101.621291ms)
✔ placeholder de busca cabe em uma linha (22.343291ms)
✔ nenhuma tela compõe variante de texto com spread de Type (76.725917ms)
✔ nenhum glifo de texto fazendo papel de ícone (27.686334ms)
✔ nenhuma tela desenha o próprio campo de texto (32.697833ms)
✔ nenhuma tela monta lista de conta à mão (108.184625ms)
✔ nenhuma tela declara HeaderActions e HeaderMenu juntos (6.585958ms)
✔ useRecentTransactions só lista o que já aconteceu (0.572625ms)
✔ mês de ciclo nunca vem de currentMonth() (45.547292ms)
✔ todo Sheet abre com TaskHeader (81.024208ms)
✔ nenhuma tela monta headerLeft (54.584541ms)
✔ nenhuma tela desenha o próprio botão de fechar (50.034875ms)
✔ Segmented não passa de 4 opções (23.280542ms)
✔ toda tela de conteúdo usa <Screen> (4.808959ms)
✔ createAnimatedComponent(Pressable) só com estilo estático (84.855542ms)
✔ o resumo e a lista de lançamentos leem a mesma janela (77.11475ms)
✔ o portão de carregamento só aceita consulta, nunca booleano (54.253416ms)
✔ valor em texto visível passa por Money ou useBRL (22.247542ms)
✔ toda face de Fonts está carregada no _layout raiz (0.264917ms)
✔ a paleta de nota e o CHECK do banco dizem a mesma coisa (0.969042ms)
✔ header translúcido na raiz, nenhum título grande, nenhuma tela opaca por cima (168.731875ms)
✔ nenhuma tela decide "previsto" pelo status (18.281333ms)
✔ LinearTransition só mora em components/motion/transicao.ts (16.965666ms)
✔ título de seção fica a Space.md do conteúdo, no Section e em volta de todo SectionHead e BlockHeader (73.023959ms)
✔ Switch de formulário só pelo SwitchRow (42.1975ms)
✔ frase com dinheiro não é montada em peças numa linha que quebra (91.428958ms)
✔ o título da linha de extrato tem o mesmo piso de largura do título da Row (0.152125ms)
✔ card que arrasta tem press-in: o filho do Deslizavel é PressableScale ou desenha o pressionado (3.257458ms)
✔ Placeholder é exemplo ("Ex.: …") ou instrução, nunca dado que parece preenchido (15.603125ms)
✔ Busca nativa do iOS não esconde a barra de navegação (o "(tabs)" de 24/09/2026) (0.084292ms)
✔ Botão do painel do arrasto é Tap simultâneo ao observador do dedo (iOS não recebia o toque) (0.168083ms)
✔ O item levantado no reordenar tem o raio do card: a sombra não desenha um quadrado (0.087334ms)
✔ Nenhum « » em texto do app: o termo vai em negrito ou a frase se reescreve (45.285833ms)
✔ O input invisível do Valor não prende o arrasto: não alinha o texto à direita (0.151209ms)
✔ Campo centralizado ou à direita não prende o arrasto no Android (TextField) (0.082375ms)
✔ O toast sobe acima do teclado: erro de formulário não some atrás dele (0.048417ms)
✔ Toda rolagem deixa o toque passar com o teclado aberto (keyboardShouldPersistTaps, nunca o padrão never) (12.694ms)
✔ Pagamento de dívida não troca de tipo, não vira "vou pagar depois" nem sai de cartão no formulário (0.32ms)
✔ Formulário distingue consulta pendente/erro antes de oferecer o seletor com cadastro contextual (0.199583ms)
✔ Formulário aberto por link remonta quando o registro muda (key pelo id) (68.392166ms)
✔ o nome que ficava entre « » vai em <Forte>, não solto na frase (80.972792ms)
✔ a cascata do Screen não embrulha o que não ocupa lugar na tela (0.126583ms)
✔ nome citado nem exemplo vão entre aspas: negrito onde o app desenha, frase nomeada no diálogo nativo (84.246334ms)
✔ o conteúdo que substitui o esqueleto nasce no lugar, sem voltar ao invisível (0.225666ms)
✔ as conversas do Agente são buscadas ao entrar na conta, com as MESMAS opções da aba (0.089334ms)
✔ toda tela de dados tem puxar para atualizar (3.374292ms)
✔ nenhum horário vira dia por slice (é o dia do UTC) (38.154709ms)
✔ vazio grande só onde ele é a única coisa da tela; com outra coisa, é compacto (12.415834ms)
✔ Ocorrência de série: uma data só (o vencimento), e o caminho para editar a série (0.804833ms)
✔ Em parcela, Editar abre o lançamento e oferece o alcance ao Salvar (0.265ms)
✔ O dia de um timestamp na tela é o LOCAL, nunca o recorte do UTC (24.365833ms)
✔ Juros do Pix no crédito também se edita: abre com o juro que nasceu junto e acompanha a compra (0.522417ms)
✔ Pix no crédito para conta própria: a transferência do cartão tem juro, e ele é despesa no cartão (0.602417ms)
✔ Folha com rolagem usa SheetScroll, e o conteúdo dela não soma a área segura (85.761792ms)
✔ arrasto: esquerda só tira da lista, direita nunca apaga, e apagar se chama "Apagar" (20.4405ms)
✔ Formulários sem modo hipótese: a hipótese é feita na Projeção, e o formulário só APLICA (spec 2026-09-29) (0.968333ms)
✔ Lançamento aberto pelo "Aplicar" de uma rápida: os dois caminhos de salvar a tiram do rascunho (0.4055ms)
✔ Rascunho da Projeção: a fileira de ações QUEBRA a linha (0.193167ms)
✔ Projeção: "tenho hoje" e "em N dias" QUEBRAM a linha com fonte grande (0.177667ms)
✔ TaskHeader: ação longa desce de linha antes de espremer o título (0.123417ms)
✔ MoneyField: caixa e odômetro usam a mesma escala que cabe com Dynamic Type (0.1175ms)
✔ Lançamento: com a fileira de parcelas escondida, o erro dela aparece na Conta — Salvar nunca fica mudo (0.1445ms)
✔ Ladrilho: lado a lado, e a linha inteira só quando MEDIR que não cabe (0.185ms)
✔ Legenda da curva do herói QUEBRA a linha em vez de partir a palavra (0.151167ms)
✔ BlockHeader: a contagem e a pílula crescem com a fonte (altura MÍNIMA, nunca fixa) (0.1395ms)
✔ CountUpMoney: quando o valor animado não cabe, o <Money> que o substitui ENCOLHE (nunca reticência) (0.0745ms)
✔ Atalhos do Agente: o botão tem a largura do texto (nunca "Lembret/e"), no máximo dois por linha (0.116333ms)
✔ Barra de abas do Android: parado, o círculo é do React; o Reanimated só desenha durante a troca (0.089791ms)
✔ Projeção: o caminho "detalhado" do E se saiu por inteiro (0.236333ms)
✔ Atalhos de lançamento: os menus "Lançar" são os mesmos no app inteiro (0.301541ms)
✔ A conversão passa pela RPC converter_registro e invalida o financeiro (0.200167ms)
✔ O lançamento é um corpo do formulário único: seletor no topo, criar outro no fim, e converte (0.218625ms)
✔ A tinta da categoria é cor de CONTEÚDO: sai da paleta das notas, nunca de tint/danger/warning (0.171334ms)
✔ Toda lista que desenha o ícone da categoria desenha a cor dela (useAparencia, não categoryIcon direto) (8.400042ms)
(node:14612) [MODULE_TYPELESS_PACKAGE_JSON] Warning: Module type of file:///Users/gabrielalmeidadias/Documents/Empresas/ProOps/DEV/Personal-ProOps-app/src/lib/anticipation.test.ts is not specified and it doesn't parse as CommonJS.
Reparsing as ES module because module syntax was detected. This incurs a performance overhead.
To eliminate this warning, add "type": "module" to /Users/gabrielalmeidadias/Documents/Empresas/ProOps/DEV/Personal-ProOps-app/package.json.
(Use `node --trace-warnings ...` to show where the warning was created)
✔ as últimas pegam do fim; as próximas, do começo (1.304333ms)
✔ pedir mais do que existe devolve todas; zero não devolve nada (1.819666ms)
✔ recorrente não tem fim: "as últimas" vira as próximas (0.087875ms)
✔ o valor sugerido é a soma dos valores presentes, em centavos inteiros (0.219584ms)
✔ a hipótese é um pagamento e um cancelamento por parcela, no dia de cada uma (0.367584ms)
✔ sem parcela ou sem valor, não há hipótese (0.077167ms)
✔ o horizonte precisa ir até a última parcela tirada (0.129917ms)
✔ a lista mostra um adiantamento como UMA hipótese, e tirar leva o grupo inteiro (0.224ms)
✔ editar troca a hipótese no mesmo lugar da lista, e grupo sumido entra no fim (0.198542ms)
✔ a escolha do adiantamento viaja no draft do pagamento, para a edição voltar a ela (0.181334ms)
✔ 8 parcelas escolhidas em setembro assentam no que cabe em dezembro, sem erro (0.107792ms)
✔ cada mês à frente tira UMA parcela, e ir e voltar dá sempre o mesmo número (0.207458ms)
(node:14613) [MODULE_TYPELESS_PACKAGE_JSON] Warning: Module type of file:///Users/gabrielalmeidadias/Documents/Empresas/ProOps/DEV/Personal-ProOps-app/src/lib/aos-poucos.test.ts is not specified and it doesn't parse as CommonJS.
Reparsing as ES module because module syntax was detected. This incurs a performance overhead.
To eliminate this warning, add "type": "module" to /Users/gabrielalmeidadias/Documents/Empresas/ProOps/DEV/Personal-ProOps-app/package.json.
(Use `node --trace-warnings ...` to show where the warning was created)
✔ mostra o primeiro passo e conta o que falta (0.880833ms)
✔ o último passo mostra só o que sobra (0.146625ms)
✔ lista curta não tem "ver mais" (0.234959ms)
(node:14614) [MODULE_TYPELESS_PACKAGE_JSON] Warning: Module type of file:///Users/gabrielalmeidadias/Documents/Empresas/ProOps/DEV/Personal-ProOps-app/src/lib/app-update.test.ts is not specified and it doesn't parse as CommonJS.
Reparsing as ES module because module syntax was detected. This incurs a performance overhead.
To eliminate this warning, add "type": "module" to /Users/gabrielalmeidadias/Documents/Empresas/ProOps/DEV/Personal-ProOps-app/package.json.
(Use `node --trace-warnings ...` to show where the warning was created)
✔ o atualizador de APK pertence apenas ao pacote Android de produção (0.385208ms)
✔ parseia o contrato, ignora campos novos e normaliza o sha256 (0.385583ms)
✔ notas são opcionais para manter compatibilidade com manifestos antigos (0.068042ms)
✔ recusa HTML explicitamente antes de tentar baixar qualquer APK (0.153583ms)
✔ recusa campos obrigatórios inválidos (0.094ms)
✔ limita o corpo durante a leitura, não só depois do download (2.848583ms)
✔ só versionCode estritamente maior é atualização (0.068ms)
✔ progresso é inteiro, limitado e ausente sem tamanho total (0.052084ms)
✔ grava e calcula o SHA-256 no mesmo laço, emitindo só percentuais novos (0.460167ms)
✔ apaga o APK parcial quando o hash não confere (0.2455ms)
✔ a interface mostra as notas e só oferece a próxima etapa válida (0.150291ms)
(node:14615) [MODULE_TYPELESS_PACKAGE_JSON] Warning: Module type of file:///Users/gabrielalmeidadias/Documents/Empresas/ProOps/DEV/Personal-ProOps-app/src/lib/arrasto.test.ts is not specified and it doesn't parse as CommonJS.
Reparsing as ES module because module syntax was detected. This incurs a performance overhead.
To eliminate this warning, add "type": "module" to /Users/gabrielalmeidadias/Documents/Empresas/ProOps/DEV/Personal-ProOps-app/package.json.
(Use `node --trace-warnings ...` to show where the warning was created)
✔ cada ação vai para o lado marcado, na ordem declarada (0.860792ms)
✔ "Mais" aparece quando sobra ação sem lado, e "fora" não conta (0.064375ms)
✔ submenu sem lado conta para o "Mais" (é assim que "Mover para" chega) (0.05275ms)
✔ ação desligada ou sem onPress não entra no arrasto nem no "Mais" (0.050292ms)
✔ até o fim aciona a opção da BORDA, qualquer que seja (24/09/2026) (0.055959ms)
✔ a ponta é a do painel DESENHADO: só "Mais" à esquerda, "Mais" é a ponta (0.068667ms)
✔ pouco arrastado: cada botão na largura natural, saindo de baixo do card em degraus (0.083583ms)
✔ aberto: os botões encostam um no outro, cada um na largura natural (0.046625ms)
✔ passando do painel, os botões esticam por igual e o conteúdo fica no meio de cada um (0.0565ms)
✔ até o fim, a ponta cobre o painel até o card, com o conteúdo colado na borda dele (0.088416ms)
✔ fechado, nada entra sob o card; um botão só é colado e ponta ao mesmo tempo (0.053208ms)
✔ temArrasto: só quando há algo para mostrar (0.061792ms)
✔ arrastar até o fim só vale depois do painel inteiro, e só onde há ponta (0.040208ms)
✔ um aberto por vez: abrir outro fecha o anterior, e o toque em outro só fecha (0.093208ms)
✔ card que saiu da tela não engole o primeiro toque da próxima (0.035166ms)
✔ até o fim olha o LADO: arrastar à esquerda nunca dispara a ação da direita (0.04075ms)
✔ a ponta da esquerda é o botão da BORDA (o último), não o primeiro (0.146541ms)
✔ o botão cresce com a fonte até 1,6× — acima disso o rótulo de uma palavra ainda cabe (0.13ms)
✔ o ponto de abrir é meio botão, e de um lado só (0.103292ms)
✔ "até o fim" que a mola desligou há instantes ainda vale; de propósito, não (0.062917ms)
✔ ao soltar, vale o deslocamento REAL do soltar — o quadro pode não ter visto o fim (0.093292ms)
✔ no soltar, o deslocamento é o do dedo mais a posição em que o card já estava (0.070583ms)
✔ até o fim cabe no card: a folga encolhe até meio botão para ficar em 85% da largura (0.081333ms)
✔ soltar do lado oposto ao painel aberto nunca executa; do mesmo lado, continua valendo (0.05225ms)
✔ o painel entra por baixo do canto do card: a sobra é do botão colado nele, e da ponta até o fim (0.134ms)
✔ fechado, nada aparece no canto do card: a sobra cresce com o que o card revelou (0.086042ms)
✔ o toque vira arrasto quando o dedo anda para o LADO — e aí o card não abre o item (0.064ms)
✔ o card aberto sabe que está aberto: o toque nele só fecha (0.071459ms)
(node:14616) [MODULE_TYPELESS_PACKAGE_JSON] Warning: Module type of file:///Users/gabrielalmeidadias/Documents/Empresas/ProOps/DEV/Personal-ProOps-app/src/lib/auth-errors.test.ts is not specified and it doesn't parse as CommonJS.
Reparsing as ES module because module syntax was detected. This incurs a performance overhead.
To eliminate this warning, add "type": "module" to /Users/gabrielalmeidadias/Documents/Empresas/ProOps/DEV/Personal-ProOps-app/package.json.
(Use `node --trace-warnings ...` to show where the warning was created)
✔ sem erro, sem mensagem (1.85625ms)
✔ código errado e código expirado são frases diferentes (0.320167ms)
✔ rate limit devolve os segundos que a API informou (0.119417ms)
✔ número inválido fala de DDD, não de token (0.123125ms)
✔ queda de rede tem saída própria (0.085292ms)
✔ erro imprevisto nunca vaza inglês (0.075583ms)
✔ e-mail e senha errados não dizem qual dos dois (0.136042ms)
✔ cadastro por e-mail: confirmado, repetido e senha fraca têm frases próprias (0.128459ms)
✔ telefone já vinculado orienta entrar pela conta existente (0.116041ms)
✔ senha igual à antiga não vira "senha fraca" (0.136958ms)
✔ senha fraca diz o MOTIVO que o servidor deu (0.132791ms)
✔ teto de tempo do cliente e rede caída falam de conexão (2.587458ms)
(node:14626) [MODULE_TYPELESS_PACKAGE_JSON] Warning: Module type of file:///Users/gabrielalmeidadias/Documents/Empresas/ProOps/DEV/Personal-ProOps-app/src/lib/billing.test.ts is not specified and it doesn't parse as CommonJS.
Reparsing as ES module because module syntax was detected. This incurs a performance overhead.
To eliminate this warning, add "type": "module" to /Users/gabrielalmeidadias/Documents/Empresas/ProOps/DEV/Personal-ProOps-app/package.json.
(Use `node --trace-warnings ...` to show where the warning was created)
✔ o agente Python usa exatamente os mesmos produtos do app (2.260791ms)
✔ produto desconhecido nunca vira plano pago (0.28075ms)
✔ cada produto mapeia para o plano certo (0.100167ms)
✔ ids são únicos e existe mensal e anual para cada plano (0.200834ms)
(node:14627) [MODULE_TYPELESS_PACKAGE_JSON] Warning: Module type of file:///Users/gabrielalmeidadias/Documents/Empresas/ProOps/DEV/Personal-ProOps-app/src/lib/brl-worklet.test.ts is not specified and it doesn't parse as CommonJS.
Reparsing as ES module because module syntax was detected. This incurs a performance overhead.
To eliminate this warning, add "type": "module" to /Users/gabrielalmeidadias/Documents/Empresas/ProOps/DEV/Personal-ProOps-app/package.json.
(Use `node --trace-warnings ...` to show where the warning was created)
✔ brlWorklet é byte a byte igual a moneySign + formatBRL (157.502083ms)
✔ o separador vem do Intl, não de um espaço cravado (0.19725ms)
(node:14628) [MODULE_TYPELESS_PACKAGE_JSON] Warning: Module type of file:///Users/gabrielalmeidadias/Documents/Empresas/ProOps/DEV/Personal-ProOps-app/src/lib/budget-tight.test.ts is not specified and it doesn't parse as CommonJS.
Reparsing as ES module because module syntax was detected. This incurs a performance overhead.
To eliminate this warning, add "type": "module" to /Users/gabrielalmeidadias/Documents/Empresas/ProOps/DEV/Personal-ProOps-app/package.json.
(Use `node --trace-warnings ...` to show where the warning was created)
✔ o aviso conta o comprometido, o número mostrado é só o gasto (0.667792ms)
✔ abaixo do limiar não entra; sem limite não entra (0.54825ms)
✔ gasto mais comprometido acima do limite marca estouro, com números em string (0.093125ms)
(node:14629) [MODULE_TYPELESS_PACKAGE_JSON] Warning: Module type of file:///Users/gabrielalmeidadias/Documents/Empresas/ProOps/DEV/Personal-ProOps-app/src/lib/button-intrinsic-ui.test.ts is not specified and it doesn't parse as CommonJS.
Reparsing as ES module because module syntax was detected. This incurs a performance overhead.
To eliminate this warning, add "type": "module" to /Users/gabrielalmeidadias/Documents/Empresas/ProOps/DEV/Personal-ProOps-app/package.json.
(Use `node --trace-warnings ...` to show where the warning was created)
✔ Button opaco sm: altura natural acomoda fonte grande e várias linhas (226.659333ms)
✔ Button opaco md: altura natural acomoda fonte grande e várias linhas (97.495958ms)
✔ Button opaco lg: altura natural acomoda fonte grande e várias linhas (60.799792ms)
✔ Button vidro sm: altura natural acomoda fonte grande e várias linhas (113.342459ms)
✔ Button vidro md: altura natural acomoda fonte grande e várias linhas (45.39525ms)
✔ Button vidro lg: altura natural acomoda fonte grande e várias linhas (38.99075ms)
✔ Button: cápsula e centro do loader usam a altura atual ao crescer durante carregamento (62.292667ms)
✔ Button opaco: texto com muitas linhas mantém as tampas dentro de uma caixa mais alta que larga (39.192459ms)
✔ Button opaco: label maior reflow imediato sem camada absoluta ou largura antiga (75.634542ms)
✔ Button vidro: label maior reflow imediato sem camada absoluta ou largura antiga (48.75625ms)
✔ Button preserva acessibilidade, bloqueio da acao, loader e largura externa durante carregamento (68.05775ms)
✔ Button conserva block, feedback e presenca inativa ao trocar rotulo (32.107208ms)
(node:14631) [MODULE_TYPELESS_PACKAGE_JSON] Warning: Module type of file:///Users/gabrielalmeidadias/Documents/Empresas/ProOps/DEV/Personal-ProOps-app/src/lib/calendar-intrinsic-ui.test.ts is not specified and it doesn't parse as CommonJS.
Reparsing as ES module because module syntax was detected. This incurs a performance overhead.
To eliminate this warning, add "type": "module" to /Users/gabrielalmeidadias/Documents/Empresas/ProOps/DEV/Personal-ProOps-app/package.json.
(Use `node --trace-warnings ...` to show where the warning was created)
✔ Calendar opaco: 5→6→5 semanas reflow antes do spring, mantendo cabeçalho e seleção de 31/08 (415.785792ms)
✔ Calendar vidro: 5→6→5 semanas reflow antes do spring, mantendo cabeçalho e seleção de 31/08 (201.688208ms)
✔ Calendar ajusta quatro semanas de fevereiro para cinco de março e volta sem envelope antigo (95.742ms)
✔ Calendar preserva limites inclusivos, estilo selecionado e bloqueio de presença inativa (122.4965ms)
✔ DatePicker + Calendar + Presenca reais opaco: abertura libera altura animada antes de 5→6→5 semanas (239.512167ms)
✔ DatePicker + Calendar + Presenca reais vidro: abertura libera altura animada antes de 5→6→5 semanas (99.853208ms)
✔ DatePicker real conserva limites e rejeita callbacks da abertura anterior ao reabrir durante saída (130.092708ms)
(node:14632) [MODULE_TYPELESS_PACKAGE_JSON] Warning: Module type of file:///Users/gabrielalmeidadias/Documents/Empresas/ProOps/DEV/Personal-ProOps-app/src/lib/card-status.test.ts is not specified and it doesn't parse as CommonJS.
Reparsing as ES module because module syntax was detected. This incurs a performance overhead.
To eliminate this warning, add "type": "module" to /Users/gabrielalmeidadias/Documents/Empresas/ProOps/DEV/Personal-ProOps-app/package.json.
(Use `node --trace-warnings ...` to show where the warning was created)
✔ prazo lê a data pura, sem a hora de agora (2.644667ms)
✔ estado sai das datas: atrasada vence antes de fechada (0.197709ms)
✔ outras faturas: o que o limite usa fora da corrente e das atrasadas (0.158792ms)
✔ pilha: o escolhido vai para a frente e o resto fica na ordem original (2.242541ms)
(node:14633) [MODULE_TYPELESS_PACKAGE_JSON] Warning: Module type of file:///Users/gabrielalmeidadias/Documents/Empresas/ProOps/DEV/Personal-ProOps-app/src/lib/categorias.test.ts is not specified and it doesn't parse as CommonJS.
Reparsing as ES module because module syntax was detected. This incurs a performance overhead.
To eliminate this warning, add "type": "module" to /Users/gabrielalmeidadias/Documents/Empresas/ProOps/DEV/Personal-ProOps-app/package.json.
(Use `node --trace-warnings ...` to show where the warning was created)
✔ a linha da tabela manda; sem ela, o ícone adivinhado pelo nome e sem cor (31.814042ms)
✔ o nome gravado é minúsculo e sem espaço nas pontas (o CHECK do banco) (0.141292ms)
✔ todo ícone da grade existe no Android (MATERIAL) e tem nome para o leitor de tela (3.833416ms)
(node:14634) [MODULE_TYPELESS_PACKAGE_JSON] Warning: Module type of file:///Users/gabrielalmeidadias/Documents/Empresas/ProOps/DEV/Personal-ProOps-app/src/lib/categories-merge.test.ts is not specified and it doesn't parse as CommonJS.
Reparsing as ES module because module syntax was detected. This incurs a performance overhead.
To eliminate this warning, add "type": "module" to /Users/gabrielalmeidadias/Documents/Empresas/ProOps/DEV/Personal-ProOps-app/package.json.
(Use `node --trace-warnings ...` to show where the warning was created)
✔ o que o usuário usa aparece — era o defeito (21.723542ms)
✔ acento e caixa não viram duas entradas (0.197708ms)
✔ a contagem é a soma das duas grafias (0.124875ms)
✔ a grafia da SUGESTÃO ganha da contagem — o erro de digitação não vira o chip principal (0.063166ms)
✔ sem sugestão para arbitrar, vence a mais usada (0.052792ms)
✔ empate vai para a forma acentuada (0.053792ms)
✔ sugestão nunca usada continua oferecida, mas atrás (0.051292ms)
✔ a categoria do lançamento aberto não some da lista (0.044708ms)
✔ busca ignora acento — quem digita "saude" acha "saúde" (0.091042ms)
(node:14639) [MODULE_TYPELESS_PACKAGE_JSON] Warning: Module type of file:///Users/gabrielalmeidadias/Documents/Empresas/ProOps/DEV/Personal-ProOps-app/src/lib/categories.test.ts is not specified and it doesn't parse as CommonJS.
Reparsing as ES module because module syntax was detected. This incurs a performance overhead.
To eliminate this warning, add "type": "module" to /Users/gabrielalmeidadias/Documents/Empresas/ProOps/DEV/Personal-ProOps-app/package.json.
(Use `node --trace-warnings ...` to show where the warning was created)
✔ o agente Python usa exatamente as mesmas categorias do app (1.516458ms)
✔ categorias são curtas, minúsculas e sem duplicata (0.151959ms)
✔ categorias de receita fazem parte da lista (0.085959ms)
(node:14640) [MODULE_TYPELESS_PACKAGE_JSON] Warning: Module type of file:///Users/gabrielalmeidadias/Documents/Empresas/ProOps/DEV/Personal-ProOps-app/src/lib/category-configuration.test.ts is not specified and it doesn't parse as CommonJS.
Reparsing as ES module because module syntax was detected. This incurs a performance overhead.
To eliminate this warning, add "type": "module" to /Users/gabrielalmeidadias/Documents/Empresas/ProOps/DEV/Personal-ProOps-app/package.json.
(Use `node --trace-warnings ...` to show where the warning was created)
✔ aparência de outro espaço não prova padrões da configuração padrão (0.603541ms)
✔ backfill exige duas datas reais em ordem e converte BR para ISO sem fuso (0.624542ms)
✔ retry conserva intenção; padrão, período, revisão e merge renovam a requisição (0.14375ms)
(node:14641) [MODULE_TYPELESS_PACKAGE_JSON] Warning: Module type of file:///Users/gabrielalmeidadias/Documents/Empresas/ProOps/DEV/Personal-ProOps-app/src/lib/category-detail-breakdown.test.ts is not specified and it doesn't parse as CommonJS.
Reparsing as ES module because module syntax was detected. This incurs a performance overhead.
To eliminate this warning, add "type": "module" to /Users/gabrielalmeidadias/Documents/Empresas/ProOps/DEV/Personal-ProOps-app/package.json.
(Use `node --trace-warnings ...` to show where the warning was created)
✔ exact breakdown preserves Sem detalhe and clones the closed read without deriving cents (3.057625ms)
✔ decoder rejects extra (0.210333ms)
✔ decoder rejects bad from (0.086084ms)
✔ decoder rejects reverse (0.0795ms)
✔ decoder rejects workspace (0.103ms)
✔ decoder rejects kind (0.074375ms)
✔ decoder rejects parent (0.096833ms)
✔ decoder rejects decimal (0.077625ms)
✔ decoder rejects coercion (0.090792ms)
✔ decoder rejects wrong sum (0.160167ms)
✔ decoder rejects unsafe (0.081ms)
✔ line decoder rejects extra (0.095458ms)
✔ line decoder rejects id (0.078166ms)
✔ line decoder rejects missing name (0.052542ms)
✔ line decoder rejects missing workspace (0.0535ms)
✔ line decoder rejects blank workspace (0.056083ms)
✔ line decoder rejects negative (0.129167ms)
✔ line decoder rejects count (0.071ms)
✔ line decoder rejects coerced count (0.034958ms)
✔ duplicate child or null and false Sem detalhe labels are rejected; empty zero and income are valid (0.112042ms)
✔ filter catalog decodes every concrete workspace independently and never accepts mixed or repeated scopes (0.434458ms)
✔ route filter distinguishes absence, Sem detalhe and UUID; malformed input remains an explicit error (0.063833ms)
✔ overflow cannot masquerade as a safe parent total; safe maximum and leap dates remain exact (0.065166ms)
✔ catalog rejects a child UUID reused across independent workspaces (0.050708ms)
(node:14642) [MODULE_TYPELESS_PACKAGE_JSON] Warning: Module type of file:///Users/gabrielalmeidadias/Documents/Empresas/ProOps/DEV/Personal-ProOps-app/src/lib/category-detail-hook.test.ts is not specified and it doesn't parse as CommonJS.
Reparsing as ES module because module syntax was detected. This incurs a performance overhead.
To eliminate this warning, add "type": "module" to /Users/gabrielalmeidadias/Documents/Empresas/ProOps/DEV/Personal-ProOps-app/package.json.
(Use `node --trace-warnings ...` to show where the warning was created)
✔ read hook passes exact scope and abort signal, disables collapsed query, and has no old placeholder (150.543958ms)
✔ scope mismatch or transport error cannot be shown as another successful breakdown (81.322791ms)
✔ all-workspace catalog decoder is used behind an abortable membership-aware realtime query (30.889917ms)
(node:14644) [MODULE_TYPELESS_PACKAGE_JSON] Warning: Module type of file:///Users/gabrielalmeidadias/Documents/Empresas/ProOps/DEV/Personal-ProOps-app/src/lib/chip-motion-ui.test.ts is not specified and it doesn't parse as CommonJS.
Reparsing as ES module because module syntax was detected. This incurs a performance overhead.
To eliminate this warning, add "type": "module" to /Users/gabrielalmeidadias/Documents/Empresas/ProOps/DEV/Personal-ProOps-app/package.json.
(Use `node --trace-warnings ...` to show where the warning was created)
✔ Chip fallback colors follow one spring, retaining constant icon/material props and safe overshoot (195.658ms)
✔ Chip glass colors follow one spring, retaining constant icon/material props and safe overshoot (24.048292ms)
✔ Chip preserves full keyed labels, selection/disabled semantics and one synchronous haptic/callback (6.75275ms)
(node:14645) [MODULE_TYPELESS_PACKAGE_JSON] Warning: Module type of file:///Users/gabrielalmeidadias/Documents/Empresas/ProOps/DEV/Personal-ProOps-app/src/lib/com-teto.test.ts is not specified and it doesn't parse as CommonJS.
Reparsing as ES module because module syntax was detected. This incurs a performance overhead.
To eliminate this warning, add "type": "module" to /Users/gabrielalmeidadias/Documents/Empresas/ProOps/DEV/Personal-ProOps-app/package.json.
(Use `node --trace-warnings ...` to show where the warning was created)
✔ promessa que nunca termina vira rejeição depois do teto (13.916791ms)
✔ promessa que resolve a tempo devolve o valor (1.988375ms)
✔ rejeição própria passa inteira — o teto não a mascara (0.208875ms)
✔ o timer morre quando a promessa resolve antes (0.297041ms)
(node:14646) [MODULE_TYPELESS_PACKAGE_JSON] Warning: Module type of file:///Users/gabrielalmeidadias/Documents/Empresas/ProOps/DEV/Personal-ProOps-app/src/lib/compra.test.ts is not specified and it doesn't parse as CommonJS.
Reparsing as ES module because module syntax was detected. This incurs a performance overhead.
To eliminate this warning, add "type": "module" to /Users/gabrielalmeidadias/Documents/Empresas/ProOps/DEV/Personal-ProOps-app/package.json.
(Use `node --trace-warnings ...` to show where the warning was created)
✔ F06 compra: leitura conserva snapshot e original, sem classificar parcelamento legado (5.299375ms)
✔ F06 compra: escopada e estrutural enviam só o par alterado, título conserva classificações (0.603083ms)
✔ F06 compra: revisão da parcela aplica intenção alterada ao contrato e conserva override intocado (0.257541ms)
✔ F06 compra: intenção da âncora propaga mesmo igual ao contrato e acompanha alterações posteriores na revisão (0.176459ms)
✔ Com parcela paga o número muda, só não fica abaixo da última paga nem vira à vista (1.080708ms)
✔ Data e conta mudam fora do cartão; com parcela paga na fatura, não (0.116791ms)
✔ As já pagas vão do piso (paga com a fatura) ao número de parcelas (0.10325ms)
✔ O total mínimo permite corrigir também as parcelas já pagas quando Todas for escolhido (0.222541ms)
✔ O salvar só manda as pagas quando elas mudaram (0.157959ms)
✔ Cada parcela digitada segue o número novo; as pagas não mudam de valor (0.155042ms)
✔ Ao escolher a compra toda no Salvar, o rascunho da parcela chega inteiro à revisão (0.465834ms)
✔ O total escolhido para esta ou futuras parcelas chega como total do plano, sem transformar em valor mensal (0.12725ms)
✔ Cada parcela aplica o valor digitado em cada linha do alcance, inclusive as pagas em Todas (0.136167ms)
✔ Quantidade é contrato: escopos limitados explicam a impossibilidade (0.075334ms)
✔ Com 3 pagas a data muda nos três alcances, a partir da parcela de referência (1.041333ms)
✔ Último dia de todo mês: regra no alcance, data própria em Só esta (0.306083ms)
✔ Todas inclui parcela paga fora do cartão; fatura protegida continua bloqueada (0.105541ms)
✔ F09 compra roundtrip e alcance só carregam mudança de detalhe; pai incompatível limpa (1.159167ms)
✔ F09 revisão da parcela propaga detalhe alterado mesmo quando já coincide com contrato (0.694291ms)
✔ F09 intenção de detalhe da parcela não ressuscita filho após mudar pai na revisão (0.122375ms)
(node:14647) [MODULE_TYPELESS_PACKAGE_JSON] Warning: Module type of file:///Users/gabrielalmeidadias/Documents/Empresas/ProOps/DEV/Personal-ProOps-app/src/lib/confirmar-baixa.test.ts is not specified and it doesn't parse as CommonJS.
Reparsing as ES module because module syntax was detected. This incurs a performance overhead.
To eliminate this warning, add "type": "module" to /Users/gabrielalmeidadias/Documents/Empresas/ProOps/DEV/Personal-ProOps-app/package.json.
(Use `node --trace-warnings ...` to show where the warning was created)
✔ mesmo valor: só dá baixa, sem corrigir nada (3.025875ms)
✔ outro valor: corrige só este lançamento (0.149333ms)
✔ outro valor numa série com "nas próximas": corrige este e os próximos (42.797333ms)
✔ "nas próximas" sem série não existe: vale só este (0.603541ms)
✔ valor zero ou negativo não dá baixa (0.256917ms)
✔ parcela fixa: a mais é encargo, a menos é desconto, igual não tem diferença (1.127584ms)
✔ parcela fixa: da metade até menos do dobro; fora disso diz por quê (0.145667ms)
✔ pagamento de parcela fixa: valor novo dentro do limite pergunta se vale para as próximas (0.1745ms)
✔ pagamento de parcela fixa: fora do limite diz por quê, e vale em pagamento ANTIGO também (0.197584ms)
✔ dívida com juros: pagamento antigo pode mudar, mas o valor deve passar dos juros (0.169167ms)
✔ pagamento sem o histórico da dívida não muda de valor por aqui (0.095083ms)
✔ parcela fixa paga a mais: parcela + encargo (0.121292ms)
✔ parcela fixa paga a menos: parcela − desconto (0.080541ms)
✔ com juros: o que abate o saldo + os juros do mês (0.052916ms)
✔ sem diferença, sem histórico ou fora de dívida: nada embaixo do total (0.0575ms)
(node:14648) [MODULE_TYPELESS_PACKAGE_JSON] Warning: Module type of file:///Users/gabrielalmeidadias/Documents/Empresas/ProOps/DEV/Personal-ProOps-app/src/lib/count-up.test.ts is not specified and it doesn't parse as CommonJS.
Reparsing as ES module because module syntax was detected. This incurs a performance overhead.
To eliminate this warning, add "type": "module" to /Users/gabrielalmeidadias/Documents/Empresas/ProOps/DEV/Personal-ProOps-app/package.json.
(Use `node --trace-warnings ...` to show where the warning was created)
✔ o valor animado só fica com o TextInput quando cabe na fonte do sistema (33.750833ms)
(node:14649) [MODULE_TYPELESS_PACKAGE_JSON] Warning: Module type of file:///Users/gabrielalmeidadias/Documents/Empresas/ProOps/DEV/Personal-ProOps-app/src/lib/cycle-label.test.ts is not specified and it doesn't parse as CommonJS.
Reparsing as ES module because module syntax was detected. This incurs a performance overhead.
To eliminate this warning, add "type": "module" to /Users/gabrielalmeidadias/Documents/Empresas/ProOps/DEV/Personal-ProOps-app/package.json.
(Use `node --trace-warnings ...` to show where the warning was created)
✔ ciclo fechado devendo lidera com a DÍVIDA, e o caixa vai para o rodapé (8.324458ms)
✔ fatura ADIADA continua sendo "faltou pagar" (0.105292ms)
✔ ciclo fechado sem dívida lidera com o caixa (0.056ms)
✔ ciclo aberto e previsto falam no futuro e usam o resultado (0.04975ms)
✔ os campos chegam como string do PostgREST e continuam somando (0.054667ms)
✔ a sub-linha escreve a LENTE — "na conta" / "da conta", nunca só "já saiu" (0.088375ms)
✔ zero realizado num ciclo ABERTO diz "nada ainda" — é informação, não ausência (0.039375ms)
✔ realizado == total some: repetir o <Money> ao lado é eco (§1) (0.037875ms)
✔ ciclo PREVISTO fica sem subtítulo (0.057166ms)
✔ sem série (primeiro frame) não inventa sub-linha (0.077208ms)
✔ o valor passa pelo brl recebido — é o useBRL, que obedece ao esconder saldo (0.051084ms)
(node:14650) [MODULE_TYPELESS_PACKAGE_JSON] Warning: Module type of file:///Users/gabrielalmeidadias/Documents/Empresas/ProOps/DEV/Personal-ProOps-app/src/lib/cycle-routes.test.ts is not specified and it doesn't parse as CommonJS.
Reparsing as ES module because module syntax was detected. This incurs a performance overhead.
To eliminate this warning, add "type": "module" to /Users/gabrielalmeidadias/Documents/Empresas/ProOps/DEV/Personal-ProOps-app/package.json.
(Use `node --trace-warnings ...` to show where the warning was created)
✔ a parcela do cronograma abre A DÍVIDA CERTA, com o id (1.744ms)
✔ fatura abre a FATURA; o pagamento dela abre o LANÇAMENTO (0.183875ms)
✔ o que é projetado da regra não tem destino (0.271125ms)
(node:14663) [MODULE_TYPELESS_PACKAGE_JSON] Warning: Module type of file:///Users/gabrielalmeidadias/Documents/Empresas/ProOps/DEV/Personal-ProOps-app/src/lib/data-da-compra.test.ts is not specified and it doesn't parse as CommonJS.
Reparsing as ES module because module syntax was detected. This incurs a performance overhead.
To eliminate this warning, add "type": "module" to /Users/gabrielalmeidadias/Documents/Empresas/ProOps/DEV/Personal-ProOps-app/package.json.
(Use `node --trace-warnings ...` to show where the warning was created)
✔ A data da compra de uma parcela é a da parcela 1, não a do mês em que ela cai (0.964209ms)
✔ Compra de outro ano leva o ano junto (0.135417ms)
✔ "Concluído" é o que já aconteceu — a mesma régua da pílula (0.751625ms)
(node:14664) [MODULE_TYPELESS_PACKAGE_JSON] Warning: Module type of file:///Users/gabrielalmeidadias/Documents/Empresas/ProOps/DEV/Personal-ProOps-app/src/lib/dates.test.ts is not specified and it doesn't parse as CommonJS.
Reparsing as ES module because module syntax was detected. This incurs a performance overhead.
To eliminate this warning, add "type": "module" to /Users/gabrielalmeidadias/Documents/Empresas/ProOps/DEV/Personal-ProOps-app/package.json.
(Use `node --trace-warnings ...` to show where the warning was created)
✔ localISODate formata a data local com zero à esquerda (3.031625ms)
✔ localISODate não desloca o dia como toISOString faria (0.105375ms)
✔ monthBounds cobre o mês inteiro, inclusive fevereiro (0.609083ms)
✔ formatDateBR devolve dd/mm/yyyy — a MESMA grafia de `isoToBR` (0.117542ms)
✔ formatBRL trabalha em centavos inteiros (54.331375ms)
✔ conversão entre ISO e dd/mm/aaaa (0.15175ms)
✔ validação de data recusa dia que não existe (0.184333ms)
✔ validação de hora em 24h (0.294875ms)
✔ localDateTime monta o instante no fuso do aparelho (1.049916ms)
✔ data pura não anda um dia para trás em fuso negativo (0.169541ms)
✔ timestamptz continua sendo lido no fuso local (0.060167ms)
✔ data: `formatDateBR` e `isoToBR` escrevem a MESMA data igual (0.093ms)
✔ relativeBR: os degraus que a lista de notas mostra (0.534833ms)
✔ greetingBR vira nas fronteiras da manhã, da tarde e da noite (0.12325ms)
✔ negativo sempre leva o sinal; `signed` decide só o + do positivo (0.121583ms)
✔ diasAte e somaDias são a mesma régua nos dois sentidos (1.021833ms)
✔ maskBRDate põe as barras e deixa apagar (0.111708ms)
✔ monthGrid põe cada dia na coluna do dia da semana (0.172584ms)
✔ ehUltimoDiaDoMes reconhece o fim de cada mês (0.071042ms)
✔ primeiroDiaDoMes aceita YYYY-MM e YYYY-MM-DD — o deep link manda o segundo (0.033625ms)
✔ mesmoMes casa qualquer dia do mês — o `startsWith` só acertava o dia 01 (0.031417ms)
✔ diaCurtoBR escreve o dia da semana e o mês abreviados (0.039792ms)
✔ rotuloDoDia usa palavra perto de hoje e a data curta longe (0.055958ms)
✔ horaBR não inventa hora (0.041625ms)
✔ emQuantoTempo fala em minutos até uma hora e em horas depois (0.053417ms)
✔ fimQueSegueOInicio: o fim anda junto só quando o início passaria dele (0.038ms)
✔ horaComoData e timeBR fecham ida e volta; hora inválida não mexe no relógio (0.11625ms)
✔ dataLocalDe: o dia de um timestamp é o do RELÓGIO da pessoa, não o do UTC (0.711625ms)
(node:14665) [MODULE_TYPELESS_PACKAGE_JSON] Warning: Module type of file:///Users/gabrielalmeidadias/Documents/Empresas/ProOps/DEV/Personal-ProOps-app/src/lib/debt-history.test.ts is not specified and it doesn't parse as CommonJS.
Reparsing as ES module because module syntax was detected. This incurs a performance overhead.
To eliminate this warning, add "type": "module" to /Users/gabrielalmeidadias/Documents/Empresas/ProOps/DEV/Personal-ProOps-app/package.json.
(Use `node --trace-warnings ...` to show where the warning was created)
✔ a cadência anda para trás sem estourar o fim do mês (1.51175ms)
✔ "estou na nona parcela" devolve as oito anteriores, numeradas 1 a 8 (0.690708ms)
✔ pagamento registrado ganha a data e o valor REAIS, não a cadência (0.151542ms)
✔ estimativa declarada usa o valor salvo para seu número, mas o pagamento real prevalece (0.127542ms)
✔ vencimento histórico salvo permanece estável quando a próxima parcela muda (0.131083ms)
✔ data real do pagamento prevalece sobre a estimativa histórica salva (0.084416ms)
✔ nada pago, nada para trás (0.066834ms)
✔ quitada não tem próxima parcela e ainda assim mostra o histórico (0.091083ms)
✔ linha do tempo agrupa por ano e marca paga, estimada, próxima e futura (0.241833ms)
✔ pagamento lançado com número acima das pagas aparece como PAGO, uma vez só, e a próxima é a seguinte (0.2025ms)
✔ a linha do tempo se divide em "a seguir" (a próxima primeiro) e "já pagas" (a mais recente primeiro) (0.207708ms)
✔ o pagamento lançado leva o id do lançamento até a linha do tempo — é por ele que a parcela paga abre (0.095458ms)
(node:14666) [MODULE_TYPELESS_PACKAGE_JSON] Warning: Module type of file:///Users/gabrielalmeidadias/Documents/Empresas/ProOps/DEV/Personal-ProOps-app/src/lib/debt-payment-scope.test.ts is not specified and it doesn't parse as CommonJS.
Reparsing as ES module because module syntax was detected. This incurs a performance overhead.
To eliminate this warning, add "type": "module" to /Users/gabrielalmeidadias/Documents/Empresas/ProOps/DEV/Personal-ProOps-app/package.json.
(Use `node --trace-warnings ...` to show where the warning was created)
✔ o patch de pagamento só contém campos alterados e mantém null explícito (1.135375ms)
✔ as versões seguem exatamente o escopo escolhido, inclusive o histórico em Todos (0.482208ms)
✔ F09 pagamento muda detalhe por alcance e troca de pai limpa UUID herdado (1.001166ms)
(node:14668) [MODULE_TYPELESS_PACKAGE_JSON] Warning: Module type of file:///Users/gabrielalmeidadias/Documents/Empresas/ProOps/DEV/Personal-ProOps-app/src/lib/dicas.test.ts is not specified and it doesn't parse as CommonJS.
Reparsing as ES module because module syntax was detected. This incurs a performance overhead.
To eliminate this warning, add "type": "module" to /Users/gabrielalmeidadias/Documents/Empresas/ProOps/DEV/Personal-ProOps-app/package.json.
(Use `node --trace-warnings ...` to show where the warning was created)
✔ a dica da vez é a primeira do catálogo daquela tela que está na tela e não foi encerrada (1.296625ms)
✔ dica de algo que não está na tela não trava a próxima (sem cartão, vem a do gráfico) (0.115833ms)
✔ uma por visita: dispensou uma, a tela fica quieta até a próxima abertura do app (1.012042ms)
✔ a dica das listas é UMA: usada nas Notas, não aparece em Lançamentos (0.123958ms)
✔ "Mostrar" do guia reacende a dica, mesmo encerrada e com a tela quieta (0.139084ms)
✔ o catálogo: frase curta, uma tela pelo menos, ids únicos (0.192834ms)
✔ o guia tem porta para TODA dica, e o "Mostrar" dela leva à tela onde ela mora (0.532875ms)
✔ menos texto: título curto e uma linha de explicação, no guia inteiro (0.113083ms)
✔ todo gesto escondido tem dica: painel, gráfico, pilha, Carteira, contas, arrasto, ordem e pastas, fatura (0.102791ms)
✔ o passo "O que dá para fazer" do onboarding: seis linhas curtas, e foto e áudio só pelo WhatsApp (0.219167ms)
✔ nenhuma dica deixa uma palavra sozinha na linha do iPhone (0.552ms)
(node:14669) [MODULE_TYPELESS_PACKAGE_JSON] Warning: Module type of file:///Users/gabrielalmeidadias/Documents/Empresas/ProOps/DEV/Personal-ProOps-app/src/lib/down-payment.test.ts is not specified and it doesn't parse as CommonJS.
Reparsing as ES module because module syntax was detected. This incurs a performance overhead.
To eliminate this warning, add "type": "module" to /Users/gabrielalmeidadias/Documents/Empresas/ProOps/DEV/Personal-ProOps-app/package.json.
(Use `node --trace-warnings ...` to show where the warning was created)
✔ entrada sai do total antes de dividir o restante, sem contar uma parcela (1.035958ms)
✔ entrada não altera os centavos das prestações ou o resto da última parcela (0.106625ms)
✔ entrada inválida nunca vira payload de pagamento (2.014334ms)
✔ entrada já vinculada não vira uma segunda compra parcelada ao editar (0.133083ms)
(node:14670) [MODULE_TYPELESS_PACKAGE_JSON] Warning: Module type of file:///Users/gabrielalmeidadias/Documents/Empresas/ProOps/DEV/Personal-ProOps-app/src/lib/edit-scope.test.ts is not specified and it doesn't parse as CommonJS.
Reparsing as ES module because module syntax was detected. This incurs a performance overhead.
To eliminate this warning, add "type": "module" to /Users/gabrielalmeidadias/Documents/Empresas/ProOps/DEV/Personal-ProOps-app/package.json.
(Use `node --trace-warnings ...` to show where the warning was created)
✔ occurrence: Salvar oferece exatamente um, futuras e todas (1.201625ms)
✔ installment: Salvar oferece exatamente um, futuras e todas (0.130666ms)
✔ payment: Salvar oferece exatamente um, futuras e todas (0.069625ms)
✔ reminder: Salvar oferece exatamente um, futuras e todas (0.197416ms)
✔ occurrence: editando o contrato não há "Só esta" — próximas e todas (0.292584ms)
✔ installment: editando o contrato não há "Só esta" — próximas e todas (0.087959ms)
✔ payment: editando o contrato não há "Só esta" — próximas e todas (0.049125ms)
✔ reminder: editando o contrato não há "Só esta" — próximas e todas (0.037166ms)
✔ as portas de CONTRATO não oferecem "Só esta"; a ocorrência aberta oferece (28/09/2026) (0.512834ms)
(node:14671) [MODULE_TYPELESS_PACKAGE_JSON] Warning: Module type of file:///Users/gabrielalmeidadias/Documents/Empresas/ProOps/DEV/Personal-ProOps-app/src/lib/emergency-reserve.test.ts is not specified and it doesn't parse as CommonJS.
Reparsing as ES module because module syntax was detected. This incurs a performance overhead.
To eliminate this warning, add "type": "module" to /Users/gabrielalmeidadias/Documents/Empresas/ProOps/DEV/Personal-ProOps-app/package.json.
(Use `node --trace-warnings ...` to show where the warning was created)
✔ decodes only the closed DTO, preserving signed and maximum safe cents (6.160125ms)
✔ rejects malformed state: unknown top field (0.144458ms)
✔ rejects malformed state: unknown nested field (0.069458ms)
✔ rejects malformed state: invalid workspace UUID (0.047042ms)
✔ rejects malformed state: invalid source UUID (0.058791ms)
✔ rejects malformed state: wrong variant UUID (0.063875ms)
✔ rejects malformed state: impossible as of (0.046583ms)
✔ rejects malformed state: invalid valuation date (0.078875ms)
✔ rejects malformed state: numeric DTO cents (0.06975ms)
✔ rejects malformed state: unsafe cents (0.0915ms)
✔ rejects malformed state: decimal cents (0.055959ms)
✔ rejects malformed state: negative allocation (0.042709ms)
✔ rejects malformed state: duplicate source (0.047208ms)
✔ rejects malformed state: effective exceeds plan (0.037167ms)
✔ rejects malformed state: unconfirmed source counted (0.032167ms)
✔ rejects malformed state: archived source counted (0.032167ms)
✔ rejects malformed state: ineligible source counted (0.039042ms)
✔ rejects malformed state: effective exceeds available (0.036875ms)
✔ rejects malformed state: source total overflow (0.031ms)
✔ rejects malformed state: aggregate planned overflow (0.038667ms)
✔ rejects malformed state: missing civil month (0.04575ms)
✔ rejects malformed state: repeated civil month (0.049959ms)
✔ rejects malformed state: current open month (0.050542ms)
✔ rejects malformed state: nonfirst day (0.050375ms)
✔ rejects malformed state: invalid fingerprint (0.062417ms)
✔ rejects malformed state: fractional count (0.052917ms)
✔ rejects malformed state: excess unknown count (4.73375ms)
✔ rejects malformed state: reviewed unclassified month (0.082541ms)
✔ rejects malformed state: zero expense with essential (0.06ms)
✔ rejects malformed state: zero unclassified with money (0.050625ms)
✔ rejects malformed state: unknown mode (0.038166ms)
✔ rejects malformed state: manual missing base (0.035417ms)
✔ rejects malformed state: observed carries manual base (0.244792ms)
✔ rejects malformed state: zero target (0.045583ms)
✔ rejects malformed state: excess target (0.033625ms)
✔ rejects malformed state: negative revision (0.040875ms)
✔ civil months cross years without timezone shifting (0.090084ms)
✔ observed summary uses ceil essential mean with a reviewed zero month (18.7665ms)
✔ manual summary preserves cents, target and the partial backing gap (0.174084ms)
✔ summary explicitly reports not_configured with no invented coverage (0.356875ms)
✔ summary explicitly reports unreviewed with no invented coverage (0.230667ms)
✔ summary explicitly reports incomplete_classification with no invented coverage (0.087917ms)
✔ summary explicitly reports zero_base with no invented coverage (0.068833ms)
✔ reclassification invalidates previously usable observed base (0.117208ms)
✔ summary guards target multiplication and computes huge sum without money floats (1.223209ms)
✔ builder closes and sorts the command using the snapshot revision and fingerprints (0.69775ms)
✔ builder permits removing all links and observed mode discards hidden manual input (0.111125ms)
✔ builder refuses oversubscribed source (1.937375ms)
✔ builder refuses foreign source (0.105209ms)
✔ builder refuses duplicate source (0.0785ms)
✔ builder refuses zero allocation (0.062875ms)
✔ builder refuses unsafe allocation (0.064917ms)
✔ builder refuses unconfirmed liquidity (0.066292ms)
✔ builder refuses unknown review (0.429708ms)
✔ builder refuses duplicate review (0.131625ms)
✔ builder refuses zero manual base (0.100334ms)
✔ builder refuses target overflow (0.167958ms)
✔ builder refuses fractional months (0.794916ms)
✔ builder requires acknowledgement for unidentified legacy goal funds (0.112791ms)
✔ builder refuses inactive sources and months still awaiting classification (0.170417ms)
✔ double submit shares one promise and immutable payload until a matching receipt confirms it (1.155958ms)
✔ lost response keeps intent and UUID; later SQL refusal cannot release unknown commit (0.799458ms)
✔ initial definitive 22023 refusal frees corrected intent (0.323292ms)
✔ initial definitive 23514 refusal frees corrected intent (0.130208ms)
✔ initial definitive 42501 refusal frees corrected intent (0.081125ms)
✔ initial definitive P0001 refusal frees corrected intent (0.071667ms)
✔ malformed receipt null keeps request frozen (0.168834ms)
✔ malformed receipt {"workspace_id":"33333333-3333-4333-8333-333333333333","edit_revision":8} keeps request frozen (0.161917ms)
✔ malformed receipt {"workspace_id":"11111111-1111-4111-8111-111111111111","edit_revision":7} keeps request frozen (3.482458ms)
✔ malformed receipt {"workspace_id":"11111111-1111-4111-8111-111111111111","edit_revision":8,"extra":true} keeps request frozen (0.140375ms)
✔ first configuration expects revision one and equivalent key ordering replays same intent (0.309125ms)
✔ builder refuses revisions whose next confirmation would be unsafe (0.075209ms)
✔ controller does not trust malformed SQLSTATE prefixes as definite rollback (0.086125ms)
✔ manual mode remains usable without a reviewed history or any identified backing (0.054542ms)
✔ archive or liquidity loss retains the plan but contributes zero coverage (0.320667ms)
✔ equivalent allocation and review ordering retries the frozen canonical command (0.422375ms)
✔ invalid command or request identity never reaches dispatch (0.555417ms)
✔ decoder rejects a manual base whose target cannot be represented safely (0.104417ms)
✔ decoder rejects a reviewed observed base whose target overflows (0.419125ms)
✔ decoder rejects 2000 cents instead of the exact prorated 2666 cents (0.071ms)
✔ decoder rejects 2667 cents instead of the exact prorated 2666 cents (0.026166ms)
✔ decoder rejects 3000 cents instead of the exact prorated 2666 cents (0.02025ms)
✔ decoder requires full effective allocation when a liquid eligible source has full backing (0.231917ms)
✔ decoder computes prorated backing with integer arithmetic near the safe maximum (0.147541ms)
✔ zero allocation and lost eligibility have exact zero effective backing (0.082ms)
✔ initial 40001 rollback releases the draft and request identity (5.147708ms)
✔ initial 40P01 rollback releases the draft and request identity (0.946333ms)
✔ a 40001 rollback after response loss retains the original attempt until receipt (0.262708ms)
✔ a 40P01 rollback after response loss retains the original attempt until receipt (1.66275ms)
✔ unproven 40003 refusal never releases an unknown commit (0.142167ms)
✔ unproven 40000 refusal never releases an unknown commit (0.082125ms)
✔ unproven 40ZZZ refusal never releases an unknown commit (0.379292ms)
✔ unproven 40001extra refusal never releases an unknown commit (0.086ms)
✔ sealed-first 40001 CAS refusal disproves this request commit even after an earlier transport timeout (0.175042ms)
✔ sealed-first PT409 CAS refusal disproves this request commit even after an earlier transport timeout (0.137667ms)
✔ terminal resolution frees an unknown intent after sources change without a reserve revision (0.316208ms)
✔ resolution recovers a successful sealed receipt without repeating the write (0.122041ms)
✔ resolution lost response retains the intent and shares one in-flight operation (0.228417ms)
✔ unproven cancellation null cannot release the intent (0.085542ms)
✔ unproven cancellation {"workspace_id":"33333333-3333-4333-8333-333333333333","cancelled":true} cannot release the intent (0.04075ms)
✔ unproven cancellation {"workspace_id":"11111111-1111-4111-8111-111111111111","cancelled":false} cannot release the intent (0.039542ms)
✔ unproven cancellation {"workspace_id":"11111111-1111-4111-8111-111111111111","cancelled":true,"edit_revision":8} cannot release the intent (0.03775ms)
✔ unproven cancellation {"workspace_id":"11111111-1111-4111-8111-111111111111","cancelled":true,"extra":1} cannot release the intent (0.034792ms)
✔ a delayed save returning its sealed cancellation releases the request rather than inventing success (0.070541ms)
(node:14672) [MODULE_TYPELESS_PACKAGE_JSON] Warning: Module type of file:///Users/gabrielalmeidadias/Documents/Empresas/ProOps/DEV/Personal-ProOps-app/src/lib/environment.test.ts is not specified and it doesn't parse as CommonJS.
Reparsing as ES module because module syntax was detected. This incurs a performance overhead.
To eliminate this warning, add "type": "module" to /Users/gabrielalmeidadias/Documents/Empresas/ProOps/DEV/Personal-ProOps-app/package.json.
(Use `node --trace-warnings ...` to show where the warning was created)
✔ produção não mostra rótulo; qualquer outro ambiente mostra (0.578917ms)
✔ ref desconhecido se identifica em vez de se passar por produção (0.068542ms)
✔ o ref é lido sem depender de caixa nem do sufixo do domínio (0.049875ms)
✔ login de teste só aparece em runtime dev fora de produção (0.056375ms)
(node:14673) [MODULE_TYPELESS_PACKAGE_JSON] Warning: Module type of file:///Users/gabrielalmeidadias/Documents/Empresas/ProOps/DEV/Personal-ProOps-app/src/lib/escrita.test.ts is not specified and it doesn't parse as CommonJS.
Reparsing as ES module because module syntax was detected. This incurs a performance overhead.
To eliminate this warning, add "type": "module" to /Users/gabrielalmeidadias/Documents/Empresas/ProOps/DEV/Personal-ProOps-app/package.json.
(Use `node --trace-warnings ...` to show where the warning was created)
✔ lançamento: uma linha, com source app; juros do Pix vira a segunda linha no cartão (0.796167ms)
✔ parcelada: a RPC muda com o último dia; os argumentos são os da RPC (0.107833ms)
✔ recorrente: a âncora é o próximo vencimento (0.058833ms)
✔ financiamento: a linha é a entrada, sem id nem versão (0.055125ms)
✔ F09 juros técnicos não herdam detalhe da compra, legado segue omitido (0.058167ms)
(node:14677) [MODULE_TYPELESS_PACKAGE_JSON] Warning: Module type of file:///Users/gabrielalmeidadias/Documents/Empresas/ProOps/DEV/Personal-ProOps-app/src/lib/expense-classification-filters.test.ts is not specified and it doesn't parse as CommonJS.
Reparsing as ES module because module syntax was detected. This incurs a performance overhead.
To eliminate this warning, add "type": "module" to /Users/gabrielalmeidadias/Documents/Empresas/ProOps/DEV/Personal-ProOps-app/package.json.
(Use `node --trace-warnings ...` to show where the warning was created)
✔ classificação deduplica e ordena cada dimensão sem alterar a escolha original (0.674542ms)
✔ dimensões fechadas recusam valores trocados, null, arrays esparsos e injeção (0.342208ms)
✔ links aceitam vírgulas ou parâmetros repetidos e produzem seleções canônicas (0.306875ms)
✔ um componente inválido bloqueia o link inteiro em vez de ampliar o recorte (0.216792ms)
✔ cada expressão reúne conhecidos e null por OR sem misturar dimensões (0.191708ms)
(node:14678) [MODULE_TYPELESS_PACKAGE_JSON] Warning: Module type of file:///Users/gabrielalmeidadias/Documents/Empresas/ProOps/DEV/Personal-ProOps-app/src/lib/expense-classification-input.test.ts is not specified and it doesn't parse as CommonJS.
Reparsing as ES module because module syntax was detected. This incurs a performance overhead.
To eliminate this warning, add "type": "module" to /Users/gabrielalmeidadias/Documents/Empresas/ProOps/DEV/Personal-ProOps-app/package.json.
(Use `node --trace-warnings ...` to show where the warning was created)
✔ quatro combinações do formulário são o mesmo snapshot na prévia e nas escritas canônicas (2.724625ms)
✔ dimensão explicitamente limpa é publicada sem acrescentar dimensão omitida (0.241875ms)
✔ sem snapshot legado não ganha nenhuma coluna de classificação (0.184833ms)
✔ receitas e transferências limpam snapshots existentes; a compra mantém classificação de gasto (0.191625ms)
✔ taxa do Pix não herda classificação principal e preserva saída legada ausente (0.175333ms)
✔ trocar formato conserva rascunho imutável e criar outro remove snapshot (0.163458ms)
✔ escritas fechadas rejeitam dimensão pela metade, enums/fontes inválidos e undefined explícito (0.625833ms)
✔ adaptadores de registros não removem uma dimensão presente nem reclassificam outra (23.00375ms)
(node:14679) [MODULE_TYPELESS_PACKAGE_JSON] Warning: Module type of file:///Users/gabrielalmeidadias/Documents/Empresas/ProOps/DEV/Personal-ProOps-app/src/lib/expense-classification.test.ts is not specified and it doesn't parse as CommonJS.
Reparsing as ES module because module syntax was detected. This incurs a performance overhead.
To eliminate this warning, add "type": "module" to /Users/gabrielalmeidadias/Documents/Empresas/ProOps/DEV/Personal-ProOps-app/package.json.
(Use `node --trace-warnings ...` to show where the warning was created)
✔ classificação desconhecida não inventa previsibilidade, necessidade ou origem (2.107875ms)
✔ as quatro combinações são decisões independentes (0.241084ms)
✔ criar gasto aplica snapshots de defaults separados e deixa ausência desconhecida (0.193166ms)
✔ override de uma dimensão vence default sem apagar a outra sugestão (0.106167ms)
✔ Não classificar explícito impede preenchimento e não limpa a outra dimensão (0.103291ms)
✔ editar legado ou registro conhecido não reaplica padrão atual da categoria (0.117875ms)
✔ trocar/remover defaults só muda sugestões no rascunho de criação (0.303625ms)
✔ receita e transferência não ganham classificação de consumo (0.490125ms)
✔ patch só publica as duas colunas da dimensão alterada, inclusive limpeza (0.417292ms)
✔ resumo usa palavras humanas e distingue desconhecido sem converter null em não essencial (0.266666ms)
✔ valores, origens, pares inválidos e payload aberto são rejeitados (0.642542ms)
✔ Android initial Promise cannot dispatch before commit, then publishes URL without losing query (6.127459ms)
✔ abandoned initial render never dispatches from its URL continuation (2.520291ms)
✔ URL resolving after cleanup cannot dispatch to an unmounted container (2.2395ms)
✔ iOS synchronous initial URL returns initial state synchronously without a render dispatch (2.357916ms)
✔ web synchronous initial path preserves search and hash without a render dispatch (1.868084ms)
✔ child onReady before parent effects clears a handled queued URL permanently (1.357416ms)
✔ already focused initial URL resolving after ready is not reintroduced (1.253416ms)
✔ warm links still dispatch and onStateChange clears the handled URL (1.318125ms)
✔ successive warm links keep the latest URL until its own state change (1.284416ms)
✔ late initial Promise cannot replace tracking for a newer warm link (1.347083ms)
✔ protected login route keeps an unhandled initial URL for later replay (3.917417ms)
✔ matching pathname with different query does not clear an unhandled URL (1.987083ms)
✔ StrictMode effect cleanup and setup permits the still-active initial request (2.029084ms)
✔ StrictMode effect replay keeps an already-cleared URL cleared (2.228291ms)
✔ newer initial-state request supersedes bookkeeping from older Promise but both still resolve state (22.963709ms)
✔ child onStateChange before queue flush clears its URL even if navigation moves again (40.615083ms)
(node:14690) [MODULE_TYPELESS_PACKAGE_JSON] Warning: Module type of file:///Users/gabrielalmeidadias/Documents/Empresas/ProOps/DEV/Personal-ProOps-app/src/lib/fala.test.ts is not specified and it doesn't parse as CommonJS.
Reparsing as ES module because module syntax was detected. This incurs a performance overhead.
To eliminate this warning, add "type": "module" to /Users/gabrielalmeidadias/Documents/Empresas/ProOps/DEV/Personal-ProOps-app/package.json.
(Use `node --trace-warnings ...` to show where the warning was created)
✔ Android: trechos finais se juntam e o parcial vem por cima, sem repetir (159.307166ms)
✔ iPhone: o parcial que cresce é substituído, e o final único fecha igual (28.046333ms)
✔ sem o módulo nativo a biblioteca nem é carregada, e a escuta ao vivo fica indisponível (12.202041ms)
(node:14691) [MODULE_TYPELESS_PACKAGE_JSON] Warning: Module type of file:///Users/gabrielalmeidadias/Documents/Empresas/ProOps/DEV/Personal-ProOps-app/src/lib/finance-conceal-accessibility.test.ts is not specified and it doesn't parse as CommonJS.
Reparsing as ES module because module syntax was detected. This incurs a performance overhead.
To eliminate this warning, add "type": "module" to /Users/gabrielalmeidadias/Documents/Empresas/ProOps/DEV/Personal-ProOps-app/package.json.
(Use `node --trace-warnings ...` to show where the warning was created)
✔ resumo do período oculta o total, o realizado e o ciclo para o leitor de tela e revela centavos exatos (325.080625ms)
✔ tendência mensal respeita esconder saldo nos dois valores acessíveis e revela centavos exatos (79.820875ms)
(node:14692) [MODULE_TYPELESS_PACKAGE_JSON] Warning: Module type of file:///Users/gabrielalmeidadias/Documents/Empresas/ProOps/DEV/Personal-ProOps-app/src/lib/finance-form.test.ts is not specified and it doesn't parse as CommonJS.
Reparsing as ES module because module syntax was detected. This incurs a performance overhead.
To eliminate this warning, add "type": "module" to /Users/gabrielalmeidadias/Documents/Empresas/ProOps/DEV/Personal-ProOps-app/package.json.
(Use `node --trace-warnings ...` to show where the warning was created)
✔ nome repetido de contrato ativo explica como salvar sem expor o erro SQL (0.549917ms)
✔ parcela pendente usa seu cronograma sem exigir um segundo vencimento (6.96675ms)
✔ remaining installments are added to already paid, never subtracted twice (0.497542ms)
✔ data escolhida na dívida é dia fixo; fim do mês exige ação própria (2.298292ms)
✔ recurrence end and interval reject invalid schedules (0.08375ms)
✔ debt term rejects fabricated negative or fractional paid history (0.069458ms)
✔ retrospective purchase asks paid history and preserves explicit zero (0.303208ms)
✔ simple financing needs only installment value and total count, keeping embedded interest unspecified (0.096083ms)
✔ simple financing subtracts explicitly paid installments once (0.063708ms)
✔ simple financing rejects fractional counts, absent amounts, excess history and unsafe sums (0.122833ms)
✔ parcelar vale também EDITANDO um lançamento simples (0.070083ms)
✔ o que já tem outro contrato não se parcela por aqui (0.054125ms)
✔ saldo adiado de fatura não se parcela por aqui (0.066791ms)
✔ parcelar continua exigindo gasto e conta (0.112417ms)
✔ criar com 1x salva; criar com 2x cria o plano (0.093875ms)
✔ editar um simples com 2x CONVERTE — não cria um segundo lançamento (0.050167ms)
✔ editar sem mexer em parcelas continua sendo só o update (0.043375ms)
✔ editar uma parcela nunca converte, nem com o campo forçado (0.056125ms)
✔ sem conta não há para onde parcelar (0.052875ms)
✔ o número de parcelas é faixa aberta de 1 a 72 quando nada foi pago (0.061958ms)
✔ com parcela paga, "À vista" sai da faixa (0.05725ms)
✔ criando em N×, "parcela" multiplica e "total" fica como digitado (0.0525ms)
✔ numa compra que já existe, "cada parcela" vale para as em aberto e a travada fica (0.07025ms)
✔ trocar a unidade sem digitar não muda a compra — nem por um centavo (0.063083ms)
✔ digitar em "parcela" guarda o que foi digitado e recalcula o total (0.06725ms)
✔ com tudo pago, "cada parcela" não alcança nenhuma (0.037708ms)
✔ o nome da compra é o da parcela sem o "(k/N)" (0.139ms)
✔ uma parcela salva só ela — a compra toda se edita no topo do formulário (26/09/2026) (0.04825ms)
✔ total a pagar vira parcela arredondada; o total gravado é parcela × N (0.05125ms)
✔ âncora e próxima parcela fazem ida e volta, inclusive no dia 31 (0.112667ms)
✔ a próxima parcela que o formulário mostra é a do cronograma: nunca no passado (0.115333ms)
✔ A dívida troca de modo sem perder o que já tem: "parcelas" troca de sentido (0.196958ms)
✔ trocar cobrança usa apenas o valor financiado e mantém entrada separada na ida e volta (0.159708ms)
(node:14703) [MODULE_TYPELESS_PACKAGE_JSON] Warning: Module type of file:///Users/gabrielalmeidadias/Documents/Empresas/ProOps/DEV/Personal-ProOps-app/src/lib/finance-query-filters.test.ts is not specified and it doesn't parse as CommonJS.
Reparsing as ES module because module syntax was detected. This incurs a performance overhead.
To eliminate this warning, add "type": "module" to /Users/gabrielalmeidadias/Documents/Empresas/ProOps/DEV/Personal-ProOps-app/package.json.
(Use `node --trace-warnings ...` to show where the warning was created)
✔ transactions combinam valor inclusivo, conta recebida e busca no servidor em todas as paginas (970.323292ms)
✔ transactions maximo zero e sem conta nao viram ausencia de filtro; limpar recorte retira limites (638.413208ms)
✔ transactions com uma borda mantêm o outro lado aberto em todas as páginas (1256.870375ms)
✔ previsões e resumo sem ambas as bordas não enviam RPC inválida, inclusive via refetch manual (502.372041ms)
✔ previsoes de janela longa repartem todos os dias em blocos disjuntos de ate 62 dias (652.479584ms)
✔ previsoes com mais de 1000 linhas buscam paginas seguintes sem perda nem duplicacao (468.902792ms)
✔ falha apos um lote de previsoes rejeita periodo completo e nao devolve resultado parcial (513.866792ms)
✔ cancelamento de previsoes chega ao fetch e rejeita consulta inteira (491.571584ms)
✔ accounts paginam alem de 1000 e incluem apenas arquivada selecionada quando nao pedidas todas (463.487416ms)
✔ accounts distinguem lista ativa, conta selecionada e todas arquivadas na consulta/cache (398.155292ms)
✔ importacoes combinam datas locais, arquivo, conta e origem antes de limitar historico (471.870125ms)
✔ importacoes com sem conta, OFX e datas abertas aplicam so as bordas escolhidas (403.321625ms)
✔ importacoes conservam placeholder ao ver mais somente se o recorte anterior e igual (396.800292ms)
✔ erro remoto de importacao rejeita consulta; retry preserva recorte completo (248.15875ms)
✔ transactions aplicam múltiplos meios e null antes de paginar, junto às outras condições OR (323.941333ms)
✔ transactions distinguem null exclusivo, vários conhecidos, vazio e todos os métodos (403.00275ms)
✔ transactions normalizam chave por métodos equivalentes e vazio sem alterar filtros antigos (279.508ms)
✔ transactions recusam método inesperado antes de qualquer request (202.434208ms)
✔ erro remoto de transactions mantém filtro de pagamento e data aberta no retry (216.136792ms)
(node:14704) [MODULE_TYPELESS_PACKAGE_JSON] Warning: Module type of file:///Users/gabrielalmeidadias/Documents/Empresas/ProOps/DEV/Personal-ProOps-app/src/lib/finance-write-input.test.ts is not specified and it doesn't parse as CommonJS.
Reparsing as ES module because module syntax was detected. This incurs a performance overhead.
To eliminate this warning, add "type": "module" to /Users/gabrielalmeidadias/Documents/Empresas/ProOps/DEV/Personal-ProOps-app/package.json.
(Use `node --trace-warnings ...` to show where the warning was created)
✔ lançamento conserva ausência de método, baixa, taxa e vencimento (29.767584ms)
✔ editar requer revisão; juros existentes prevalecem sobre a taxa, inclusive zero (0.257333ms)
✔ forma de pagamento inválida é recusada antes de qualquer RPC (0.063042ms)
✔ parcelada transporta centavos, histórico, último dia e entrada como compra atômica (0.1095ms)
✔ recorrente leva a âncora idêntica ao início, preservando o calendário e automático (0.078958ms)
✔ financiamento não leva id nem versão e mantém a entrada e a âncora do contrato (0.096917ms)
✔ F09 identidade/null opcional percorrem intents e previews sem contaminar a entrada (0.211458ms)
(node:14705) [MODULE_TYPELESS_PACKAGE_JSON] Warning: Module type of file:///Users/gabrielalmeidadias/Documents/Empresas/ProOps/DEV/Personal-ProOps-app/src/lib/finance-write-preview-query.test.ts is not specified and it doesn't parse as CommonJS.
Reparsing as ES module because module syntax was detected. This incurs a performance overhead.
To eliminate this warning, add "type": "module" to /Users/gabrielalmeidadias/Documents/Empresas/ProOps/DEV/Personal-ProOps-app/package.json.
(Use `node --trace-warnings ...` to show where the warning was created)
✔ incomplete and debouncing drafts do not execute the preview write RPC (97.071709ms)
✔ raw draft switch cancels the old transport before debounce, and late completion never replaces the new result (10.092ms)
(node:14715) [MODULE_TYPELESS_PACKAGE_JSON] Warning: Module type of file:///Users/gabrielalmeidadias/Documents/Empresas/ProOps/DEV/Personal-ProOps-app/src/lib/finance-write-preview.test.ts is not specified and it doesn't parse as CommonJS.
Reparsing as ES module because module syntax was detected. This incurs a performance overhead.
To eliminate this warning, add "type": "module" to /Users/gabrielalmeidadias/Documents/Empresas/ProOps/DEV/Personal-ProOps-app/package.json.
(Use `node --trace-warnings ...` to show where the warning was created)
✔ an old completed response disappears immediately while the changed draft is still debouncing (0.694375ms)
✔ same draft numbers are hidden during a financial refresh and after its failure or offline pause (0.546625ms)
✔ preview reads preserve negative balances and numeric bigint strings without silently inventing zero (47.492042ms)
✔ unknown and inconsistent limit quality never becomes available credit (0.3255ms)
✔ only affected accounts appear, and a new horizon line has no fabricated before amount (0.196625ms)
✔ credit uses canonical quality even when the legacy horizon advertises a numeric free limit (0.066084ms)
✔ unassigned canonical balances remain readable and distinct from a missing account balance (0.171625ms)
✔ legacy F04 schedule without classification columns stays absent and is never inferred from origin (0.22525ms)
✔ schedule preserves the server snapshot for recorded, recurring, debt and declared lines (0.352ms)
✔ explicit NULL, four unknown columns and one classified dimension preserve distinct snapshots (0.279083ms)
✔ a Pix fee retains its own unknown snapshot independently of the classified purchase (0.114334ms)
✔ schedule rejects classification enums and provenance outside the closed domain (3.697625ms)
✔ schedule rejects a known value without source and a category default whose value is NULL (1.0865ms)
✔ income and transfers preserve four cleared metadata columns (0.220042ms)
✔ income and transfers reject known expense classification (0.516ms)
✔ income and transfers reject explicit NULL provenance as expense metadata (0.29825ms)
(node:14737) [MODULE_TYPELESS_PACKAGE_JSON] Warning: Module type of file:///Users/gabrielalmeidadias/Documents/Empresas/ProOps/DEV/Personal-ProOps-app/src/lib/forecast-months.test.ts is not specified and it doesn't parse as CommonJS.
Reparsing as ES module because module syntax was detected. This incurs a performance overhead.
To eliminate this warning, add "type": "module" to /Users/gabrielalmeidadias/Documents/Empresas/ProOps/DEV/Personal-ProOps-app/package.json.
(Use `node --trace-warnings ...` to show where the warning was created)
✔ o corte é o mês da cobertura, e só quando há mês além dele (0.781125ms)
✔ sem meses não há corte (0.112542ms)
✔ veioDe encadeia: o começo de um mês é a sobra do anterior (0.099417ms)
(node:14738) [MODULE_TYPELESS_PACKAGE_JSON] Warning: Module type of file:///Users/gabrielalmeidadias/Documents/Empresas/ProOps/DEV/Personal-ProOps-app/src/lib/forgot-password-ui.test.ts is not specified and it doesn't parse as CommonJS.
Reparsing as ES module because module syntax was detected. This incurs a performance overhead.
To eliminate this warning, add "type": "module" to /Users/gabrielalmeidadias/Documents/Empresas/ProOps/DEV/Personal-ProOps-app/package.json.
(Use `node --trace-warnings ...` to show where the warning was created)
✔ código e senha rodam no cliente descartável; a sessão só vai ao principal depois da troca (228.828542ms)
✔ a recusa do servidor aparece no campo da senha e some ao digitar (51.452375ms)
✔ senha trocada mas entrega falhou: diz isso, revoga a recuperação e leva ao login (17.139084ms)
✔ Cancelar no passo da senha revoga a sessão de recuperação e sai (52.341875ms)
(node:14739) [MODULE_TYPELESS_PACKAGE_JSON] Warning: Module type of file:///Users/gabrielalmeidadias/Documents/Empresas/ProOps/DEV/Personal-ProOps-app/src/lib/form-motion-ui.test.ts is not specified and it doesn't parse as CommonJS.
Reparsing as ES module because module syntax was detected. This incurs a performance overhead.
To eliminate this warning, add "type": "module" to /Users/gabrielalmeidadias/Documents/Empresas/ProOps/DEV/Personal-ProOps-app/package.json.
(Use `node --trace-warnings ...` to show where the warning was created)
✔ Sheet Android preserves its open window and mounted draft while layout crosses the tablet breakpoint (183.166333ms)
✔ Sheet iOS keeps pageSheet or formSheet and the matching keyboard mechanism for each opening (34.411041ms)
✔ Presenca shrinks space and opacity on the same spring, preserving an inactive outgoing snapshot (113.800209ms)
✔ F04: live privacy masks summary and schedule, including every accessibility label (336.879791ms)
✔ F04: ready numbers disappear from retained motion layers as soon as the draft changes (56.914125ms)
✔ F04: collapsing schedule rows read live privacy while the presence exit is still running (225.361541ms)
✔ F04: an automatic virtual occurrence is a forecast, never a claim that money was received (89.21375ms)
✔ Presenca ignores completion after unmount and reduced motion closes without waiting (14.358ms)
✔ Nested presence inherits its inactive parent provider (71.651792ms)
✔ Presenca reports an actual exit once and ignores a canceled exit after reopening (85.425708ms)
✔ TrocaSuave mounts both layers immediately and starts progress only after incoming native layout (26.664458ms)
✔ TrocaSuave retains its measured width during absolute-layer swaps and explicitly restores natural dimensions (11.211459ms)
✔ Resting presence publishes natural height and swaps retain static geometry after stale shared-value writes (84.944708ms)
✔ a settled label swap releases its frame before larger text measures again (48.88375ms)
✔ TrocaSuave retargets midflight from its current progress while retaining the original outgoing layer (54.851584ms)
✔ Spring overshoot keeps opacity bounded and height nonnegative while allowing a small spatial bounce (40.168584ms)
✔ TrocaSuave rejects stale completion after another mode, return to original, and unmount (97.711416ms)
✔ TrocaSuave ignores a stale incoming layout when a newer mode is waiting for its own measurement (34.264875ms)
✔ TrocaSuave returning A to B to A creates a new incoming lifetime and waits for its new native layout (11.464ms)
✔ TrocaSuave ignores captured native measurement callbacks after unmount (19.775625ms)
✔ TrocaSuave provider disables outgoing native input callbacks while the incoming input stays editable (140.542333ms)
✔ TrocaSuave reduced motion interrupts pending work and full-screen mode preserves its frame (44.560666ms)
✔ AccountPicker preserves a filtered selected identity without offering it as an eligible choice (135.017667ms)
✔ SelectField ignores a mismatched fallback and prefers an eligible current option (85.756167ms)
✔ SelectField delivers selection synchronously once, keeps one chosen row, and can reopen while closing (64.5055ms)
✔ SelectField confirms a different option during collapse without delaying its callback (156.264ms)
✔ DatePicker delivers one date synchronously, preserves limits and can reopen during collapse (64.953667ms)
✔ SelectField keeps the outgoing snapshot and reactivates collapsed without clearing its value (46.223333ms)
✔ SelectField rejects captured choices while hidden and after reopening a different interaction (91.226875ms)
✔ SelectField discards native handlers queued before unmount (76.412042ms)
✔ SelectField rejects a collapsed header queued before hiding even after reactivation (83.158667ms)
✔ DatePicker rejects a collapsed header queued before hiding even after reactivation (25.210375ms)
✔ DatePicker rejects a collapsed month-end choice queued before reactivation with unchanged value (46.387625ms)
✔ DatePicker discards calendar, header and month-end handlers queued before unmount (79.853458ms)
✔ DatePicker rejects an old month-end choice after reactivation or navigating another month (89.18275ms)
✔ DatePicker month-end choice is single emission and a newly committed selection can toggle its intent (64.240792ms)
✔ DatePicker preserves an outgoing calendar but reactivates collapsed and invalidates its old session (70.650833ms)
✔ DatePicker outgoing calendar cannot select again while the collapsed month-end control remains active (63.174458ms)
✔ DatePicker reopening during collapse gives the calendar a new lifetime and keeps month-end aligned with its current month (113.734584ms)
✔ QuantityField snapshot never clamps or edits financial state; typing and steps stay synchronous (91.125041ms)
✔ TextField outgoing snapshot suppresses editing and contract-clamping blur (126.429083ms)
✔ MudancaSuave crossfades discrete content and reduced motion restores the latest label immediately (23.069208ms)
✔ Presenca lazily mounts native motion once and first appearance springs through measured space (47.222ms)
✔ Presenca explicitly restores natural resting geometry after opening, closing and reopening (13.187666ms)
✔ Presenca lazy first appearance honors reduced motion and an inactive parent (59.853ms)
✔ prepared compact presence measures while hidden and first open reuses its native motion (13.280833ms)
✔ prepared presence waits for measurement on an immediate first tap and accepts an empty list (55.262167ms)
✔ SelectField first opening and reopening install no new native motion for its options (83.837541ms)
✔ prepared presence remains hidden with reduced motion and ignores native layout after unmount (11.231916ms)
✔ FormatoDoLancamento prepares first opening and cannot select while hidden or inactive (136.537125ms)
✔ SelectField keeps the icon column spacing for alternatives without an icon (48.889458ms)
✔ TextField keeps a full line visible when the font changes, retaining normal geometry and typing (77.819208ms)
✔ TextField respects the caller font cap, disabled scaling and multiline geometry (66.378041ms)
✔ Field keeps its visible label gap through accessory and native text height changes (72.815958ms)
✔ LockOverlay immediately covers an interrupted reveal and ignores its queued animation (full motion) (13.508084ms)
✔ LockOverlay immediately covers an interrupted reveal and ignores its queued animation (reduced motion) (16.712541ms)
✔ LockOverlay rejects stale fallback timers after an interrupted reveal and callbacks after unmount (7.495375ms)
✔ LockOverlay fallback completes only its current reveal when a native completion is missing (33.737875ms)
✔ entrada começa sem erro nem foco, valida ao sair do valor e limpa o erro após corrigir (120.176167ms)
✔ entrada fica inteira e utilizável no primeiro render, sem esperar medição ou animação (72.280666ms)
✔ entrada oculta imediatamente e reabre inteira durante reversões (full motion) (62.157084ms)
✔ entrada oculta imediatamente e reabre inteira durante reversões (reduced motion) (54.725541ms)
✔ adicionar entrada a contrato existente também nasce sem validação prematura (103.518458ms)
✔ entrada já preenchida explica um limite do total mesmo depois de reiniciar a revisão (57.925833ms)
✔ erros de conta e data não pintam a borda do valor; limite da compra aparece após revisar o valor (78.620208ms)
✔ F02: ação contextual do seletor fecha a lista sem selecionar uma entidade e ignora duplo toque (95.207958ms)
✔ F02: seletor desabilitado protege ações capturadas e permite criar na lista vazia depois de reativar (44.593583ms)
✔ F02: cadastro contextual aplica somente UUID confirmado, bloqueia duplo toque e volta ao seletor (165.819791ms)
✔ F02: cancelar ou voltar durante envio impede seleção tardia e conserva a ação de cadastro (262.465208ms)
✔ F02: forma de pagamento atual governa a seleção depois de uma criação já enviada (134.737041ms)
✔ F02: mudar método antes do envio não cria uma origem agora incompatível (107.729709ms)
✔ F02: confirmação perdida permanece congelada mesmo fechando e reabrindo o cadastro (145.967708ms)
✔ F02: campo que sai da presença e host desmontado recusam callback financeiro tardio (112.70575ms)
✔ F02: campos compartilhados explicam dias obrigatórios e a edição bloqueada não altera o cadastro (98.57725ms)
✔ F03: metadado real é visível e acessível; limite zero não impede selecionar cartão (59.293916ms)
✔ F03: preferência oculta e ainda não lida não vaza valor no texto nem na acessibilidade (56.096625ms)
✔ F03: erro mantém seleção e recuperação não emite outra conta (16.054792ms)
✔ F03: muitas contas mantêm dois recursos agregados; seletor simples não consulta dinheiro (275.0875ms)
✔ F03: ocultar durante fechamento da lista protege também o snapshot visual que está saindo (74.663833ms)
✔ F03: recurso desabilitado em voo em outro seletor não bloqueia recuperar a conta bancária (43.239459ms)
✔ F06 classificação: controles têm geometria natural sem aguardar animação, inclusive resize e reversão (full motion) (20.12475ms)
✔ F06 classificação: controles têm geometria natural sem aguardar animação, inclusive resize e reversão (reduced motion) (31.394709ms)
(node:14740) [MODULE_TYPELESS_PACKAGE_JSON] Warning: Module type of file:///Users/gabrielalmeidadias/Documents/Empresas/ProOps/DEV/Personal-ProOps-app/src/lib/glass-backdrop.test.ts is not specified and it doesn't parse as CommonJS.
Reparsing as ES module because module syntax was detected. This incurs a performance overhead.
To eliminate this warning, add "type": "module" to /Users/gabrielalmeidadias/Documents/Empresas/ProOps/DEV/Personal-ProOps-app/package.json.
(Use `node --trace-warnings ...` to show where the warning was created)
✔ vidro com tinta leva a cor sólida por baixo: o conteúdo continua legível se o vidro não pintar (122.131334ms)
✔ vidro sem tinta continua só vidro — o controle comum refrata o que está atrás (54.912125ms)
(node:14741) [MODULE_TYPELESS_PACKAGE_JSON] Warning: Module type of file:///Users/gabrielalmeidadias/Documents/Empresas/ProOps/DEV/Personal-ProOps-app/src/lib/goal-plan-save.test.ts is not specified and it doesn't parse as CommonJS.
Reparsing as ES module because module syntax was detected. This incurs a performance overhead.
To eliminate this warning, add "type": "module" to /Users/gabrielalmeidadias/Documents/Empresas/ProOps/DEV/Personal-ProOps-app/package.json.
(Use `node --trace-warnings ...` to show where the warning was created)
✔ goal plan double tap shares one immutable operation and correct receipt (2.244041ms)
✔ transport loss preserves canonical array/key order and UUID until receipt (0.347708ms)
✔ initial 22023 refusal releases the editable draft (0.199917ms)
✔ initial 23514 refusal releases the editable draft (0.140167ms)
✔ initial 42501 refusal releases the editable draft (0.151833ms)
✔ initial P0001 refusal releases the editable draft (0.119125ms)
✔ initial 40001 refusal releases the editable draft (0.155042ms)
✔ initial 40P01 refusal releases the editable draft (0.112083ms)
✔ initial PT409 refusal releases the editable draft (0.185333ms)
✔ after ambiguity {"code":"P0001"} cannot disprove the original commit (0.248875ms)
✔ after ambiguity {"code":"42501"} cannot disprove the original commit (0.082792ms)
✔ after ambiguity {"code":"22023"} cannot disprove the original commit (0.053375ms)
✔ after ambiguity {"code":"PT409","message":"some unrelated refusal"} cannot disprove the original commit (0.049ms)
✔ after ambiguity {"code":"40001","message":"Plano alterado. Confira novamente"} cannot disprove the original commit (0.061333ms)
✔ exact sealed-first PT409 Plano alterado. Confira novamente permits reopening after timeout (0.089083ms)
✔ exact sealed-first PT409 As metas mudaram. Confira o plano novamente permits reopening after timeout (0.066709ms)
✔ unproven receipt null stays frozen (0.112208ms)
✔ unproven receipt {"workspace_id":"22222222-2222-4222-8222-222222222222","edit_revision":8} stays frozen (0.0415ms)
✔ unproven receipt {"workspace_id":"11111111-1111-4111-8111-111111111111","edit_revision":7} stays frozen (0.037167ms)
✔ unproven receipt {"workspace_id":"11111111-1111-4111-8111-111111111111","edit_revision":8,"extra":true} stays frozen (0.0435ms)
✔ unproven receipt {"workspace_id":"11111111-1111-4111-8111-111111111111","cancelled":false} stays frozen (0.045791ms)
✔ unproven receipt {"workspace_id":"22222222-2222-4222-8222-222222222222","cancelled":true} stays frozen (1.440291ms)
✔ unproven receipt {"workspace_id":"11111111-1111-4111-8111-111111111111","cancelled":true,"extra":true} stays frozen (0.148208ms)
✔ terminal resolution shares in-flight promise, releases intent and rotates UUID (0.479041ms)
✔ resolution recovers matching sealed success without writing again (0.285208ms)
✔ PT409 from resolution does not replace a sealed success or cancellation receipt (0.141958ms)
✔ a delayed save receives terminal cancellation without inventing success (0.064958ms)
✔ closed malformed commands and unsafe revision never dispatch (0.923917ms)
✔ new plan expects revision one, including explicit empty plan (0.064125ms)
✔ write messages keep transport internals private and qualify source changes (0.197375ms)
(node:14745) [MODULE_TYPELESS_PACKAGE_JSON] Warning: Module type of file:///Users/gabrielalmeidadias/Documents/Empresas/ProOps/DEV/Personal-ProOps-app/src/lib/goal-planning.test.ts is not specified and it doesn't parse as CommonJS.
Reparsing as ES module because module syntax was detected. This incurs a performance overhead.
To eliminate this warning, add "type": "module" to /Users/gabrielalmeidadias/Documents/Empresas/ProOps/DEV/Personal-ProOps-app/package.json.
(Use `node --trace-warnings ...` to show where the warning was created)
✔ decodes safe cents without deriving or overwriting server scenario (1.413208ms)
✔ rejects unsafe cents (0.299333ms)
✔ rejects decimal cents (0.138542ms)
✔ rejects numeric wire cents (0.141625ms)
✔ rejects negative saved (0.071125ms)
✔ rejects zero target (0.055916ms)
✔ rejects negative planned (0.072ms)
✔ rejects invalid civil date (0.049584ms)
✔ rejects invalid leap date (0.077208ms)
✔ rejects unknown field (0.251291ms)
✔ rejects missing field (0.150625ms)
✔ rejects unknown goal field (0.141208ms)
✔ rejects duplicate goals (0.094958ms)
✔ rejects duplicate month (0.07525ms)
✔ rejects forged incomplete id (0.091084ms)
✔ rejects forged excluded id (0.0885ms)
✔ rejects duplicate missed id (0.077209ms)
✔ rejects invalid uuid (0.125458ms)
✔ rejects invalid workspace name (0.051875ms)
✔ rejects invalid cycle close day (0.044ms)
✔ rejects invalid fingerprint (0.037875ms)
✔ rejects invalid view (0.035583ms)
✔ rejects invalid mode (0.029583ms)
✔ rejects zero days (0.029083ms)
✔ rejects excessive days (0.029084ms)
✔ rejects noninteger revision (0.039834ms)
✔ rejects zero revision (0.038916ms)
✔ rejects invalid origin (0.024541ms)
✔ rejects invalid deadline status (0.023792ms)
✔ rejects wrong mode array (0.1365ms)
✔ rejects reversed month range (0.078666ms)
✔ daily mode accepts leap day and detects duplicate daily points (0.213583ms)
✔ minimum availability retains an intraperiod negative even when month ends positive (0.155083ms)
✔ cycle month bounds may start in previous civil month (0.126875ms)
✔ empty goals permit clearing an empty plan (0.840125ms)
✔ builders copy and sort all current goals and normalize excluded fields without mutating draft (0.34475ms)
✔ preview retains incomplete included proposals but save refuses them (0.191084ms)
✔ builders reject missing items (0.117958ms)
✔ builders reject extra items (0.10075ms)
✔ builders reject duplicate items (0.0875ms)
✔ builders reject unsafe items (0.081375ms)
✔ builders reject zero items (0.088708ms)
✔ builders reject decimal items (0.07ms)
✔ builders reject invalid date items (0.081459ms)
✔ builders reject unknown field items (0.087042ms)
(node:14746) [MODULE_TYPELESS_PACKAGE_JSON] Warning: Module type of file:///Users/gabrielalmeidadias/Documents/Empresas/ProOps/DEV/Personal-ProOps-app/src/lib/hipotese.test.ts is not specified and it doesn't parse as CommonJS.
Reparsing as ES module because module syntax was detected. This incurs a performance overhead.
To eliminate this warning, add "type": "module" to /Users/gabrielalmeidadias/Documents/Empresas/ProOps/DEV/Personal-ProOps-app/package.json.
(Use `node --trace-warnings ...` to show where the warning was created)
✔ uma vez vira lançamento pendente com o título Hipótese (1.447917ms)
✔ parcelado vira a compra parcelada com 0 pagas; sem conta é incompleto (0.210833ms)
✔ repete vira recorrente com a regra do app (0.187958ms)
✔ financiamento: parcela fixa, âncora na data, dia da data (0.190167ms)
✔ dois financiamentos no mesmo rascunho não colidem no nome (a dívida tem nome único no espaço) (3.791458ms)
✔ o que falta: valor, conta no parcelado e no financiamento, parcelas (0.110166ms)
✔ a linha diz forma, conta e data (0.18525ms)
✔ aplicar abre o formulário certo, com tudo (1.693209ms)
✔ hipótese com data que já passou vale a partir de HOJE: na simulação, na linha e no Aplicar (revisão final) (1.051292ms)
✔ Aplicar de uma data futura fora do cartão nasce A PAGAR, como foi simulado (revisão final) (0.494916ms)
✔ F09 hipótese leva pai/detalhe à simulação e ao aplicar com ausência legacy distinta de null (2.555875ms)
(node:14747) [MODULE_TYPELESS_PACKAGE_JSON] Warning: Module type of file:///Users/gabrielalmeidadias/Documents/Empresas/ProOps/DEV/Personal-ProOps-app/src/lib/icon-map.test.ts is not specified and it doesn't parse as CommonJS.
Reparsing as ES module because module syntax was detected. This incurs a performance overhead.
To eliminate this warning, add "type": "module" to /Users/gabrielalmeidadias/Documents/Empresas/ProOps/DEV/Personal-ProOps-app/package.json.
(Use `node --trace-warnings ...` to show where the warning was created)
✔ Icon: todo SF Symbol usado no app está no mapa SF → Material (49.688333ms)
(node:14748) [MODULE_TYPELESS_PACKAGE_JSON] Warning: Module type of file:///Users/gabrielalmeidadias/Documents/Empresas/ProOps/DEV/Personal-ProOps-app/src/lib/import-preview.test.ts is not specified and it doesn't parse as CommonJS.
Reparsing as ES module because module syntax was detected. This incurs a performance overhead.
To eliminate this warning, add "type": "module" to /Users/gabrielalmeidadias/Documents/Empresas/ProOps/DEV/Personal-ProOps-app/package.json.
(Use `node --trace-warnings ...` to show where the warning was created)
✔ só o que é NOVO e é gasto/receita de verdade nasce marcado (1.174083ms)
✔ crédito na fatura nunca entra sozinho como receita — mesmo sem a IA ter respondido (0.701583ms)
✔ transferência entre contas e aplicação ficam de fora por padrão, com o motivo (0.13425ms)
✔ a frase do parcelado diz o que vai ser criado (0.211375ms)
✔ o motivo do "já está no app" mostra com o quê (0.102708ms)
✔ o total é o que está MARCADO, e conta as compras parceladas que nascem (0.163958ms)
(node:14749) [MODULE_TYPELESS_PACKAGE_JSON] Warning: Module type of file:///Users/gabrielalmeidadias/Documents/Empresas/ProOps/DEV/Personal-ProOps-app/src/lib/installment-progress.test.ts is not specified and it doesn't parse as CommonJS.
Reparsing as ES module because module syntax was detected. This incurs a performance overhead.
To eliminate this warning, add "type": "module" to /Users/gabrielalmeidadias/Documents/Empresas/ProOps/DEV/Personal-ProOps-app/package.json.
(Use `node --trace-warnings ...` to show where the warning was created)
✔ next installment follows pending numbers, not the count already paid (3.130833ms)
(node:14750) [MODULE_TYPELESS_PACKAGE_JSON] Warning: Module type of file:///Users/gabrielalmeidadias/Documents/Empresas/ProOps/DEV/Personal-ProOps-app/src/lib/item-actions.test.ts is not specified and it doesn't parse as CommonJS.
Reparsing as ES module because module syntax was detected. This incurs a performance overhead.
To eliminate this warning, add "type": "module" to /Users/gabrielalmeidadias/Documents/Empresas/ProOps/DEV/Personal-ProOps-app/package.json.
(Use `node --trace-warnings ...` to show where the warning was created)
✔ Android sem mensagem: a pergunta vai no corpo, sem vão vazio embaixo do título (134.150542ms)
✔ Android com mensagem: título e mensagem como sempre (16.214042ms)
✔ iOS continua com o título na folha de ações (8.019042ms)
(node:14751) [MODULE_TYPELESS_PACKAGE_JSON] Warning: Module type of file:///Users/gabrielalmeidadias/Documents/Empresas/ProOps/DEV/Personal-ProOps-app/src/lib/item-link-accessibility.test.ts is not specified and it doesn't parse as CommonJS.
Reparsing as ES module because module syntax was detected. This incurs a performance overhead.
To eliminate this warning, add "type": "module" to /Users/gabrielalmeidadias/Documents/Empresas/ProOps/DEV/Personal-ProOps-app/package.json.
(Use `node --trace-warnings ...` to show where the warning was created)
✔ cartão iOS expõe rótulo e ativação fora do contêiner nativo do preview, preservando menu e arrasto (503.479ms)
✔ ações AX preservam submenus e impedem executar ações desabilitadas (23.554375ms)
✔ ItemLink preserva rótulo rico do filho e só executa render prop uma vez (15.906125ms)
✔ rótulo explícito do ItemLink prevalece sobre o título e rótulo do filho (70.335667ms)
(node:14752) [MODULE_TYPELESS_PACKAGE_JSON] Warning: Module type of file:///Users/gabrielalmeidadias/Documents/Empresas/ProOps/DEV/Personal-ProOps-app/src/lib/lancamento-write.test.ts is not specified and it doesn't parse as CommonJS.
Reparsing as ES module because module syntax was detected. This incurs a performance overhead.
To eliminate this warning, add "type": "module" to /Users/gabrielalmeidadias/Documents/Empresas/ProOps/DEV/Personal-ProOps-app/package.json.
(Use `node --trace-warnings ...` to show where the warning was created)
✔ à vista prepara título, estabelecimento, centavos e uma única gravação (2.2525ms)
✔ pendente visível leva vencimento ISO e automático; transferência limpa categoria e guarda destino (0.213417ms)
✔ campo escondido conserva status, vencimento e automático do registro editado (0.1185ms)
✔ valor por parcela e entrada não se misturam no principal nem no histórico (0.229208ms)
✔ total com entrada subtrai uma vez; último dia não se aplica ao cartão (0.110583ms)
✔ sem entrada ligada centavo restante e histórico são preservados; lançamento existente converte (0.169417ms)
✔ conta ausente não prepara compra; campos de entrada escondidos não vazam (0.082375ms)
✔ dados obrigatórios inválidos são recusados antes da prévia financeira (0.276958ms)
✔ histórico passado em branco e entrada futura falham com a regra já existente (0.354542ms)
✔ F09 principal conserva detalhe explícito e parcelada usa o mesmo UUID; transferência limpa (0.35175ms)
✔ F09 troca de pai limpa filho herdado; alias conserva e novo filho explícito fica para preflight (0.599ms)
✔ F09 transferência editada limpa também filho novo explícito após comparar o snapshot (0.07875ms)
(node:14753) [MODULE_TYPELESS_PACKAGE_JSON] Warning: Module type of file:///Users/gabrielalmeidadias/Documents/Empresas/ProOps/DEV/Personal-ProOps-app/src/lib/lancar.test.ts is not specified and it doesn't parse as CommonJS.
Reparsing as ES module because module syntax was detected. This incurs a performance overhead.
To eliminate this warning, add "type": "module" to /Users/gabrielalmeidadias/Documents/Empresas/ProOps/DEV/Personal-ProOps-app/package.json.
(Use `node --trace-warnings ...` to show where the warning was created)
✔ F01: editar taxa vinculada abre sua compra; taxa antiga sem vínculo continua independente (0.445667ms)
✔ a conversão abre o registro devolvido pelo banco, inclusive financiamento sem transação (0.371ms)
✔ a série convertida abre suas ocorrências no mês local do início escolhido (0.96775ms)
✔ sem ID de resultado a conversão abre a lista válida, nunca a origem removida (0.166459ms)
✔ as quatro opções da spec, e só as que mudam alguma coisa (0.240666ms)
✔ sem saber se há passado, a opção destrutiva aparece (e é confirmada) (0.14575ms)
✔ "Salvar e criar outro" mantém tipo, conta e data, e limpa o resto (0.130667ms)
✔ transferência não existe na recorrente: vira gasto (0.111125ms)
✔ o seletor tem três opções e o link carrega o tipo (0.122917ms)
✔ o papel do lançamento sai do registro: série, compra parcelada, dívida ou avulso (0.165291ms)
✔ F09 comum conserva filho compatível em conversão e limpa depois de salvar ou transferir (0.231958ms)
(node:14756) [MODULE_TYPELESS_PACKAGE_JSON] Warning: Module type of file:///Users/gabrielalmeidadias/Documents/Empresas/ProOps/DEV/Personal-ProOps-app/src/lib/ledger-expected.test.ts is not specified and it doesn't parse as CommonJS.
Reparsing as ES module because module syntax was detected. This incurs a performance overhead.
To eliminate this warning, add "type": "module" to /Users/gabrielalmeidadias/Documents/Empresas/ProOps/DEV/Personal-ProOps-app/package.json.
(Use `node --trace-warnings ...` to show where the warning was created)
✔ classificação prevista combina dimensões por AND e conhecidos/null por OR (52.451875ms)
✔ classificação Não informado inclui legado sem deduzir pela origem e exclui receitas (0.14775ms)
✔ classificação prevista mantém demais filtros e valida antes de ler linhas (0.458042ms)
✔ previsões respeitam filtros da lista, sem se passarem por lançamentos concluídos (0.137875ms)
✔ Ver ocorrências limita previsões à série selecionada (0.068416ms)
✔ previsões de origens diferentes aparecem em ordem de vencimento (0.053834ms)
✔ previstas entram no dia delas, entre os lançamentos, sem passar da página carregada (0.161583ms)
✔ pílula da prevista segue a data, e a estimada nunca se passa por conta a pagar (0.1325ms)
✔ tocar na prevista não abre buraco na lista nem a mostra duas vezes (0.165666ms)
✔ previsões respeitam valor mínimo/máximo inclusivos e combinados com conta (0.116375ms)
✔ previsões filtram pagamento histórico sem inferir o método pela conta atual (0.563458ms)
✔ pagamento previsto combina categoria, status, conta, origem, série, busca e valor inclusivo (0.369875ms)
(node:14757) [MODULE_TYPELESS_PACKAGE_JSON] Warning: Module type of file:///Users/gabrielalmeidadias/Documents/Empresas/ProOps/DEV/Personal-ProOps-app/src/lib/list-filters-ui.test.ts is not specified and it doesn't parse as CommonJS.
Reparsing as ES module because module syntax was detected. This incurs a performance overhead.
To eliminate this warning, add "type": "module" to /Users/gabrielalmeidadias/Documents/Empresas/ProOps/DEV/Personal-ProOps-app/package.json.
(Use `node --trace-warnings ...` to show where the warning was created)
✔ múltiplas formas são um rascunho independente e só Aplicar publica (394.0515ms)
✔ cancelar múltiplas formas preserva valor publicado e reabrir descarta alterações (52.112875ms)
✔ Todos limpa somente o grupo; último toggle vazio é Todos, distinto de Não informado (127.782667ms)
✔ Limpar inclui seleção múltipla, mas cancelar não altera o pai (48.720833ms)
✔ busca preserva nomes e termos digitados sem autocorreção do teclado (63.684708ms)
✔ significado da data fica no rótulo de cada input, sem título de seção duplicado (19.781708ms)
✔ digitar modifica somente draft; Aplicar publica um payload e fecha depois (137.63625ms)
✔ Sheet: fechar/voltar cancela e reabrir remonta draft do valor publicado (94.993834ms)
✔ TaskHeader: fechar/voltar cancela e reabrir remonta draft do valor publicado (139.82225ms)
✔ Limpar zera busca, datas, valores e selecoes mas somente Aplicar publica a limpeza (76.394375ms)
✔ Voltar ao mês remove somente o intervalo e exige Aplicar; cancelar preserva o recorte publicado (14.965584ms)
✔ ícone único limpa datas em listas com bordas independentes sem alterar seleções (93.344542ms)
✔ apenas uma data é aplicável e publica somente a borda escolhida (110.391209ms)
✔ erro de intervalo aparece junto à data final e desaparece ao corrigir a ordem (74.564208ms)
✔ data impossivel: erro inline desabilita Aplicar e o handler tambem recusa (83.807917ms)
✔ ordem das datas: erro inline desabilita Aplicar e o handler tambem recusa (35.674209ms)
✔ minimo acima do maximo: erro inline desabilita Aplicar e o handler tambem recusa (42.662666ms)
✔ valor negativo: erro inline desabilita Aplicar e o handler tambem recusa (86.995875ms)
✔ centavos fracionarios: erro inline desabilita Aplicar e o handler tambem recusa (21.438708ms)
✔ data invalida digitada atualiza validacao sem publicar o draft (51.51775ms)
✔ minimo/maximo zero e intervalo do mesmo dia sao validos e publicados (63.384541ms)
✔ selecao null remove so a chave escolhida e preserva objeto original/conjunto de opcoes (55.470875ms)
✔ cabecalho fica presente e SheetScroll e o ultimo filho da folha (26.727375ms)
(node:14770) [MODULE_TYPELESS_PACKAGE_JSON] Warning: Module type of file:///Users/gabrielalmeidadias/Documents/Empresas/ProOps/DEV/Personal-ProOps-app/src/lib/list-filters.test.ts is not specified and it doesn't parse as CommonJS.
Reparsing as ES module because module syntax was detected. This incurs a performance overhead.
To eliminate this warning, add "type": "module" to /Users/gabrielalmeidadias/Documents/Empresas/ProOps/DEV/Personal-ProOps-app/package.json.
(Use `node --trace-warnings ...` to show where the warning was created)
✔ seleção múltipla conta um critério por grupo e descreve opções em ordem estável (1.291666ms)
✔ resumo descreve datas e valores como intervalos e resolve seleções pelos mesmos rótulos da folha (0.2575ms)
✔ resumo cobre bordas únicas, mesmo dia, zero, privacidade e opção que deixou de estar disponível (0.298417ms)
✔ contagem agrupa período e faixa de valor, reconhece zero e ignora critérios vazios (0.097625ms)
✔ período inclusivo aceita mesmo dia e rejeita datas invertidas ou inexistentes (33.27425ms)
✔ limites de dinheiro são centavos inteiros, inclusivos, e zero é um filtro (0.205417ms)
✔ divide previsões extensas sem perder bordas, inclusive virada de ano e fevereiro bissexto (0.908209ms)
✔ timestamps usam o dia BRT inteiro, final exclusivo na virada do ano (2.195958ms)
(node:14771) [MODULE_TYPELESS_PACKAGE_JSON] Warning: Module type of file:///Users/gabrielalmeidadias/Documents/Empresas/ProOps/DEV/Personal-ProOps-app/src/lib/list-query-filters.test.ts is not specified and it doesn't parse as CommonJS.
Reparsing as ES module because module syntax was detected. This incurs a performance overhead.
To eliminate this warning, add "type": "module" to /Users/gabrielalmeidadias/Documents/Empresas/ProOps/DEV/Personal-ProOps-app/package.json.
(Use `node --trace-warnings ...` to show where the warning was created)
✔ lixeira ordena pela exclusão no servidor antes de paginar, sem misturar fixação da lista ativa (524.153458ms)
✔ lembretes sem filtros conservam a chave de cache da vitrine e do retrato inicial (174.233917ms)
✔ lembretes combinam título, canal e estado antes da paginação e incluem o último instante do dia BRT (146.759208ms)
✔ notas mantêm pasta/tag/busca/ordem no intervalo de atualização antes das páginas seguintes (140.651084ms)
✔ notes: datas abertas, fevereiro bissexto e limpeza não reutilizam o recorte anterior (93.684542ms)
✔ notes: erro remoto é propagado e retry conserva filtros (102.217ms)
✔ reminders: datas abertas, fevereiro bissexto e limpeza não reutilizam o recorte anterior (101.209625ms)
✔ reminders: erro remoto é propagado e retry conserva filtros (101.846ms)
(node:14773) [MODULE_TYPELESS_PACKAGE_JSON] Warning: Module type of file:///Users/gabrielalmeidadias/Documents/Empresas/ProOps/DEV/Personal-ProOps-app/src/lib/lock-lifecycle.test.ts is not specified and it doesn't parse as CommonJS.
Reparsing as ES module because module syntax was detected. This incurs a performance overhead.
To eliminate this warning, add "type": "module" to /Users/gabrielalmeidadias/Documents/Empresas/ProOps/DEV/Personal-ProOps-app/package.json.
(Use `node --trace-warnings ...` to show where the warning was created)
✔ restored session child auto-authentication survives the parent hydration effect and opens on success plus active (247.939625ms)
✔ leaving during the successful prompt return invalidates that visit and asks again (29.195125ms)
✔ the real departure before the prompt active event cannot be consumed as system UI (40.596083ms)
✔ iOS legitimate prompt success before active opens once (63.292584ms)
✔ iOS legitimate prompt success after active opens once (73.241625ms)
✔ Android system credential background with success before active is a legitimate return (69.492583ms)
✔ Android system credential background with success after active is a legitimate return (65.134084ms)
✔ Android biometric dialog that never pauses the app opens without waiting for a nonexistent active event (16.577208ms)
✔ iOS actual background before a late success refuses the old result and retries on return (8.448708ms)
✔ an iOS result delivered after the real return cannot unlock the new visit or clear its retry guard (9.322ms)
✔ user_cancel keeps the app locked and a manual retry can open (7.566708ms)
✔ system_cancel keeps the app locked and a manual retry can open (98.839542ms)
✔ authentication_failed keeps the app locked and a manual retry can open (60.273792ms)
✔ reentrant requests share one native operation and cannot prematurely open (16.569209ms)
✔ completed unlock respects 0s grace at the threshold (26.811ms)
✔ leaving after native success before active invalidates the attempt even with 0s grace (18.736042ms)
✔ completed unlock respects 30s grace before the threshold (39.924291ms)
✔ completed unlock respects 30s grace at the threshold (32.825125ms)
✔ leaving after native success before active invalidates the attempt even with 30s grace (55.33475ms)
✔ completed unlock respects 60s grace before the threshold (30.309584ms)
✔ completed unlock respects 60s grace at the threshold (33.117375ms)
✔ leaving after native success before active invalidates the attempt even with 60s grace (15.84275ms)
✔ a thrown native error releases the in-flight guard so a retry can authenticate (19.774459ms)
✔ ios external system UI returning after operation completion stays unlocked (16.797625ms)
✔ ios external system UI returning before operation completion stays unlocked (6.706458ms)
✔ ios nested system UI retains the exemption until the last operation returns (6.8295ms)
✔ android external system UI returning after operation completion stays unlocked (11.345916ms)
✔ android external system UI returning before operation completion stays unlocked (89.5455ms)
✔ android nested system UI retains the exemption until the last operation returns (61.505333ms)
✔ logout settles a successful authentication waiting for active as refused (30.318833ms)
✔ account swap settles a successful authentication waiting for active as refused (26.315583ms)
✔ a late native success after an account swap cannot release the returned account (31.979875ms)
✔ a native result arriving after logout is refused without relying on a background event (19.82275ms)
✔ a native result arriving after an account swap is refused without relying on a background event (21.361375ms)
✔ account swap restores a usable locked retry after an in-flight native authentication is refused (29.27575ms)
✔ account swap restores a usable locked retry after success waiting for active is refused (31.696958ms)
✔ unmount settles successful authentication waiting for active without a later lifecycle event (17.618375ms)
✔ native success arriving after unmount is refused and a fresh provider remains protected (98.092667ms)
✔ a genuine departure immediately after success and active asks again even while the visual reveal can still be running (56.493084ms)
✔ disabling lock refuses a late native success and keeps the setting off (78.68025ms)
✔ disabling lock refuses a success waiting for active and keeps the setting off (16.118208ms)
(node:14774) [MODULE_TYPELESS_PACKAGE_JSON] Warning: Module type of file:///Users/gabrielalmeidadias/Documents/Empresas/ProOps/DEV/Personal-ProOps-app/src/lib/lock-policy.test.ts is not specified and it doesn't parse as CommonJS.
Reparsing as ES module because module syntax was detected. This incurs a performance overhead.
To eliminate this warning, add "type": "module" to /Users/gabrielalmeidadias/Documents/Empresas/ProOps/DEV/Personal-ProOps-app/package.json.
(Use `node --trace-warnings ...` to show where the warning was created)
✔ trava desligada nunca tranca (2.33275ms)
✔ sem ter saído do app não tranca (0.064ms)
✔ espera 0 tranca na hora — e `0` é falsy, que é onde isto quebra (0.13025ms)
✔ espera de 30s só tranca depois dos 30s (0.08725ms)
✔ UI do sistema aberta (arquivo, câmera, o próprio prompt) não tranca (0.079458ms)
✔ ligada, o app abre trancado (0.047875ms)
✔ só sucesso abre — desistir ou falhar mantém trancado (0.047792ms)
✔ celular sem bloqueio de tela não pode oferecer a trava (0.089083ms)
✔ a bandeira NÃO cai ao terminar quando o app saiu do primeiro plano (0.079667ms)
✔ a bandeira cai na hora quando o app nunca saiu do primeiro plano (0.077709ms)
✔ operação ainda em voo segura a bandeira dos dois lados (0.054166ms)
✔ sem conta aberta não tranca — a porta é o login (0.163583ms)
✔ sair do app com a trava ligada cobre na hora — menos para a UI do sistema e sem conta (0.121875ms)
(node:14787) [MODULE_TYPELESS_PACKAGE_JSON] Warning: Module type of file:///Users/gabrielalmeidadias/Documents/Empresas/ProOps/DEV/Personal-ProOps-app/src/lib/money-field-fit.test.ts is not specified and it doesn't parse as CommonJS.
Reparsing as ES module because module syntax was detected. This incurs a performance overhead.
To eliminate this warning, add "type": "module" to /Users/gabrielalmeidadias/Documents/Empresas/ProOps/DEV/Personal-ProOps-app/package.json.
(Use `node --trace-warnings ...` to show where the warning was created)
✔ MoneyField fits all odometer houses inside the measured area at accessibility XL (458.094625ms)
✔ requested size is retained when it fits; compact widths and the 11-digit ceiling fit completely (211.219833ms)
✔ late native measurements from a previous scale cannot replace current metrics (50.18775ms)
✔ invalid and zero geometry never produces a nonfinite font size (0.2105ms)
(node:14788) [MODULE_TYPELESS_PACKAGE_JSON] Warning: Module type of file:///Users/gabrielalmeidadias/Documents/Empresas/ProOps/DEV/Personal-ProOps-app/src/lib/month-view.test.ts is not specified and it doesn't parse as CommonJS.
Reparsing as ES module because module syntax was detected. This incurs a performance overhead.
To eliminate this warning, add "type": "module" to /Users/gabrielalmeidadias/Documents/Empresas/ProOps/DEV/Personal-ProOps-app/package.json.
(Use `node --trace-warnings ...` to show where the warning was created)
✔ os quatro blocos têm título e a ordem é a da planilha (1.195333ms)
✔ o subtítulo monta o que existe e não deixa separador solto (0.190292ms)
✔ o percentual sai de pontos-base inteiros, inclusive nos extremos (0.084209ms)
✔ o corte por natureza traduz a chave crua do SQL; os outros usam o rótulo (0.084958ms)
✔ passado, presente e futuro pedem verbos diferentes para o mesmo caixa (0.099875ms)
✔ o aviso do horizonte fala mesmo quando nada foi gerado (0.130208ms)
✔ parcela declarada sem lançamento: singular e plural (0.097666ms)
✔ a diferença entre resultado e caixa é explicada, e some quando não existe (45.50375ms)
✔ o herói mostra caixa quando ele existe e resultado quando não existe (0.49125ms)
(node:14789) [MODULE_TYPELESS_PACKAGE_JSON] Warning: Module type of file:///Users/gabrielalmeidadias/Documents/Empresas/ProOps/DEV/Personal-ProOps-app/src/lib/note-blocks.test.ts is not specified and it doesn't parse as CommonJS.
Reparsing as ES module because module syntax was detected. This incurs a performance overhead.
To eliminate this warning, add "type": "module" to /Users/gabrielalmeidadias/Documents/Empresas/ProOps/DEV/Personal-ProOps-app/package.json.
(Use `node --trace-warnings ...` to show where the warning was created)
✔ classifica os sete tipos de bloco (1.795958ms)
✔ a marcação não vaza para o texto (1.011541ms)
✔ divisória não é confundida com item de lista (0.087458ms)
✔ a primeira linha vira título — mas só se for parágrafo (0.134916ms)
✔ linha em branco não vira bloco, mas o índice continua o da linha original (0.152958ms)
✔ toggle marca e desmarca preservando o recuo (0.201917ms)
✔ toggle em linha que não é item não muda nada (0.105042ms)
✔ converter bloco preserva o texto (0.118333ms)
✔ reaplicar o mesmo tipo devolve o bloco a parágrafo (0.09425ms)
✔ converter para divisória e sair dela não inventa texto (0.1275ms)
✔ lineAt encontra a linha do cursor (0.0995ms)
✔ progresso conta só os itens marcáveis (0.649833ms)
✔ separarTitulo: parágrafo e "# título" viram título; lista não (0.473291ms)
✔ juntarTitulo desfaz separarTitulo — nada pula de campo ao reabrir (0.482708ms)
✔ juntarTitulo nunca deixa quebra de linha entrar no título (0.153042ms)
✔ Enter depois de um item abre o próximo do mesmo tipo (1.033875ms)
✔ Enter no meio da nota, no meio de um item, ou com autocorretor junto (0.438625ms)
✔ Enter num item vazio sai da lista (0.480666ms)
✔ fora de lista, colando várias linhas ou digitando letra, nada muda (3.979375ms)
(node:14790) [MODULE_TYPELESS_PACKAGE_JSON] Warning: Module type of file:///Users/gabrielalmeidadias/Documents/Empresas/ProOps/DEV/Personal-ProOps-app/src/lib/note-inline.test.ts is not specified and it doesn't parse as CommonJS.
Reparsing as ES module because module syntax was detected. This incurs a performance overhead.
To eliminate this warning, add "type": "module" to /Users/gabrielalmeidadias/Documents/Empresas/ProOps/DEV/Personal-ProOps-app/package.json.
(Use `node --trace-warnings ...` to show where the warning was created)
✔ as quatro marcas (0.855917ms)
✔ texto sem marcação sai inteiro, num span só (0.069916ms)
✔ marca no meio da frase (0.051625ms)
✔ aninha, e a ordem das marcas segue a de abertura (0.066834ms)
✔ duas marcas iguais na mesma linha não se confundem (0.052417ms)
✔ snake_case fica intocado — o `_` vem depois de letra e não abre (0.121792ms)
✔ multiplicação não vira negrito (0.058042ms)
✔ delimitador solto é texto (0.041875ms)
✔ mono é literal: nada é interpretado lá dentro (0.054875ms)
✔ `*negrito*` no começo da linha não vira item de lista (0.537292ms)
✔ `* leite` continua sendo item de lista, e o texto dele não tem marcação (0.127875ms)
✔ `***` continua divisória e `___` também (0.089625ms)
✔ marksAt aponta a marca sob o cursor, não a primeira igual da linha (0.111416ms)
✔ seleção vazia insere o par e deixa o cursor no meio (0.161208ms)
✔ envolve a seleção e devolve a seleção nova sobre o mesmo texto (0.071125ms)
✔ já envolvido, desfaz — virar negrito não é caminho de mão única (0.053958ms)
✔ o espaço das pontas fica FORA do delimitador (0.065292ms)
✔ seleção só de espaço não escreve nada (0.050542ms)
✔ o que toggleMark escreve, parseInline lê de volta (0.12825ms)
(node:14794) [MODULE_TYPELESS_PACKAGE_JSON] Warning: Module type of file:///Users/gabrielalmeidadias/Documents/Empresas/ProOps/DEV/Personal-ProOps-app/src/lib/notes-autosave.test.ts is not specified and it doesn't parse as CommonJS.
Reparsing as ES module because module syntax was detected. This incurs a performance overhead.
To eliminate this warning, add "type": "module" to /Users/gabrielalmeidadias/Documents/Empresas/ProOps/DEV/Personal-ProOps-app/package.json.
(Use `node --trace-warnings ...` to show where the warning was created)
✔ autosave: texto novo em nota existente grava (0.641875ms)
✔ autosave: nada mudou não vira requisição (0.094834ms)
✔ autosave: antes da hidratação nunca grava (a nota ainda está carregando) (0.076542ms)
✔ autosave: remontagem com estado zerado NÃO esvazia a nota — é o bug de 28/08 (0.079792ms)
✔ autosave: apagar o texto de propósito também não grava — apagar é a Lixeira (0.070708ms)
✔ autosave: nota em branco nunca é inserida (0.067792ms)
✔ autosave: nota que já estava vazia pode receber texto e continuar vazia sem gravar (0.071708ms)
✔ autosave: nota na lixeira não recebe mais nada (0.06075ms)
(node:14795) [MODULE_TYPELESS_PACKAGE_JSON] Warning: Module type of file:///Users/gabrielalmeidadias/Documents/Empresas/ProOps/DEV/Personal-ProOps-app/src/lib/notifications.test.ts is not specified and it doesn't parse as CommonJS.
Reparsing as ES module because module syntax was detected. This incurs a performance overhead.
To eliminate this warning, add "type": "module" to /Users/gabrielalmeidadias/Documents/Empresas/ProOps/DEV/Personal-ProOps-app/package.json.
(Use `node --trace-warnings ...` to show where the warning was created)
✔ abrir o app por uma notificação leva ao destino e LIMPA a resposta (145.801667ms)
✔ a abertura seguinte não repete a notificação antiga (20.958458ms)
✔ tocar com o app aberto também limpa — senão a próxima abertura voltaria para lá (7.926208ms)
(node:14810) [MODULE_TYPELESS_PACKAGE_JSON] Warning: Module type of file:///Users/gabrielalmeidadias/Documents/Empresas/ProOps/DEV/Personal-ProOps-app/src/lib/onboarding.test.ts is not specified and it doesn't parse as CommonJS.
Reparsing as ES module because module syntax was detected. This incurs a performance overhead.
To eliminate this warning, add "type": "module" to /Users/gabrielalmeidadias/Documents/Empresas/ProOps/DEV/Personal-ProOps-app/package.json.
(Use `node --trace-warnings ...` to show where the warning was created)
✔ only an explicit persisted completion skips initial preferences (0.588583ms)
✔ completion belongs to the current account, not the device (0.592125ms)
(node:14814) [MODULE_TYPELESS_PACKAGE_JSON] Warning: Module type of file:///Users/gabrielalmeidadias/Documents/Empresas/ProOps/DEV/Personal-ProOps-app/src/lib/onde-muda.test.ts is not specified and it doesn't parse as CommonJS.
Reparsing as ES module because module syntax was detected. This incurs a performance overhead.
To eliminate this warning, add "type": "module" to /Users/gabrielalmeidadias/Documents/Empresas/ProOps/DEV/Personal-ProOps-app/package.json.
(Use `node --trace-warnings ...` to show where the warning was created)
✔ conta que muda aparece; conta igual e "sem conta" não (3.651833ms)
✔ fica negativa: quando passa a ficar, ou fica MAIS CEDO (0.638459ms)
✔ conta que só existe no depois (recebe a primeira movimentação) aparece com antes nulo (0.065084ms)
✔ cartão: faturas antes → depois pelo vencimento, fatura nova conta do zero (0.180292ms)
✔ passa do limite: quanto; sem limite: nunca "passa", diz que não tem (0.088083ms)
✔ cartão que não muda não aparece; conta do tipo cartão no horizonte de contas não aparece (0.06325ms)
✔ contas antes dos cartões, na ordem em que vieram (0.078166ms)
✔ a frase do limite: passa agora, já estava acima (visto no staging, 29/09/2026) ou sem limite (0.132583ms)
✔ a frase do negativo: nova, mais cedo (visto no staging, 29/09/2026) ou a mesma de antes (0.129416ms)
(node:14815) [MODULE_TYPELESS_PACKAGE_JSON] Warning: Module type of file:///Users/gabrielalmeidadias/Documents/Empresas/ProOps/DEV/Personal-ProOps-app/src/lib/payment-method-fields.test.ts is not specified and it doesn't parse as CommonJS.
Reparsing as ES module because module syntax was detected. This incurs a performance overhead.
To eliminate this warning, add "type": "module" to /Users/gabrielalmeidadias/Documents/Empresas/ProOps/DEV/Personal-ProOps-app/package.json.
(Use `node --trace-warnings ...` to show where the warning was created)
✔ Pix fee input exposes a distinct label for assistive technology (56.765041ms)
✔ payment control emits an intentional clear while keeping its error and hint in Field (96.828291ms)
✔ series and purchase method switches preserve the incompatible origin and explain its identity (121.059166ms)
✔ down payment can select card funding without changing its main payment draft (6.195041ms)
(node:14816) [MODULE_TYPELESS_PACKAGE_JSON] Warning: Module type of file:///Users/gabrielalmeidadias/Documents/Empresas/ProOps/DEV/Personal-ProOps-app/src/lib/payment-method-filters.test.ts is not specified and it doesn't parse as CommonJS.
Reparsing as ES module because module syntax was detected. This incurs a performance overhead.
To eliminate this warning, add "type": "module" to /Users/gabrielalmeidadias/Documents/Empresas/ProOps/DEV/Personal-ProOps-app/package.json.
(Use `node --trace-warnings ...` to show where the warning was created)
✔ opções de filtro incluem métodos canônicos e Não informado como valor próprio (2.547958ms)
✔ normalização deduplica e ordena sem modificar a seleção original (0.235375ms)
✔ normalização recusa valores desconhecidos, null e tentativa de condição SQL (0.413042ms)
✔ normalização recusa array esparso em vez de abrir o recorte silenciosamente (0.0945ms)
✔ links aceitam lista por vírgula e parâmetros repetidos, com espaços e duplicatas (0.960417ms)
✔ links vazios significam ausência; valor inválido nunca significa Não informado ou todos (1.634584ms)
✔ link em array esparso é inválido como um todo, mesmo com método conhecido ao lado (0.086917ms)
✔ expressões fechadas distinguem ausência, null, múltiplos conhecidos e combinação (0.833792ms)
(node:14817) [MODULE_TYPELESS_PACKAGE_JSON] Warning: Module type of file:///Users/gabrielalmeidadias/Documents/Empresas/ProOps/DEV/Personal-ProOps-app/src/lib/payment-method-flow.test.ts is not specified and it doesn't parse as CommonJS.
Reparsing as ES module because module syntax was detected. This incurs a performance overhead.
To eliminate this warning, add "type": "module" to /Users/gabrielalmeidadias/Documents/Empresas/ProOps/DEV/Personal-ProOps-app/package.json.
(Use `node --trace-warnings ...` to show where the warning was created)
✔ purchase builder distinguishes omitted metadata from an intentional clear (0.923125ms)
✔ down payment preserves its own method instead of the financed method (0.53325ms)
✔ method travels between formats and save-and-create-another without changing accounting kind (0.149791ms)
✔ occurrence hydration and method-only future patch use the occurrence and update the series default independently (0.732334ms)
✔ purchase method-only edit is scoped and structural save keeps it (0.458125ms)
✔ structural purchase save uses the revision from the hydrated snapshot (0.167292ms)
✔ simulation and apply preserve method for each format (0.52125ms)
✔ write builders reject an unrecognized method rather than silently losing user intent (0.38ms)
✔ legacy unknown reads stay unknown and cannot be confused with a recognized payment (0.158625ms)
✔ compatible funding choices preserve account identity and never mutate the selected origin (0.288125ms)
✔ canonical expense and own transfer destination use one primary with explicit fee instead of an unowned second line (0.192583ms)
✔ canonical destination excludes income fees and preserves omitted metadata (0.085125ms)
✔ canonical simulation does not guess a fee from Pix and card metadata (0.083417ms)
(node:14832) [MODULE_TYPELESS_PACKAGE_JSON] Warning: Module type of file:///Users/gabrielalmeidadias/Documents/Empresas/ProOps/DEV/Personal-ProOps-app/src/lib/phone-br.test.ts is not specified and it doesn't parse as CommonJS.
Reparsing as ES module because module syntax was detected. This incurs a performance overhead.
To eliminate this warning, add "type": "module" to /Users/gabrielalmeidadias/Documents/Empresas/ProOps/DEV/Personal-ProOps-app/package.json.
(Use `node --trace-warnings ...` to show where the warning was created)
✔ máscara progressiva acompanha a digitação (0.744541ms)
✔ fixo de 10 dígitos quebra o hífen num lugar diferente do celular (0.132916ms)
✔ DDI só é removido quando sobra número demais para ser nacional (0.093125ms)
✔ lixo e excesso não passam (0.081542ms)
✔ validade cobre o que o botão precisa saber (0.106334ms)
✔ E.164 e exibição saem da mesma normalização (0.559834ms)
✔ telefoneLegivel escreve o número brasileiro por partes, que quebram entre si (nunca "+553599874/4200") (0.114375ms)
(node:14854) [MODULE_TYPELESS_PACKAGE_JSON] Warning: Module type of file:///Users/gabrielalmeidadias/Documents/Empresas/ProOps/DEV/Personal-ProOps-app/src/lib/phone-link.test.ts is not specified and it doesn't parse as CommonJS.
Reparsing as ES module because module syntax was detected. This incurs a performance overhead.
To eliminate this warning, add "type": "module" to /Users/gabrielalmeidadias/Documents/Empresas/ProOps/DEV/Personal-ProOps-app/package.json.
(Use `node --trace-warnings ...` to show where the warning was created)
✔ aceita o mesmo usuário e telefone mesmo com formatos diferentes (0.604333ms)
✔ recusa resposta do OTP que aponta para outro usuário (0.088375ms)
✔ recusa usuário sem telefone ou com outro número (0.072125ms)
(node:14856) [MODULE_TYPELESS_PACKAGE_JSON] Warning: Module type of file:///Users/gabrielalmeidadias/Documents/Empresas/ProOps/DEV/Personal-ProOps-app/src/lib/proximo-passo.test.ts is not specified and it doesn't parse as CommonJS.
Reparsing as ES module because module syntax was detected. This incurs a performance overhead.
To eliminate this warning, add "type": "module" to /Users/gabrielalmeidadias/Documents/Empresas/ProOps/DEV/Personal-ProOps-app/package.json.
(Use `node --trace-warnings ...` to show where the warning was created)
✔ a ordem: importar, projeção, lembrete, parcelada, nota (0.744125ms)
✔ importar leva à importação com o cartão já escolhido (0.086125ms)
✔ sem cartão não oferece importar a fatura nem compra parcelada (0.08625ms)
✔ o que já foi feito não volta, e sem passo aplicável é null (0.067667ms)
(node:14883) [MODULE_TYPELESS_PACKAGE_JSON] Warning: Module type of file:///Users/gabrielalmeidadias/Documents/Empresas/ProOps/DEV/Personal-ProOps-app/src/lib/purchase-write.test.ts is not specified and it doesn't parse as CommonJS.
Reparsing as ES module because module syntax was detected. This incurs a performance overhead.
To eliminate this warning, add "type": "module" to /Users/gabrielalmeidadias/Documents/Empresas/ProOps/DEV/Personal-ProOps-app/package.json.
(Use `node --trace-warnings ...` to show where the warning was created)
✔ useCreateInstallmentPlan: mesmo payload conserva a tentativa entre renders; outra montagem recebe chave propria (553.681958ms)
✔ useCreateInstallmentPlan: payload diferente recebe nova tentativa sem modificar o input (262.333583ms)
✔ useCreateInstallmentPlan: erro da RPC e falha de transporte preservam chave no retry (187.519333ms)
✔ useSaveDebt: mesmo payload conserva a tentativa entre renders; outra montagem recebe chave propria (277.037125ms)
✔ useSaveDebt: payload diferente recebe nova tentativa sem modificar o input (309.170709ms)
✔ useSaveDebt: erro da RPC e falha de transporte preservam chave no retry (248.702375ms)
✔ useAddPurchaseDownPayment: mesmo payload conserva a tentativa entre renders; outra montagem recebe chave propria (2.897ms)
✔ useAddPurchaseDownPayment: payload diferente recebe nova tentativa sem modificar o input (1.639166ms)
✔ useAddPurchaseDownPayment: erro da RPC e falha de transporte preservam chave no retry (1.507166ms)
✔ useCreateInstallmentPlan: a chave tambem acompanha o valor/contrato quando a outra parte fica igual (244.068375ms)
✔ useSaveDebt: a chave tambem acompanha o valor/contrato quando a outra parte fica igual (255.628125ms)
✔ useAddPurchaseDownPayment: a chave tambem acompanha o valor/contrato quando a outra parte fica igual (1.859833ms)
✔ compra com entrada transmite somente contrato remanescente e os tres campos independentes da entrada (141.995542ms)
✔ compra sem entrada conserva conta, historico, estabelecimento e ultimo dia (318.44475ms)
✔ financiamento com/sem entrada conserva o contrato e nao cria debt_id/installment_plan_id na entrada (184.1465ms)
✔ anexar entrada usa o parent escolhido e devolve o id da despesa sem editar o contrato (2.930875ms)
✔ editar divida preserva id e versao na consulta; nao cria parent nem grava entrada no contrato (209.781416ms)
✔ divida alterada por outra escrita recusa update vazio e nao cria parent como fallback (145.903125ms)
(node:14884) [MODULE_TYPELESS_PACKAGE_JSON] Warning: Module type of file:///Users/gabrielalmeidadias/Documents/Empresas/ProOps/DEV/Personal-ProOps-app/src/lib/push-routes.test.ts is not specified and it doesn't parse as CommonJS.
Reparsing as ES module because module syntax was detected. This incurs a performance overhead.
To eliminate this warning, add "type": "module" to /Users/gabrielalmeidadias/Documents/Empresas/ProOps/DEV/Personal-ProOps-app/package.json.
(Use `node --trace-warnings ...` to show where the warning was created)
✔ o fechamento abre O CICLO QUE FECHOU, não o corrente (1.472666ms)
✔ `ref` que não é mês é IGNORADO — a rota abre sem parâmetro (0.190708ms)
✔ `ref` nunca escolhe PARA ONDE se navega — só o `target` faz isso (0.083042ms)
✔ alvo fora da allowlist não navega (8.331375ms)
✔ `toString` não devolve uma FUNÇÃO para o router (0.206042ms)
✔ data ausente, vazio ou de tipo errado não navega (0.134084ms)
✔ os alvos que o servidor produz hoje todos resolvem (1.235625ms)
(node:14907) [MODULE_TYPELESS_PACKAGE_JSON] Warning: Module type of file:///Users/gabrielalmeidadias/Documents/Empresas/ProOps/DEV/Personal-ProOps-app/src/lib/push-targets-contract.test.ts is not specified and it doesn't parse as CommonJS.
Reparsing as ES module because module syntax was detected. This incurs a performance overhead.
To eliminate this warning, add "type": "module" to /Users/gabrielalmeidadias/Documents/Empresas/ProOps/DEV/Personal-ProOps-app/package.json.
(Use `node --trace-warnings ...` to show where the warning was created)
✔ os alvos de push do servidor e do app são exatamente os mesmos (1.496791ms)
✔ todo alvo que `target_for` devolve está na allowlist do app (0.329375ms)
✔ o fechamento de ciclo tem alvo próprio, e ele é `cycle` (0.188375ms)
✔ o `ref` só vira parâmetro de rota depois de passar por regex de mês (0.086583ms)
(node:14922) [MODULE_TYPELESS_PACKAGE_JSON] Warning: Module type of file:///Users/gabrielalmeidadias/Documents/Empresas/ProOps/DEV/Personal-ProOps-app/src/lib/rascunho-no-ciclo.test.ts is not specified and it doesn't parse as CommonJS.
Reparsing as ES module because module syntax was detected. This incurs a performance overhead.
To eliminate this warning, add "type": "module" to /Users/gabrielalmeidadias/Documents/Empresas/ProOps/DEV/Personal-ProOps-app/package.json.
(Use `node --trace-warnings ...` to show where the warning was created)
✔ cada ocorrência vira uma linha com nome, e a parcela adiantada lê como dinheiro que fica (1.182916ms)
✔ o fechamento soma o efeito de antes no "comecei" e o de dentro em entrou/saiu (0.174958ms)
(node:14923) [MODULE_TYPELESS_PACKAGE_JSON] Warning: Module type of file:///Users/gabrielalmeidadias/Documents/Empresas/ProOps/DEV/Personal-ProOps-app/src/lib/rascunho.test.ts is not specified and it doesn't parse as CommonJS.
Reparsing as ES module because module syntax was detected. This incurs a performance overhead.
To eliminate this warning, add "type": "module" to /Users/gabrielalmeidadias/Documents/Empresas/ProOps/DEV/Personal-ProOps-app/package.json.
(Use `node --trace-warnings ...` to show where the warning was created)
✔ versão 2 volta como foi gravada; vazio grava texto vazio (1.21025ms)
✔ formato estranho ou corrompido não quebra: vira vazio (0.127958ms)
✔ item estragado da versão 2 sai; o resto continua (0.134792ms)
✔ rascunho da versão 1 vira a versão 2 (0.245542ms)
✔ o motivo: a frase NOSSA passa, o texto cru do Postgres não (0.11425ms)
✔ F09 rascunho preserva UUID/null e descarta item com identidade inválida sem quebrar legado (0.288459ms)
(node:14947) [MODULE_TYPELESS_PACKAGE_JSON] Warning: Module type of file:///Users/gabrielalmeidadias/Documents/Empresas/ProOps/DEV/Personal-ProOps-app/src/lib/reabrir-ao-voltar.test.ts is not specified and it doesn't parse as CommonJS.
Reparsing as ES module because module syntax was detected. This incurs a performance overhead.
To eliminate this warning, add "type": "module" to /Users/gabrielalmeidadias/Documents/Empresas/ProOps/DEV/Personal-ProOps-app/package.json.
(Use `node --trace-warnings ...` to show where the warning was created)
✔ a folha só reabre depois de a tela ter saído do foco e voltado (0.615375ms)
(node:14950) [MODULE_TYPELESS_PACKAGE_JSON] Warning: Module type of file:///Users/gabrielalmeidadias/Documents/Empresas/ProOps/DEV/Personal-ProOps-app/src/lib/recurring-state.test.ts is not specified and it doesn't parse as CommonJS.
Reparsing as ES module because module syntax was detected. This incurs a performance overhead.
To eliminate this warning, add "type": "module" to /Users/gabrielalmeidadias/Documents/Empresas/ProOps/DEV/Personal-ProOps-app/package.json.
(Use `node --trace-warnings ...` to show where the warning was created)
✔ conversão encerra pelo corte antes da próxima mesmo com active preservado (0.375667ms)
✔ fim anterior a hoje encerra mesmo com next_run_at desatualizado (0.0835ms)
✔ fim hoje é inclusivo quando a próxima ainda cabe (0.056209ms)
✔ virada UTC não antecipa o fim no Brasil (0.054875ms)
✔ fim futuro com próxima válida mantém estado ativo ou pausado (0.054583ms)
✔ sem fim segue o estado persistido (0.0485ms)
✔ encerrada prevalece sobre pausa e erro antigo (0.055833ms)
✔ data pura da próxima mantém o dia local e timestamp inválido não inventa encerramento (5.810042ms)
(node:14962) [MODULE_TYPELESS_PACKAGE_JSON] Warning: Module type of file:///Users/gabrielalmeidadias/Documents/Empresas/ProOps/DEV/Personal-ProOps-app/src/lib/refresh-consistency.test.ts is not specified and it doesn't parse as CommonJS.
Reparsing as ES module because module syntax was detected. This incurs a performance overhead.
To eliminate this warning, add "type": "module" to /Users/gabrielalmeidadias/Documents/Empresas/ProOps/DEV/Personal-ProOps-app/package.json.
(Use `node --trace-warnings ...` to show where the warning was created)
✔ F06: padrões de categoria leem todas as páginas do workspace e não aceitam leitura incompleta (1424.725125ms)
✔ F06: edição de parcela exige as duas revisões e envia snapshot no comando idempotente (922.418125ms)
✔ F06: categoria salva configuração, rename e período numa única RPC e devolve contagem real (616.624417ms)
✔ F06: edição estrutural de compra não perde patch parcial nem muda nonce no retry (681.97125ms)
✔ F01: compra e taxa usam uma RPC atômica; perda da resposta repete a mesma intenção (464.995125ms)
✔ F01: edição envia a revisão lida e distingue método omitido de limpeza explícita (379.084291ms)
✔ F01: editar compra inteira envia forma e revisão e reutiliza a intenção no retry (405.366917ms)
✔ F01: duplicar deliberadamente depois do sucesso cria uma nova intenção (458.558041ms)
✔ F01: criação recorrente repete a intenção após perder resposta e renova após confirmação (512.052292ms)
✔ F01: editar juros consulta somente o vínculo explícito, mesmo com mesma conta e data (446.891167ms)
✔ F01: título de juros no pai não impede carregar sua taxa vinculada; filho explícito não procura outra taxa (327.823667ms)
✔ F01: linha filha de juros com título alterado não consulta como compra pai (261.763958ms)
✔ conversion retries after a committed response is lost reuse the request and result (438.526292ms)
✔ conversion shares concurrent identical intent but changes request for a new scope or entry (352.600167ms)
✔ converting a transaction to installments with an entry also keys response-loss retries (324.213458ms)
✔ settling a historical invoice refreshes history without realtime and invalidates inactive installment/report caches (297.641375ms)
✔ F09: save refreshes mounted category counts without realtime (335.840375ms)
✔ F09: resolved-save refreshes mounted category counts without realtime (296.258542ms)
✔ F09: resolved-cancellation refreshes mounted category counts without realtime (260.551041ms)
✔ financial mutation remains pending until active reads finish (249.731958ms)
✔ completed agent turn invalidates writable domains without relying on realtime (21.454417ms)
✔ every ledger mutation invalidates historical derived reads and search (325.459583ms)
✔ import create/approve/discard/update refresh batch history without waiting for realtime (252.843208ms)
✔ agent processing response preserves domain caches until completion (10.984417ms)
✔ criar conversa: onMutate volta a local para processing; onError marca failed, invalida a lista e abre o paywall (14.162875ms)
✔ realtime account change refreshes balances/forecast derived reads once per table (93.343ms)
✔ native resume reloads fresh active data, skips disabled reads and does not fetch on initial active event (2.621084ms)
✔ native resume cancels an old inflight read before fetching current data (2.100958ms)
✔ realtime remount does not reuse a channel whose asynchronous removal is still pending (50.705292ms)
✔ 48 realtime row events coalesce and an event during refetch still gets a final fresh read (107.306375ms)
✔ Today routes an overdue invoice to invoice payment instead of writing its ID into transactions (24.735792ms)
✔ Today opens the pay confirmation for the standalone transaction and exposes pull to refresh (18.133667ms)
✔ mark paid rejects a zero-row write instead of reporting success (294.486ms)
✔ toda chave de consulta financeira está em FINANCE_KEYS, ou tem motivo escrito (1.198042ms)
✔ a simulação é marcada velha na escrita, mas NÃO recalcula ali (o rascunho ainda tem a hipótese aplicada) (2.646375ms)
✔ excluir compra chama exclusão atômica de entrada e plano; erro do banco é propagado (279.720417ms)
✔ F07 hooks: consulta escopa workspace/data e resposta de outro workspace nunca vira reserva (35.043959ms)
✔ F07 hooks: retry da escrita usa mesmo recibo e confirmação invalida a reserva (15.209917ms)
✔ F07 hooks: o dia validado pelo servidor não depende do fuso ou relógio do aparelho (33.34775ms)
✔ F07 hooks: resolução usa identidade original e cancelamento selado invalida a reserva sem gravar (19.365583ms)
✔ F08 hooks: one workspace RPC owns the complete horizon and previous query data is not a placeholder (28.353417ms)
✔ F08 hooks: ambiguous outcomes do not invalidate a scenario; sealed cancellation and success do (20.975875ms)
✔ F08 fresh editor read preserves explicit workspace, draft and cancellation signal (29.21325ms)
(node:14963) [MODULE_TYPELESS_PACKAGE_JSON] Warning: Module type of file:///Users/gabrielalmeidadias/Documents/Empresas/ProOps/DEV/Personal-ProOps-app/src/lib/rrule-text.test.ts is not specified and it doesn't parse as CommonJS.
Reparsing as ES module because module syntax was detected. This incurs a performance overhead.
To eliminate this warning, add "type": "module" to /Users/gabrielalmeidadias/Documents/Empresas/ProOps/DEV/Personal-ProOps-app/package.json.
(Use `node --trace-warnings ...` to show where the warning was created)
✔ frequências simples (0.497208ms)
✔ dia do mês — a regra que a IA mais gera (0.088125ms)
✔ dias da semana (0.101417ms)
✔ intervalo maior que 1 (0.059083ms)
✔ aceita o prefixo RRULE: e ordem/caixa variadas (0.37375ms)
✔ o que não dá para interpretar volta cru, sem inventar (0.04475ms)
✔ último dia do mês não vira "todo dia -1" (0.044042ms)
(node:14964) [MODULE_TYPELESS_PACKAGE_JSON] Warning: Module type of file:///Users/gabrielalmeidadias/Documents/Empresas/ProOps/DEV/Personal-ProOps-app/src/lib/runtime-config.test.ts is not specified and it doesn't parse as CommonJS.
Reparsing as ES module because module syntax was detected. This incurs a performance overhead.
To eliminate this warning, add "type": "module" to /Users/gabrielalmeidadias/Documents/Empresas/ProOps/DEV/Personal-ProOps-app/package.json.
(Use `node --trace-warnings ...` to show where the warning was created)
✔ configuração do app config vence o fallback injetado pelo Metro (1.07125ms)
✔ fallback continua funcionando quando o app config ainda não tem a chave (0.110833ms)
(node:14965) [MODULE_TYPELESS_PACKAGE_JSON] Warning: Module type of file:///Users/gabrielalmeidadias/Documents/Empresas/ProOps/DEV/Personal-ProOps-app/src/lib/sealed-save.test.ts is not specified and it doesn't parse as CommonJS.
Reparsing as ES module because module syntax was detected. This incurs a performance overhead.
To eliminate this warning, add "type": "module" to /Users/gabrielalmeidadias/Documents/Empresas/ProOps/DEV/Personal-ProOps-app/package.json.
(Use `node --trace-warnings ...` to show where the warning was created)
✔ sealed controller coalesces a write with resolution and publishes immutable owned input (7.802375ms)
✔ unproven receipt keeps the exact UUID and payload until a confirmed retry (0.552667ms)
(node:14966) [MODULE_TYPELESS_PACKAGE_JSON] Warning: Module type of file:///Users/gabrielalmeidadias/Documents/Empresas/ProOps/DEV/Personal-ProOps-app/src/lib/search.test.ts is not specified and it doesn't parse as CommonJS.
Reparsing as ES module because module syntax was detected. This incurs a performance overhead.
To eliminate this warning, add "type": "module" to /Users/gabrielalmeidadias/Documents/Empresas/ProOps/DEV/Personal-ProOps-app/package.json.
(Use `node --trace-warnings ...` to show where the warning was created)
✔ tsquery: prefixo só no último termo (é o que faz buscar enquanto digita) (1.5335ms)
✔ tsquery: entrada vazia ou só pontuação vira string vazia, não query inválida (0.132083ms)
✔ tsquery: pontuação separa termos e não vaza para o operador (0.086667ms)
✔ tsquery: acento e maiúscula são preservados em minúscula (unaccent resolve no banco) (0.074708ms)
✔ tsquery: número entra como termo (0.09225ms)
✔ título é a primeira linha não vazia (0.864417ms)
✔ prévia não repete o título (0.148542ms)
✔ prévia e título não vazam a marcação de NENHUM bloco (0.240167ms)
✔ prévia não vaza a marcação do checklist (aparecia `- [x] leite - [ ] pão`) (0.126875ms)
✔ título de nota que começa com checklist mostra o texto, não a marcação (0.346167ms)
✔ o strip come a MARCAÇÃO, nunca o hífen que é texto (0.130792ms)
✔ prévia não repete a #tag, que já aparece na faixa de metadados (0.105792ms)
✔ prévia preserva # colado em palavra e cerquilha solta (não é tag) (0.108459ms)
✔ nome de pasta respeita o check do banco: lower, trim e 40 chars (0.113584ms)
✔ ilike: metacaractere do PostgREST vira espaço (`compra (mercado)` quebrava a query) (2.96975ms)
✔ ilike: acento, número e hífen sobrevivem (0.109292ms)
✔ ilike: só pontuação vira string vazia (0.045375ms)
✔ tag: acrescenta no fim e não duplica (nem trocando a caixa) (0.34375ms)
✔ tag: entrada suja vira tag válida, e o que o banco não reconhece é recusado (0.0615ms)
✔ tag: remover não deixa espaço duplo nem quebra o resto do texto (9.668958ms)
✔ tag: `#tag` colada em palavra não é tag (mesma regra do banco) (37.819542ms)
✔ prévia e título não vazam a marcação INLINE (`*negrito*`, `_itálico_`) (0.507125ms)
✔ o que não é marcação casada continua na tela (0.104417ms)
✔ notePreview com limite corta numa palavra inteira e marca o corte — a lista não vira a nota inteira (6.01025ms)
(node:14967) [MODULE_TYPELESS_PACKAGE_JSON] Warning: Module type of file:///Users/gabrielalmeidadias/Documents/Empresas/ProOps/DEV/Personal-ProOps-app/src/lib/serie.test.ts is not specified and it doesn't parse as CommonJS.
Reparsing as ES module because module syntax was detected. This incurs a performance overhead.
To eliminate this warning, add "type": "module" to /Users/gabrielalmeidadias/Documents/Empresas/ProOps/DEV/Personal-ProOps-app/package.json.
(Use `node --trace-warnings ...` to show where the warning was created)
✔ F06 série: leitura conserva snapshot do contrato ou ocorrência e legado não vira fixo (1.70375ms)
✔ F06 série: renomear conserva overrides; uma dimensão alterada publica seu par nas linhas e regra (0.668917ms)
✔ F06 série: mudança de previsibilidade propaga intenção mesmo quando contrato já tem o valor escolhido (0.192042ms)
✔ F06 série: converter gasto classificado em receita limpa os quatro campos (0.310625ms)
✔ F06 série: converter ocorrência legado em receita também limpa snapshot conhecido do contrato (0.88475ms)
✔ Esta e as próximas: valor e vencimento mudados — o valor vai pelas linhas, o calendário pela regra (0.543167ms)
✔ Esta e as próximas sem mexer em nada não grava nada — nem o calendário vindo do WhatsApp (0.117458ms)
✔ Tipo, fim e "entra como pago" são da série; título e estabelecimento, das linhas (0.110125ms)
✔ A data do formulário é o vencimento da linha fora do cartão, e a compra no cartão (0.09325ms)
✔ A série no formulário: o próximo é o dia LOCAL, e a repetição sai da regra (0.460667ms)
✔ regra que o app não desenha fica própria: o formulário não a reescreve (0.148875ms)
✔ 30/09 continua dia 30 fixo sem a ação explícita de último dia (0.106917ms)
✔ calendário escolhe dia fixo até no dia 31; ação própria escolhe fim do mês (0.113583ms)
✔ Esta e as próximas numa ocorrência PAGA parte do próximo vencimento, não da data dela (0.251334ms)
✔ A data que o banco deslizou vira aviso; a mesma data, nada (43.885042ms)
✔ F09 snapshot da ocorrência substitui filho do contrato; patch difere omitido/null e alias (0.602125ms)
(node:14968) [MODULE_TYPELESS_PACKAGE_JSON] Warning: Module type of file:///Users/gabrielalmeidadias/Documents/Empresas/ProOps/DEV/Personal-ProOps-app/src/lib/session-gate.test.ts is not specified and it doesn't parse as CommonJS.
Reparsing as ES module because module syntax was detected. This incurs a performance overhead.
To eliminate this warning, add "type": "module" to /Users/gabrielalmeidadias/Documents/Empresas/ProOps/DEV/Personal-ProOps-app/package.json.
(Use `node --trace-warnings ...` to show where the warning was created)
✔ a primeira sessão resolvida é a abertura, não uma troca (2.298292ms)
✔ mesmo usuário (refresh de token, metadados do onboarding) passa direto (1.048166ms)
✔ entrar, sair e trocar de conta passam pela cortina (0.21725ms)
✔ sair cobre descendo e revela subindo até a capa do login (0.401875ms)
✔ troca direta de conta pode usar o botão; sem origem, desce do topo (0.073875ms)
✔ a tela antiga permanece visível enquanto a cortina chega; a nova só entra na revelação (0.088333ms)
✔ a origem lembrada vence depois de um tempo (0.874333ms)
✔ a abertura espera o teto curto, e o longo enquanto a trava pede a senha (0.075041ms)
✔ a marca fica um mínimo na tela, e não mais que isso (0.066125ms)
(node:14981) [MODULE_TYPELESS_PACKAGE_JSON] Warning: Module type of file:///Users/gabrielalmeidadias/Documents/Empresas/ProOps/DEV/Personal-ProOps-app/src/lib/settle-labels.test.ts is not specified and it doesn't parse as CommonJS.
Reparsing as ES module because module syntax was detected. This incurs a performance overhead.
To eliminate this warning, add "type": "module" to /Users/gabrielalmeidadias/Documents/Empresas/ProOps/DEV/Personal-ProOps-app/package.json.
(Use `node --trace-warnings ...` to show where the warning was created)
✔ receita se recebe, despesa se paga (0.745958ms)
✔ kind ausente cai no rótulo de despesa, não em texto vazio (0.102791ms)
✔ caixaLabels: receita CAI, despesa SAI (0.54725ms)
✔ receita não vence — ela é esperada (0.118625ms)
✔ no cartão a data é da fatura, e o rótulo diz isso (0.196ms)
✔ fatura sem data ainda diz que é do cartão (0.072583ms)
✔ fora do cartão nada mudou (0.073709ms)
✔ nenhuma tela escreve "Paguei" à mão (42.545583ms)
✔ compra de cartão que já aconteceu não é previsto, mesmo pendente (0.142292ms)
✔ compra de cartão com data à frente continua previsto (0.263583ms)
✔ conta a pagar que venceu é ATRASADA, não prevista (0.090625ms)
✔ conta que vence hoje ainda é prevista — vencer hoje não é atrasar (0.080833ms)
✔ sem vencimento, quem decide é a data do lançamento (0.059959ms)
✔ receita que passou da data NÃO CAIU — ela não atrasa (0.069958ms)
✔ parcela de plano SEM cartão e com data passada lê atrasada (0.051125ms)
✔ lançamento efetivado não tem estado nenhum (0.054334ms)
✔ fora do cartão quem manda é o vencimento, mesmo com a data do lançamento à frente (0.150834ms)
(node:14982) [MODULE_TYPELESS_PACKAGE_JSON] Warning: Module type of file:///Users/gabrielalmeidadias/Documents/Empresas/ProOps/DEV/Personal-ProOps-app/src/lib/setup-steps.test.ts is not specified and it doesn't parse as CommonJS.
Reparsing as ES module because module syntax was detected. This incurs a performance overhead.
To eliminate this warning, add "type": "module" to /Users/gabrielalmeidadias/Documents/Empresas/ProOps/DEV/Personal-ProOps-app/package.json.
(Use `node --trace-warnings ...` to show where the warning was created)
✔ usuário novo tem os quatro passos abertos, e o último é conhecer o app (1.294958ms)
✔ telefone em branco não conta como WhatsApp ligado (0.1215ms)
✔ abrir o guia marca "Conhecer o app" (0.094042ms)
✔ com tudo feito o progresso é completo (0.084666ms)
(node:14983) [MODULE_TYPELESS_PACKAGE_JSON] Warning: Module type of file:///Users/gabrielalmeidadias/Documents/Empresas/ProOps/DEV/Personal-ProOps-app/src/lib/simple-finance-ui.test.ts is not specified and it doesn't parse as CommonJS.
Reparsing as ES module because module syntax was detected. This incurs a performance overhead.
To eliminate this warning, add "type": "module" to /Users/gabrielalmeidadias/Documents/Empresas/ProOps/DEV/Personal-ProOps-app/package.json.
(Use `node --trace-warnings ...` to show where the warning was created)
✔ F01: título de juros no pai mantém campo e taxa no payload; vínculo explícito oculta campo da filha (112.710125ms)
✔ E se: Ver resultado funciona na primeira hipótese, com Adicionar mais uma disponível em paralelo (959.540917ms)
✔ E se: Adicionar mais uma prepara várias hipóteses sem fechar; Ver resultado inclui a última (736.063375ms)
✔ E se: adiantar vira UMA hipótese — o pagamento e um cancelamento por parcela, no dia de cada uma (566.2015ms)
✔ E se: trocar o mês do pagamento para depois das parcelas escolhidas DIMINUI a quantidade sozinho (584.332667ms)
✔ E se: editar uma entrada troca o valor e a forma no mesmo lugar da lista (463.689042ms)
✔ E se: Ver resultado depois de Somar não duplica a hipótese já adicionada (314.114209ms)
✔ new financing: Nome and Conta first, the name is required and the typed one is saved (145.863875ms)
✔ "Total a pagar" divides by the count and saves the contract that the check accepts (162.486125ms)
✔ financiamento com entrada aceita 12 parcelas de um centavo sem comparar parcela com entrada (163.359875ms)
✔ financiamento com entrada conserva o piso de um centavo por parcela e rejeita valores inválidos (1504.621833ms)
✔ paid history moves the anchor: the date asked is the NEXT one, and the first is derived (139.278375ms)
✔ history above the contract total settles on the total instead of blocking (22/09/2026) (123.208541ms)
✔ Dívidas: Editar e "Nova dívida" abrem o formulário único, e a dívida diz se tem passado (246.124875ms)
✔ editing the paid count keeps the contract calendar: the next date follows the anchor (150.028667ms)
✔ na ficha da dívida o Salvar pergunta só próximas ou todas: não há "esta" (28/09/2026) (168.310833ms)
✔ last-day choice from debt editor carries the due-day rule to future installments (161.290166ms)
✔ unchanged debt Save closes without asking and without writing (148.073709ms)
✔ long press on an active debt offers the full set, including delete for good (271.834834ms)
✔ archived debts have a place to come back from (230.758708ms)
✔ "Desfazer"/Desarquivar de uma dívida que já não existe não diz que ela voltou (245.687125ms)
✔ salvar a edição manda a versão que foi aberta, e a dívida que mudou no meio vira aviso (129.376292ms)
✔ without archived debts there is no empty "Arquivadas" row (264.732875ms)
✔ delete for good asks with the consequence first, then deletes (219.935834ms)
✔ a ficha da dívida é uma tela: Editar no topo e o resto no "…", com as ações do toque longo (384.252958ms)
✔ detalhe da dívida: "A seguir" começa na próxima, 20 por vez, e "Já pagas" vem da mais recente (233.61425ms)
✔ detalhe da dívida: juros de R$ 0,00 não viram linha vermelha; juros de verdade continuam (430.41175ms)
✔ por onde começar: dívida com juros ZERO diz "sem juros", como a linha dela (225.801542ms)
✔ editing the paid count of an OLD debt keeps the date its schedule shows (final review, 23/09/2026) (126.872208ms)
✔ editar com os pagamentos sem carregar diz por que o Salvar não liga, e tenta de novo (123.571917ms)
✔ as pagas não descem abaixo da maior parcela já paga pelo app (não só da contagem) (108.071ms)
✔ diminuir as pagas de uma dívida com âncora nunca mostra uma próxima parcela no passado (101.161958ms)
✔ tocar no dia 28 de fevereiro escolhe dia fixo, e a ação explícita preserva fim do mês (247.223583ms)
✔ editing an OLD debt without its schedule loaded never invents an anchor (118.212083ms)
✔ detailed mode still exposes the financial inputs (115.386459ms)
✔ a debt without installments has no cadence, so it never demands a due day (98.995584ms)
✔ link antigo de Dívidas e Recorrentes (`?create=`, `?edit=`) abre o formulário único no lugar da lista (748.41975ms)
✔ aberto por link, como a primeira tela da pilha, fechar o formulário fica na lista (72.09375ms)
✔ e quem abriu o formulário PELA PRÓPRIA tela continua nela (182.399041ms)
✔ na ficha da dívida, pagar e fechar a folha fica na ficha — nada de voltar sozinho (322.935792ms)
✔ editing a legacy amortized financing preserves its mode and remaining-term semantics (139.306833ms)
✔ trocar cobrança de financiamento existente salva o modo e conserva o prazo restante (206.473667ms)
✔ trocar cobrança e valor com pagamento registrado não oferece reescrever o passado (93.429208ms)
✔ visible invoice settlement confirms then marks paid without issuing an account payment (56.572334ms)
✔ the docked card carries the invoice summary and the explaining lines (65.953917ms)
✔ Fatura: tudo que se faz com ela se desfaz — pagamento, quitar à mão e adiar (170.148875ms)
✔ a paid invoice does not expose settlement or payment buttons (65.609334ms)
✔ an asset with a valid name but no value cannot be saved (32.807375ms)
✔ Lançamentos abre julho pelo mês civil para incluir um vencimento de 31/07 em julho (451.32925ms)
✔ Lançamentos mantém Lançar no header sem cobrir a recorrência calculada (111.267875ms)
✔ Lançamentos com as bordas do período falhando mostra o erro, não um esqueleto eterno (103.789ms)
✔ o "Tentar de novo" do período refaz as BORDAS, não o resumo buscado com o palpite (114.9305ms)
✔ Lançamentos com o período resolvido desenha o resumo, sem erro (127.371208ms)
✔ Lançamentos: a prevista mora na lista, no dia dela, e o toque a abre (28/09/2026) (131.870458ms)
✔ Lançamentos mostra a falha na leitura dos registros reais, mesmo com previstas (169.487417ms)
✔ Lançamentos mostra só uma falha quando a consulta das previsões falha (145.312167ms)
✔ Orçamentos com as bordas falhando avisa em "Sem limite", em vez de sumir com a seção (25.832625ms)
✔ Orçamentos com o período resolvido não mostra falha nenhuma (19.181458ms)
✔ Financeiro com as bordas falhando mostra o erro no herói, não um esqueleto eterno (60.524167ms)
✔ o "Tentar de novo" do herói refaz as bordas e nunca o resumo sem elas (59.8045ms)
✔ trocando de mês, com as bordas ainda chegando, o herói espera em vez de desenhar zero (58.315417ms)
✔ Financeiro segura a primeira pintura enquanto as bordas do mês ANTERIOR chegam (108.360958ms)
✔ Financeiro com o período resolvido não mostra falha nem esqueleto no herói (51.053833ms)
✔ Hoje: o atrasado aparece no Seu dia e o botão dá baixa no lançamento certo, depois de confirmar o valor (77.2915ms)
✔ Hoje: "Recebi" pergunta quanto ENTROU; numa série, outro valor pode valer para as próximas (86.379375ms)
✔ Hoje: fatura atrasada leva para a fatura, nunca dá baixa de lançamento (82.326917ms)
✔ Hoje: compra que vai cair no cartão aparece nos próximos dias e abre a fatura (103.721333ms)
✔ Hoje: usuário novo vê os Primeiros passos (105.172292ms)
✔ Hoje: com os passos todos feitos o card não aparece (94.833333ms)
✔ Hoje: o Próximo passo espera os Primeiros passos acabarem (87.379208ms)
✔ Hoje: com os Primeiros passos feitos aparece o Próximo passo, e ele leva ao lugar (76.100167ms)
✔ Hoje: falha nas contas mostra o erro no Seu dia, e o "Tentar de novo" refaz as contas (92.895875ms)
✔ Hoje: dia sem nada diz "Nada para hoje" num vazio COMPACTO — o resto da tela continua embaixo (173.124458ms)
✔ Hoje: os blocos vão DIRETO para a cascata — um Fragment vazio era um vão de 24dp (108.724791ms)
✔ Hoje: cada leitura do card do dinheiro que falha aparece, e o "Tentar de novo" refaz só ela (94.841042ms)
✔ Hoje: sem o ciclo e sem próxima entrada, o card não inventa "1 dia" (75.34975ms)
✔ Hoje: sem as contas, os próximos dias dizem que falharam em vez de mostrar só o cartão (82.681208ms)
✔ Hoje: o que pede atenção mora no Seu dia e no card do dinheiro, cada um com o seu destino (82.512ms)
✔ Hoje: lembrete que ficou de outro dia diz a data dele; o de hoje tem o AGORA antes (78.359167ms)
✔ Hoje: o dinheiro vem por dia, com o livre total na legenda, e tocar abre o menu de sempre (129.805667ms)
✔ Hoje: falha no dinheiro do dia diz que falhou, e o "Tentar de novo" refaz só ele (70.857666ms)
✔ Hoje: as notas fixadas aparecem; sem fixada, as últimas; e tocar abre a nota (338.748125ms)
✔ Hoje: "Em conta" soma exatamente as linhas que mostra, e cartão fica de fora (80.416458ms)
✔ Hoje: tocar numa conta abre o extrato DELA (77.358375ms)
✔ Hoje: falha nos saldos diz que falhou e refaz só os saldos (65.371875ms)
✔ Hoje: sem conta nenhuma a linha "Em conta" não afirma R$ 0,00 (81.89625ms)
✔ Hoje: a semana vem no topo — três dias para trás pela régua do "saiu hoje", hoje no meio (84.786333ms)
✔ Hoje: a semana sem o gasto — ou sem os próximos dias — diz que falhou, e refaz só o que falhou (178.18675ms)
✔ Hoje: sem "por dia" a semana não desenha régua (68.356291ms)
✔ Financeiro: os atalhos do mosaico levam aos mesmos destinos de antes (50.099292ms)
✔ Financeiro: Entra e Sai abrem o ciclo filtrado pelo lado (58.599167ms)
✔ Financeiro: o FAB continua oferecendo as três formas de lançar (44.899292ms)
✔ Hoje tablet reuses its real blocks and retains their destinations (92.221833ms)
✔ Financeiro tablet keeps the cycle, analysis and all management actions (46.901791ms)
✔ Cartões: "Importar fatura" se alcança com o DEDO (toque longo), não só pelo leitor de tela (14.860875ms)
✔ Importar: no Free o aviso do Pro É a etapa — sem conta, sem arquivo, "Ver planos" leva ao paywall (28.461292ms)
✔ Importar: enquanto o plano carrega, esqueleto — o botão não nasce ligado para o aviso entrar depois (29.217ms)
✔ Importar: ?conta= de uma conta da pessoa já nasce escolhida e o arquivo está liberado (30.082291ms)
✔ Importar: ?conta= que não é da pessoa é ignorado — nada pré-escolhido, o arquivo espera a conta (27.696ms)
✔ Lembretes: arrastar à direita pausa (até o fim, com Desfazer), à esquerda apaga (26.052625ms)
✔ Lançamentos: pendente arrasta Paguei à direita; efetivado arrasta Editar; Apagar à esquerda (235.953709ms)
✔ Paguei confirma valor e baixa numa única escrita, inclusive com correção (215.008584ms)
✔ Financeiro: o último lançamento arrasta Editar e Apagar (Ver detalhe é o toque) (45.397834ms)
✔ Fatura: a compra arrasta Editar e Apagar (48.0625ms)
✔ Contas: a conta arrasta Editar e Arquivar (Ver extrato é o toque) (48.156209ms)
✔ Projeção: a conta prevista arrasta Paguei à direita; Editar mora no Mais (a esquerda só tira da lista) (160.063417ms)
✔ Regras: a regra arrasta Editar e Apagar (25.386708ms)
✔ Dívidas: arrasta Pagar parcela à direita; Arquivar à esquerda vai até o fim (tem Desfazer) (141.738959ms)
✔ Cartões: fatura aberta arrasta Importar fatura à direita e Arquivar à esquerda (10.022458ms)
✔ Cartões: "Paguei" abre a fatura já no pagamento, não só a fatura (13.2265ms)
✔ Recorrentes: arrasta Pausar (até o fim, com Desfazer) e Apagar; o resto no Mais (44.617125ms)
✔ Metas: arrasta Guardar à direita e Arquivar à esquerda (46.026584ms)
✔ Nota: arrasta Fixar à direita e Arquivar à esquerda (os dois até o fim); o resto no Mais (18.358458ms)
✔ Nota colorida: o cartão INTEIRO é da cor, e sem cor própria herda a da pasta (53.082125ms)
✔ Pasta: arrasta Fixar à direita e Arquivar à esquerda (os dois até o fim); o resto no Mais (18.293542ms)
✔ Lixeira: Restaurar à direita, Apagar de vez à esquerda (Ver conteúdo é o toque) (25.684375ms)
✔ Arquivadas das notas: Desarquivar à direita, apagar à esquerda (29.392ms)
✔ Conversa: arrasta Renomear à direita e Apagar à esquerda (4.393375ms)
✔ Importação: arrasta só Apagar registro à esquerda (retomar é o toque) (27.909917ms)
✔ Orçamento: arrasta Editar limite à direita; o resto no Mais (15.147917ms)
✔ Aporte: no extrato da meta arrasta Apagar à esquerda, e ele confirma antes de mover dinheiro (41.397584ms)
✔ Parcelada: arrasta Editar a compra à direita e Apagar a compra inteira à esquerda; o resto no Mais (129.789625ms)
✔ Lançamentos: o valor da linha não encolhe a fonte (88.973ms)
✔ Row: extrato deixa dinheiro quebrar de linha sem herdar ajuste de fonte do trailing (9.013042ms)
✔ Row: fonte de acessibilidade reserva uma linha completa antes de ajustar dinheiro grande (3.048166ms)
✔ Paywall: no plano que a pessoa já tem, o botão não oferece dias grátis (5.9425ms)
✔ Ciclo: dentro de cada grupo, do mais recente para o mais antigo, e 20 por vez com "Ver mais" (104.195875ms)
✔ Importar: a prévia desenha cada grupo aos poucos, e "Marcar todos" continua valendo para o grupo inteiro (25.748083ms)
✔ Importar: a linha se edita antes de importar — título, tipo e categoria (29.099625ms)
✔ Importar: "Está no app e não veio no arquivo" vem do mais recente para o mais antigo, aos poucos (26.542417ms)
✔ Projeção: "Atrasado" e os meses aparecem aos poucos, com "Ver mais" (364.059917ms)
✔ Recorrentes: cada seção aparece aos poucos, com "Ver mais" (65.441583ms)
✔ Metas: o extrato vem aos poucos, e o total do mês continua sendo o do mês inteiro (50.413833ms)
✔ Parcelada aberta: "A seguir" a partir da próxima, e "Pagas" da mais recente para a mais antiga (142.384333ms)
✔ Regras: a lista vem aos poucos, com "Ver mais" (20.165458ms)
✔ Categoria: a folha de "Todas…" mostra aos poucos, e a busca recomeça (198.209125ms)
✔ Lembretes: vêm do servidor em páginas; "Ver mais" busca a próxima (15.528167ms)
✔ Alertas e importações: o servidor manda 20; "Ver mais" pede mais 20 (38.176708ms)
✔ Notas arquivadas: com mais no servidor, "Ver mais" busca a próxima página (22.9465ms)
✔ Arquivadas: segurar a pasta apaga (com confirmação), segurar a nota manda à lixeira (26.457666ms)
✔ Hoje: muito atrasado vira UMA linha que abre no lugar, aos poucos, com "Ver mais" (58.547916ms)
✔ Busca: em "Tudo" cada tipo mostra 5 e "Ver mais" abre o tipo; dentro dele, "Ver mais" pede mais 20 (16.110416ms)
✔ Contas: dentro de cada seção, a conta mais recente primeiro (40.866625ms)
✔ Faturas: fatura FUTURA sem compra nenhuma não aparece em "Próximas faturas" (27.923ms)
✔ Dinheiro não encolhe por padrão; encolhe só onde o bloco tem geometria fixa (24/09/2026) (17.1375ms)
✔ Importações: apagar o registro diz o que fica no financeiro sem "Os 0 lançamentos" (68.90375ms)
✔ Orçamentos: "Sem limite definido" mostra 5 e o resto vem pelo "Ver mais" (era corte calado) (11.804584ms)
✔ Últimos lançamentos: a linha recebe o toque do Link do iOS (24/09/2026) (3.039166ms)
✔ Todo filho de ItemLink repassa o onPress que o Link do iOS injeta (0.595417ms)
✔ Row: fonte máxima e painel estreito conservam título e valor dentro da largura medida (12.667125ms)
✔ Lançamentos: a linha diz a data da COMPRA, nunca o vencimento da fatura (24/09/2026) (109.375166ms)
✔ Lista principal vazia com seção secundária: a secundária em cima e o vazio COMPACTO embaixo (384.594708ms)
✔ Hoje: a dica do painel mora no card do dinheiro, e tocar no valor a encerra (57.075834ms)
✔ Hoje: sem conta na tela, a dica das contas não é montada (58.355125ms)
✔ Lançamentos: a dica do arrasto aponta para a primeira linha, e some com a lista vazia (186.751458ms)
✔ Guia: "Mostrar" de um gesto acende a dica e leva à tela dela (3.604709ms)
✔ Guia: item sem dica só leva à tela, sem acender nada (2.498917ms)
✔ Notas: a dica do arrasto aparece com notas na tela, e some com a lista vazia (59.358917ms)
✔ Notas: o arquivado tem porta no fim da aba, com a contagem, e ela some sem nada arquivado (56.949917ms)
✔ Card: os filhos têm respiro entre si — o texto e o botão não colam (design.md §2) (1.336833ms)
✔ Dívidas: parcela fixa paga com outro valor conta uma parcela e diz o encargo; fora do limite o botão espera (126.950875ms)
✔ Dívidas: "Usar este valor nas próximas" muda o contrato ANTES de pagar, e a parcela sai inteira no valor novo (124.419042ms)
✔ a prestação da agenda abre A dívida dela, na Hoje e na Projeção — não a lista (196.496459ms)
✔ Lançamento de parcela de dívida: embaixo do total, a parcela + o encargo; e o vínculo com a dívida (218.743167ms)
✔ Agente: as conversas recentes não desenham texto nem esqueleto enquanto carregam (8.89325ms)
✔ Financeiro: carregando o período, o rótulo do herói é forma — "Atualizando período" saiu (79.232583ms)
✔ Financeiro: com a série do mês chegando, Entra e Sai não deixam o rótulo sobre um vazio (80.319125ms)
✔ Orçamentos: com os limites chegando, nem o rótulo do destaque nem "Sem limite definido" (27.114291ms)
✔ Busca: na primeira busca, só o esqueleto até as três responderem — nada de seção pela metade (28.644458ms)
✔ Financeiro: a série do mês falhando mostra o erro no herói e refaz a série — nunca "R$ 0,00" (37.220875ms)
✔ Orçamentos: o resumo chegando não segura a tela — só "Sem limite definido" espera ele (10.640584ms)
✔ Notas: "Nova pasta" no "…" abre a folha ali mesmo, com e sem pastas, e o cabeçalho não leva botão (58.756542ms)
✔ Nova pasta: cria com o nome normalizado, recusa nome repetido e, dentro de uma pasta, cria subpasta (45.015459ms)
✔ Contas: ?create=1 abre "Nova conta" direto, e fechar ou salvar devolve para quem abriu (85.568625ms)
✔ Cadastrar conta ou cartão, de qualquer tela, abre o formulário já no tipo certo (53.107584ms)
✔ Parcelada sem conta: editar o nome salva sem exigir conta; com conta, a conta continua obrigatória (245.068667ms)
✔ Orçamentos: a categoria do limite é o seletor de categorias, com as do usuário e a que já veio (14.416625ms)
✔ Apagar lançamento: a recusa do banco aparece com a frase dele, a falha de rede segue genérica (124.608333ms)
✔ Dívida: tocar numa parcela paga abre o lançamento; numa futura, a tela da parcela (121.184416ms)
✔ Parcela da dívida: a próxima mostra valor e vencimento, e "Paguei esta parcela" volta para pagar (17.0935ms)
✔ Parcela antiga apenas declarada conserva seu valor no detalhe após editar parcelas futuras (7.480667ms)
✔ Contas: ?edit=<id> abre a edição daquela conta, com o título do tipo, e fechar devolve (43.510375ms)
✔ Carteira: o cartão escolhido se edita e um novo se cria ali mesmo (0.217292ms)
✔ Fatura: "+" cria compra NESTE cartão; o "…" edita o cartão e leva às faturas dele (43.259333ms)
✔ Lançamentos de uma conta: o "…" edita a conta, e Lançar e Importar já vão para ela (88.588667ms)
✔ Hoje: "Lançar" cria lançamento, lembrete ou nota ali mesmo (58.938834ms)
✔ Organizar pastas: sem criar; Renomear abre a folha da pasta, que salva sem mexer na pasta-mãe (24.810958ms)
✔ Pasta: o "…" renomeia na folha da pasta e move sem ir a Organizar pastas (26.492625ms)
✔ Série: editar tem os campos da criação, e só o calendário mexido vai com regra e vencimento (802.749458ms)
✔ Dívida de parcela fixa também tem "Tipo" (e grava o escolhido) (71.049458ms)
✔ Organizar pastas: "Sem pasta" abre as notas soltas (a aba Notas) (11.166917ms)
✔ Editar a compra: as já pagas se editam, o número muda com parcela paga, e data e conta só prendem pela fatura (240.936917ms)
✔ Dívidas: o "Paguei" tem a data do pagamento, e ela vai para o banco (129.992083ms)
✔ Orçamento: editar muda AQUELE limite — a categoria também, pela chave de quando abriu (14.491416ms)
✔ Conta: com lançamentos, o tipo só troca na mesma família; editando o cartão, os dias refazem as faturas abertas (41.934959ms)
✔ Dívida arquivada: Desarquivar à direita, Apagar por completo à esquerda (135.1175ms)
✔ Arquivados (contas, cartões, metas, bens): Desarquivar à direita, Apagar à esquerda, e apagar confirma (3.474125ms)
✔ Editar a conta abre no saldo ATUAL e grava a diferença no inicial (28/09/2026) (49.510833ms)
✔ Histórico de alertas: não lido até a pessoa marcar; Lida à direita, Limpar à esquerda, e o menu faz todas (17.301916ms)
✔ Ciclo aberto pela Projeção com um adiantamento: o pagamento e a parcela que deixa de sair entram na lista, sem salvar (130.442209ms)
✔ Ciclo aberto de outro lugar não usa o rascunho do aparelho (117.915041ms)
✔ Projeção: com hipótese no rascunho, o erro da simulação aparece na linha; ela arrasta Aplicar e Tirar (152.333917ms)
✔ Rascunho da versão 1: a parcelada sem conta não aplica (o formulário ficaria sem a conta); o adiantamento nunca aplica (287.904375ms)
✔ Recorrente aberta pelo Aplicar: conta e frequência chegam, e salvar tira a hipótese PELO ID (235.725833ms)
✔ Financiamento aberto pelo Aplicar: parcela, parcelas, conta e a próxima parcela preenchidas; salvar tira a hipótese (93.03875ms)
✔ Ciclo pela Projeção com hipótese: lê por simular e marca a linha que veio dela (95.684875ms)
✔ Ciclo com hipótese: leitura que falhou DENTRO do simular mostra o erro, não esqueleto para sempre (95.957125ms)
✔ Desfazer o "Tirar" devolve SÓ o que saiu — não traz de volta o que saiu depois (já aplicado) (144.117125ms)
✔ Projeção mês a mês: os dois "hoje" dizem o que são, e o rodapé nomeia o fim real do horizonte (147.900375ms)
✔ Dinheiro de DESTAQUE (money, heroMoney) encolhe sozinho: ocupa a linha e não tem para onde descer (20.473375ms)
✔ Hipótese que o banco recusou: a linha diz o motivo NOSSO e nunca o texto cru do Postgres (152.130916ms)
✔ E se: no teto de 30 hipóteses, "Nova hipótese" diz o limite em vez de abrir a folha (150.751917ms)
✔ E se: o erro da simulação ANTERIOR não aparece enquanto a nova calcula (o índice já mudou) (152.659375ms)
✔ Folha da hipótese: Sai oferece as quatro formas; Entra só "Uma vez" e "Repete"; financiamento sem cartão (33.46725ms)
✔ Onde muda: conta negativa, cartão acima do limite e cartão sem limite, cada um com a frase (12.143542ms)
✔ E se: UM botão "Nova hipótese"; nada de "Adicionar como…" nem "Aplicar todas" (154.692625ms)
✔ E se: a linha da hipótese aplica pelo formulário com tudo e tira PELO ID (130.537458ms)
✔ E se: as hipóteses completas vão à simulação com o detalhe por conta; a incompleta não (120.669292ms)
✔ E se: com hipótese, "Onde muda" aparece com as contas que mudam e leva ao detalhe (138.979375ms)
✔ E se: rascunho da versão 1 no aparelho continua abrindo; a parcelada sem conta pede a conta (139.165292ms)
✔ E se: a folha cria a hipótese com conta, forma e data, e "Ver resultado" só com ela completa (153.014333ms)
✔ E se: "Ver o ciclo" leva as hipóteses pelo aparelho, não pela rota (164.030458ms)
✔ Detalhe da hipótese — conta: hoje, menor (e o dia) e fim, antes → depois; e as hipóteses dela (72.051ms)
✔ Detalhe da hipótese — cartão sem limite: diz e oferece cadastrar; com limite estourado: quanto (225.111333ms)
✔ Detalhe da hipótese — conta que não existe mais, rascunho vazio e erro da leitura (144.479167ms)
✔ E se: só com hipótese incompleta nada é simulado e o "Onde muda" não fica em esqueleto (revisão final) (295.758667ms)
✔ Aplicar recorrente e financiamento abre o formulário único no tipo certo, com a hipótese nos corpos (69.466417ms)
✔ Hoje: o Seu dia mostra a MESMA contagem da aba — é dele que o número fala (60.164875ms)
✔ FormularioDaSerie: cria, e "Salvar e criar outro" avisa o hospedeiro sem fechar (233.828083ms)
✔ FormularioDaSerie: editando com a série ainda não carregada, espera — nunca vira criação (241.939959ms)
✔ FormularioDaDivida: o comum vira Nome, Conta que paga e Valor da parcela; criar outro avisa o hospedeiro (76.08075ms)
✔ FormularioDaDivida: editando com a dívida ainda não carregada, espera — nunca vira criação (150.434542ms)
✔ FormularioDaDivida: convertendo, Salvar entrega o financiamento ao hospedeiro com as pagas SEM a linha convertida (68.415083ms)
✔ F01: detalhe da taxa encaminha edição à compra e não cria taxa avulsa pelo menu (56.893708ms)
✔ F01: o link da hipótese entrega a forma de pagamento ao formulário único (33.380666ms)
✔ F01: aplicar hipótese de financiamento conserva a forma no inicializador específico (31.685083ms)
✔ F01: financiamento conserva a forma entre formatos e grava o padrão do contrato (68.213208ms)
✔ F01: trocar a forma em financiamento não apaga campos; origem incompatível impede gravação (69.678ms)
✔ Formato do lançamento: abre as três escolhas acessíveis e devolve a escolha ao recolher o menu (18.866042ms)
✔ Formato do lançamento: a opção escolhida e o controle fecham sem solicitar mudança (47.687583ms)
✔ Formato do lançamento: cada alternativa devolve seu tipo ao hospedeiro (43.395042ms)
✔ Formato do lançamento: a escolha muda imediatamente uma vez, sem aguardar o menu (28.596458ms)
✔ Formato do lançamento: pode reabrir logo após escolher e mudar novamente, sem escolhas duplicadas (20.956625ms)
✔ Campos da série: Tipo mantém o padrão de confirmação da criação e o escolhido na edição (78.38925ms)
✔ Campos da série: Repete preserva campos e marca apenas a agenda que foi alterada (33.560792ms)
✔ Campos da série: fechar Tipo pela opção atual preserva a confirmação escolhida na criação (81.876833ms)
✔ Campos da série: fechar Repete pela frequência atual não refaz a agenda na edição (132.568625ms)
✔ Lançar: abre no tipo pedido, o seletor troca o corpo e leva os campos comuns (32.103542ms)
✔ Lançar: voltar a um tipo devolve TUDO que foi digitado nele, não só os campos comuns (33.358667ms)
✔ Lançar: "Salvar e criar outro" remonta o corpo limpo, mantendo tipo, conta e data (34.828667ms)
✔ Lançar: editando e trocando o tipo, o salvar PERGUNTA o alcance e converte; voltar ao tipo original é edição comum (77.000125ms)
✔ Lançar: converter Só esta em financiamento abre a nova ficha e remove o detalhe antigo da pilha (40.120292ms)
✔ Lançar: cada alcance bem-sucedido abre a série de resultado, inclusive Manter (140.204042ms)
✔ Lançar: parcelada convertida abre um lançamento do resultado, e não o ID do plano (35.108542ms)
✔ Lançar: a dívida CARREGADA com parcela paga tem passado, mesmo com `passado=0` na rota (32.614292ms)
✔ Lançar: a conversão que o banco recusa mostra a frase dele e não fecha (35.77125ms)
✔ Lançar: editando um lançamento, o corpo é o que espera o registro; a opção destrutiva confirma antes (32.9755ms)
✔ Lançar: o "Aplicar" de uma compra parcelada abre "Uma vez" com as parcelas dela; sem parcelas, à vista (68.644167ms)
✔ Lançar: o estabelecimento viaja entre os tipos e a série nasce com ele (157.113417ms)
✔ Lançar: convertendo um lançamento PAGO em financiamento, "Parcelas já pagas" avisa que ele já conta (270.51475ms)
✔ Lançar: converter de novo enquanto a primeira conversão está no banco não grava duas vezes, e os corpos esperam (34.927917ms)
✔ Lançar: com "salvando" do hospedeiro, a série e a dívida desligam Salvar e "Salvar e criar outro" (811.762583ms)
✔ Lançar: os três corpos têm a MESMA moldura na tela — calha, largura, laterais e pé seguros (0.734209ms)
✔ Lançar: os formatos entram completos numa moldura comum sem fade independente do formulário (100.988125ms)
✔ Toda entrada de criar/editar lançamento, recorrente e dívida abre o formulário único (68.661584ms)
✔ Links antigos continuam abrindo o formulário certo (7.67975ms)
✔ Lançar: link sem `papel` (o antigo, a Projeção) usa o do próprio lançamento na conversão (32.063ms)
✔ Categorias: uso e cor, cria pelo "+" e oferece detalhes e edição no toque (11.390666ms)
✔ Categorias: apagar diz quantos lançamentos ficam sem categoria e quantos orçamentos saem (12.9905ms)
✔ Folha de categoria: renomear para um nome que existe pergunta antes de juntar, e só junta com o sim (26.108209ms)
✔ Folha de categoria: sem nome não salva; criando um nome que já existe, conserva a aparência dela (20.252042ms)
✔ F06 categoria: padrões independentes salvam com CAS e só novos cadastros não pede histórico (50.14975ms)
✔ F06 categoria: nome existente adota configuração própria e aparência externa não prova padrões (68.429959ms)
✔ F06 categoria: histórico parcial, impossível ou invertido impede salvar (117.639375ms)
✔ F06 categoria: confirma período, explica manuais e anuncia contagem real do backfill (24.213708ms)
✔ F06 categoria: erro conserva rascunho e intenção; alteração do payload gera nova intenção (22.561542ms)
✔ F06 categoria: juntar descarta backfill, explica receptor e reusa intenção de merge no retry (24.247792ms)
✔ Seletor de categoria: chips com ícone e cor, "Nova" cria e já escolhe, "Gerenciar categorias" leva à tela (323.950209ms)
✔ Categorias se alcança pelo Gerenciar, pelo Perfil e pelo menu das Finanças (0.184791ms)
✔ Formato do lançamento: fechar pelo controle conserva o tipo e não espera uma barreira do corpo (12.121458ms)
✔ Formato do lançamento: reduzir movimento mantém o callback imediato e uma opção por tipo (13.196083ms)
✔ Lançar: formato muda no toque, preserva os campos comuns e evita refocar ao montar o corpo seguinte (61.831375ms)
✔ Lançar: leitores do corpo que saiu não sobrescrevem o rascunho ativo durante o crossfade (27.780458ms)
✔ Lançar: escolher o tipo atual não relê nem remonta, e callback após desmontagem não troca o corpo (27.09175ms)
✔ Recorrente encerrada não anuncia próxima cobrança, nem oferece editar ou retomar (37.830833ms)
✔ Link antigo da recorrência encerrada mostra histórico, sem montar edição ou oferecer conversão (102.743416ms)
✔ F06: grupos independentes combinam pagamento e previsões, contam um critério por grupo e ocultam total global (155.439709ms)
✔ F06: links atualizam cada dimensão na tela montada; ausência conserva e vazio limpa só seu grupo (73.283333ms)
✔ F06: dimensão inválida bloqueia leitura, cache e refresh; cancelar preserva erro e Aplicar recupera (144.923792ms)
✔ F06: classificar com Receitas ou Transferências conserva Tipo e exclui previstas (149.5655ms)
✔ F05: métodos múltiplos seguem query, folha, previstas e resumo sem exibir total global (76.710041ms)
✔ F05: link altera tela montada; ausência conserva método e vazio limpa somente este grupo (76.929792ms)
✔ F05: link malformado mostra recuperação e bloqueia leitura ampliada, Aplicar resolve (72.309ms)
✔ F05: método combina com datas abertas e erro continua erro, sem previstas de cache (71.2685ms)
✔ Notas arquivadas: resumo único conserva busca/data e a limpeza restaura o contexto (42.929167ms)
✔ Notas lixeira: resumo único conserva busca/data e a limpeza restaura o contexto (32.366916ms)
✔ Notas pasta: resumo único conserva busca/data e a limpeza restaura o contexto (41.715333ms)
✔ Notas: abrir filtros antes do debounce conserva busca atual; aplicar/limpar cancela termos antigos (47.259ms)
✔ Barra compacta revela todos os critérios ao leitor de tela, conserva nomes e esconde dinheiro (9.48ms)
✔ Lembretes: critérios têm uma entrada única e resumo; limpar no vazio continua sendo contextual (26.851458ms)
✔ Importações: barra compacta conserva formato/conta e aplicar reinicia a paginação (20.442125ms)
✔ Lançamentos: um único editor conserva todos os critérios e resume o recorte sem repetir controles (140.459667ms)
✔ Lançamentos: resumo financeiro e rótulo acessível respeitam ocultação de valores (73.828583ms)
✔ F05: ocultar valores protege o rótulo acessível das linhas gravadas e previstas (197.26075ms)
✔ F05: ocultar valores protege o rótulo acessível do destaque no detalhe (86.22375ms)
✔ Ocorrências usam o mês civil para retornar de um período personalizado (73.8ms)
✔ Lançamentos: data inicial sozinha consulta intervalo aberto (celular) (75.9895ms)
✔ Lançamentos: data final sozinha consulta intervalo aberto (celular) (76.838166ms)
✔ Lançamentos: data inicial sozinha consulta intervalo aberto (tablet) (81.081792ms)
✔ Lançamentos: data final sozinha consulta intervalo aberto (tablet) (86.88675ms)
✔ Lançamentos: intervalo aberto ignora previsões em cache e em trânsito; duas datas restauram cálculo (149.4775ms)
✔ Lançamentos: período personalizado distingue anos nos dias e rótulos acessíveis (extrato) (194.467667ms)
✔ Lançamentos: período personalizado distingue anos nos dias e rótulos acessíveis (ocorrências) (193.203875ms)
✔ Lançamentos: consulta aberta não aguarda mês, ciclo ou resumo de outra janela (163.706916ms)
✔ Lançamentos: erro antigo de previsão não esconde vazio aberto nem cria retry; refresh consulta só registros (318.8735ms)
✔ Parceladas: filtrar quitadas expande resultados e oculta o resumo global; limpar restaura (102.944625ms)
✔ Parceladas: busca e intervalo mostram compra terminada sem exigir expansão manual (95.628583ms)
✔ Recorrentes: encerrada e pausada têm resultados sem vazio de ativas nem resumo global (35.954416ms)
✔ Dívidas: busca, conta e primeiro vencimento filtram arquivos e abrem resultados; data nula não casa (97.072625ms)
✔ Lançar: entrada paga é passado mesmo com zero prestações e rota passado=0 (82.867ms)
✔ Lançar: consulta da entrada pendente ou com erro não permite converter sem conhecer o histórico (53.099958ms)
✔ Lançar: dívida/transação/plano ainda pendentes ou com erro não autorizam apagar histórico (157.054542ms)
✔ Lançar: parcela histórica carregada supera passado=0 mesmo sem entrada (53.484417ms)
✔ conta recusa centavos fracionários, não finitos e acima do inteiro seguro antes de gravar (32.433625ms)
✔ editar cartão com dívida não altera o saldo inicial pelo saldo negativo da fatura (37.684875ms)
✔ campos compartilhados respeitam tipos elegíveis e travam todos os valores sem criar conta pagadora (13.904833ms)
✔ contas usa criação idempotente e recusa toque duplo no mesmo formulário (34.023708ms)
✔ sucesso de uma criação fechada não fecha nem anuncia sucesso de uma nova abertura (32.078625ms)
✔ cadastro de origem bloqueia salvar dos três corpos sem anunciar mutação em andamento (428.351458ms)
✔ callback capturado antes do cadastro não grava enquanto salvarBloqueado estiver ativo (413.005166ms)
✔ gravação real continua carregando nos três corpos, separada do bloqueio do cadastro (384.193208ms)
✔ F06 baseline da série: aceita estadoGuardado legado com campos planos (96.967ms)
✔ F06 baseline da série: realtime não transforma classificação concorrente em edição (future) (99.005917ms)
✔ F06 baseline da série: resposta perdida e realtime conservam intenção no retry (future) (106.350291ms)
✔ F06 baseline da série: estadoGuardado preserva o registro inicial depois de remontar (future) (205.620459ms)
✔ F06 baseline da série: realtime não transforma classificação concorrente em edição (all) (103.178917ms)
✔ F06 baseline da série: resposta perdida e realtime conservam intenção no retry (all) (101.605708ms)
✔ F06 baseline da série: estadoGuardado preserva o registro inicial depois de remontar (all) (196.282ms)
✔ F06 formato financiamento: conserva padrões da categoria no campo, prévia e salvar (57.701208ms)
✔ F06 formato financiamento: conserva previsibilidade manual sem classificação no campo, prévia e salvar (53.01975ms)
✔ F06 formato financiamento: conserva necessidade manual sem classificação no campo, prévia e salvar (51.953875ms)
✔ F06 formato financiamento: conserva previsibilidade explícita no campo, prévia e salvar (57.83625ms)
✔ F06 formato financiamento: consulta de padrões pending bloqueia criação e prévia (59.456ms)
✔ F06 formato financiamento: consulta de padrões error bloqueia criação e prévia (56.537042ms)
✔ F06 formato financiamento: editar sem categoria nunca adota categoria comum implicitamente (58.537458ms)
✔ F06 formato financiamento: editar sem workspace nunca adota categoria comum implicitamente (64.521333ms)
✔ F06 formato financiamento: editar com workspace próprio nunca adota categoria comum implicitamente (58.56725ms)
✔ F06 volta de formato: uma conserva previsibilidade NULL explícita em todos os formatos visitados (870.014084ms)
✔ F06 volta de formato: uma conserva necessidade NULL explícita em todos os formatos visitados (810.733ms)
✔ F06 volta de formato: uma conserva previsibilidade explícita em todos os formatos visitados (779.591084ms)
✔ F06 volta de formato: uma conserva necessidade explícita em todos os formatos visitados (763.779709ms)
✔ F06 volta de formato: recorrente conserva previsibilidade NULL explícita em todos os formatos visitados (799.306584ms)
✔ F06 volta de formato: recorrente conserva necessidade NULL explícita em todos os formatos visitados (788.325042ms)
✔ F06 volta de formato: recorrente conserva previsibilidade explícita em todos os formatos visitados (808.543916ms)
✔ F06 volta de formato: recorrente conserva necessidade explícita em todos os formatos visitados (795.490417ms)
✔ F06 volta de formato: financiamento conserva previsibilidade NULL explícita em todos os formatos visitados (803.818209ms)
✔ F06 volta de formato: financiamento conserva necessidade NULL explícita em todos os formatos visitados (785.30175ms)
✔ F06 volta de formato: financiamento conserva previsibilidade explícita em todos os formatos visitados (764.321125ms)
✔ F06 volta de formato: financiamento conserva necessidade explícita em todos os formatos visitados (758.999292ms)
✔ F06 volta de formato: uma recalcula apenas sugestões para a categoria própria restaurada (561.722542ms)
✔ F06 volta de formato: recorrente recalcula apenas sugestões para a categoria própria restaurada (444.105958ms)
✔ F06 volta de formato: série adota último padrão escolhido sem substituir baseline congelado (future) (190.654125ms)
✔ F06 volta de formato: série adota último padrão escolhido sem substituir baseline congelado (all) (197.860708ms)
✔ F06 extracted controls preserve labels, options and whitelist each independent dimension (2.603416ms)
✔ F07: reserva nova explica configuração, base zero não salva e cancelamento não cria saldo (42.963875ms)
✔ F07: erro de reserva com cache anterior oculta cobertura e refaz somente sua consulta (19.978666ms)
✔ F07: atualização em background não substitui revisão e valores do editor aberto (20.339209ms)
✔ F07: conta e investimento separam só os valores escolhidos após confirmar disponibilidade (22.227ms)
✔ F07: retirar disponibilidade confirmada bloqueia salvar sem alterar o valor digitado (18.112166ms)
✔ F07: alocação acima do saldo livre explica limite e só libera ao corrigir o valor (21.0145ms)
✔ F07: adicionar fonte exclui cartão, arquivada, saldo vazio, saldo comprometido e vínculo duplicado (20.621792ms)
✔ F07: retirar vínculo libera apenas a reserva e preserva conta e saldo existentes (17.825791ms)
✔ F07: histórico com gasto sem necessidade não oferece revisão nem envia mês como revisado (20.679959ms)
✔ F07: histórico com revisão incompleta nunca afirma cobertura ou alvo coberto (19.228166ms)
✔ F07: histórico com base revisada zero nunca afirma cobertura ou alvo coberto (18.445375ms)
✔ F07: histórico com necessidade sem classificação nunca afirma cobertura ou alvo coberto (16.5805ms)
✔ F07: meta sem origem exige confirmação consciente e envia o total exato conferido (19.630375ms)
✔ F07: ocultar valores mascara cobertura, textos, acessibilidade e todos os Money reais da reserva (57.834333ms)
✔ F07: salvar pendente impede fechamento, edição e segunda gravação antes da confirmação (24.389167ms)
✔ F07: tentativa ambígua mantém editor travado e Confirmar tentativa reenvia entrada exata (20.985333ms)
✔ F07: cancelar rascunho de fontes e reabrir descarta mudanças sem qualquer mutação (17.567583ms)
✔ F07: conflito HTTP PT409 libera fechamento e orienta reabrir com revisão atual (20.239042ms)
✔ F07: a folha de edição pertence à tela, fora dos painéis que desmontam ao redimensionar (18.115375ms)
✔ F07: cobertura conserva décimos inteiros e não arredonda proteção para cima (15.879375ms)
✔ F07: falha de rede explica recuperação sem expor endereço e exceção nativa (19.701125ms)
✔ F07: conferência terminal permite encerrar sem salvar e só fecha após comprovante (21.046333ms)
✔ F07: conferir tentativa já salva recupera sucesso e falha de conferência mantém rascunho (23.00325ms)
✔ F08 editor: fresh requested workspace opens once and closing ignores a late snapshot (14.428042ms)
✔ F08 editor: draft and snapshot survive query updates and width changes (15.797333ms)
✔ F08 editor: error cannot present or save a previous scenario (12.792459ms)
✔ F08 editor: fetching cannot present or save a previous scenario (14.866416ms)
✔ F08 editor: pending cannot present or save a previous scenario (12.460334ms)
✔ F08 editor: revision cannot present or save a previous scenario (14.669333ms)
✔ F08 editor: fingerprint cannot present or save a previous scenario (12.384625ms)
✔ F08 editor: a confirmed CAS refusal removes the old scenario until a fresh reopening (14.738166ms)
✔ F08 editor: retrying a transient preview error preserves the editable draft (14.459459ms)
✔ F08 result: recalculation preserves its component and measured space without showing old financial readings (12.9165ms)
✔ F08 result: a refused or failed scenario does not pretend to keep loading (14.676125ms)
✔ F08 editor: actual excluded fields disappear and retoggle preserves its own monthly draft (12.465208ms)
✔ F08 editor: an ambiguous attempt freezes editing and close; retry uses the confirmed immutable input (14.763208ms)
✔ F08 sheet: actual workspace cycle controls the ruler, independent of default profile capability (12.562459ms)
✔ F08 result: conceal suppresses derived numbers, pressure date, comparison chart and accessibility values (19.574291ms)
✔ F08 goals menu forwards the selected goal workspace instead of the default summary workspace (32.170458ms)
(node:14985) [MODULE_TYPELESS_PACKAGE_JSON] Warning: Module type of file:///Users/gabrielalmeidadias/Documents/Empresas/ProOps/DEV/Personal-ProOps-app/src/lib/sql-test-isolation.test.ts is not specified and it doesn't parse as CommonJS.
Reparsing as ES module because module syntax was detected. This incurs a performance overhead.
To eliminate this warning, add "type": "module" to /Users/gabrielalmeidadias/Documents/Empresas/ProOps/DEV/Personal-ProOps-app/package.json.
(Use `node --trace-warnings ...` to show where the warning was created)
✔ SQL preview tests start with repeatable read before the runner acquires its transaction id (114.959417ms)
✔ default SQL tests retain their existing isolation and always roll back (51.883042ms)
✔ unknown SQL runner flags fail before any connection (55.494459ms)
(node:14986) [MODULE_TYPELESS_PACKAGE_JSON] Warning: Module type of file:///Users/gabrielalmeidadias/Documents/Empresas/ProOps/DEV/Personal-ProOps-app/src/lib/subcategories.test.ts is not specified and it doesn't parse as CommonJS.
Reparsing as ES module because module syntax was detected. This incurs a performance overhead.
To eliminate this warning, add "type": "module" to /Users/gabrielalmeidadias/Documents/Empresas/ProOps/DEV/Personal-ProOps-app/package.json.
(Use `node --trace-warnings ...` to show where the warning was created)
✔ changing parent clears detail; equivalent aliases preserve it; null never invents detail (8.474458ms)
✔ read decoder returns independent closed copies and accepts income parents (0.862417ms)
✔ read refuses extra (0.477833ms)
✔ read refuses bad id (0.149125ms)
✔ read refuses bad workspace (0.098584ms)
✔ read refuses whitespace name (0.215541ms)
✔ read refuses uppercase name (0.150667ms)
✔ read refuses empty parent (0.141916ms)
✔ read refuses uppercase parent (0.114084ms)
✔ read refuses long parent (0.230083ms)
✔ read refuses long name (0.094875ms)
✔ read refuses null revision (0.182416ms)
✔ read refuses zero revision (0.061417ms)
✔ read refuses coerced revision (0.085166ms)
✔ read refuses unsafe revision (0.048083ms)
✔ read refuses negative count (0.05025ms)
✔ read refuses decimal count (0.044708ms)
✔ read refuses coerced count (15.530292ms)
✔ read refuses unsafe count (0.1465ms)
✔ read refuses malformed state and duplicate identity or folded namespaces (0.418333ms)
✔ name limits count Unicode codepoints and UUID aliases normalize (0.338917ms)
✔ explicit detail resolves only current matching workspace and parent, as a copy (0.377ms)
✔ save builder normalizes user names without mutating caller and admits create, edit, merge (0.227583ms)
✔ save refuses extra (0.083709ms)
✔ save refuses action (0.039084ms)
✔ save refuses workspace (0.03925ms)
✔ save refuses missing id pair (0.035209ms)
✔ save refuses missing revision pair (0.047417ms)
✔ save refuses zero revision (0.032666ms)
✔ save refuses bad id (0.03075ms)
✔ save refuses blank name (0.038875ms)
✔ save refuses coerced name (0.062042ms)
✔ save refuses long Unicode name (0.045708ms)
✔ save refuses merge create (0.033416ms)
✔ save refuses merge same source (0.064625ms)
✔ save refuses merge without revision (0.040166ms)
✔ save refuses merge revision without id (0.040042ms)
✔ save refuses merge zero revision (0.032375ms)
✔ save refuses coerced revision (0.035958ms)
✔ commands require every field, delete accepts only its own closed shape (0.202958ms)
✔ write result validates saved, merged and deleted invariants and copies result (0.247ms)
✔ breakdown preserves Sem detalhe and closes exactly in safe integer cents (0.240875ms)
(node:14987) [MODULE_TYPELESS_PACKAGE_JSON] Warning: Module type of file:///Users/gabrielalmeidadias/Documents/Empresas/ProOps/DEV/Personal-ProOps-app/src/lib/subcategory-debt-form-ui.test.ts is not specified and it doesn't parse as CommonJS.
Reparsing as ES module because module syntax was detected. This incurs a performance overhead.
To eliminate this warning, add "type": "module" to /Users/gabrielalmeidadias/Documents/Empresas/ProOps/DEV/Personal-ProOps-app/package.json.
(Use `node --trace-warnings ...` to show where the warning was created)
✔ category aliases preserve detail; changing parent clears it and child changes preserve manual classification (413.803083ms)
✔ creation/preview carries optional UUID/null and omission remains a legacy omission (510.988375ms)
✔ paid contract asks scope for category/detail metadata and preserves versions and archived origin (131.149416ms)
✔ saved draft and route preserve explicit null while omitted child is never coerced into own undefined (498.75675ms)
✔ returning from another format adopts the common parent and child together, including explicit null (425.308791ms)
✔ explicit null parent in a saved draft remains null when legacy common metadata is omitted (199.746375ms)
✔ detail-only edit asks scope and does not change category, financial fields or classifications (97.567625ms)
✔ editing never reads details in default workspace when the contract workspace is missing (123.456959ms)
(node:14998) [MODULE_TYPELESS_PACKAGE_JSON] Warning: Module type of file:///Users/gabrielalmeidadias/Documents/Empresas/ProOps/DEV/Personal-ProOps-app/src/lib/subcategory-field-ui.test.ts is not specified and it doesn't parse as CommonJS.
Reparsing as ES module because module syntax was detected. This incurs a performance overhead.
To eliminate this warning, add "type": "module" to /Users/gabrielalmeidadias/Documents/Empresas/ProOps/DEV/Personal-ProOps-app/package.json.
(Use `node --trace-warnings ...` to show where the warning was created)
✔ Sem detalhe comes first; parent namespace filters actual selector and read errors hide old choices (194.845625ms)
✔ committed inline creation selects only its current record/parent visit (126.974541ms)
✔ stale selector handler cannot choose an old parent child into a new parent (24.905708ms)
✔ late creation after leaving presence cannot select on the returning visit (17.496ms)
✔ resolving an earlier record creation confirms catalog without selecting into a later record (10.80875ms)
✔ unmounted inline creation never selects on confirmation (23.787958ms)
(node:15019) [MODULE_TYPELESS_PACKAGE_JSON] Warning: Module type of file:///Users/gabrielalmeidadias/Documents/Empresas/ProOps/DEV/Personal-ProOps-app/src/lib/subcategory-import-ui.test.ts is not specified and it doesn't parse as CommonJS.
Reparsing as ES module because module syntax was detected. This incurs a performance overhead.
To eliminate this warning, add "type": "module" to /Users/gabrielalmeidadias/Documents/Empresas/ProOps/DEV/Personal-ProOps-app/package.json.
(Use `node --trace-warnings ...` to show where the warning was created)
✔ rule parent alias keeps child and changing parent clears it while save preserves fields (231.378ms)
✔ rule stale child callback from closed editor cannot select into reopened rule (36.056209ms)
✔ import keeps editor open and blocks stale detail during parent mutation (65.106375ms)
✔ late failed parent mutation cannot roll back a reopened import visit (58.364791ms)
✔ rule parent change blocks old child callback even before React renders (59.095542ms)
✔ late successful rule save never closes the returning visit (11.397417ms)
✔ import missing source workspace never enables or writes detail in default workspace (16.212542ms)
✔ rule explicit Sem detalhe persists null and blocks an immediate double save (52.027041ms)
✔ import alias preserves child and failed parent change restores both fields (42.105792ms)
✔ import immediate repeated detail taps send one mutation and failure restores choice (32.797167ms)
✔ legacy rule omission stays omitted while source without workspace never falls back to default (89.341833ms)
(node:15021) [MODULE_TYPELESS_PACKAGE_JSON] Warning: Module type of file:///Users/gabrielalmeidadias/Documents/Empresas/ProOps/DEV/Personal-ProOps-app/src/lib/subcategory-manager-ui.test.ts is not specified and it doesn't parse as CommonJS.
Reparsing as ES module because module syntax was detected. This incurs a performance overhead.
To eliminate this warning, add "type": "module" to /Users/gabrielalmeidadias/Documents/Empresas/ProOps/DEV/Personal-ProOps-app/package.json.
(Use `node --trace-warnings ...` to show where the warning was created)
✔ manager sends captured revision, preserves editor on resize, and refuses externally changed snapshot (221.798958ms)
✔ save ambiguity freezes fields and close, retries same intent, then accepts matching late receipt (105.904ms)
✔ collision merge requires explicit confirmation and freezes both revisions; stale confirmation cannot write (38.804833ms)
✔ delete confirmation sends closed delete payload and stale row handlers cannot edit a new visit (65.08575ms)
✔ old completion or resolution cannot close a later visit; read failure hides stale catalog (11.388583ms)
✔ confirmed CAS refusal releases close without adopting a newer revision; terminal resolution releases frozen fields (60.827667ms)
✔ late resolution and unmount callbacks never close a newer editor; changed merge receiver invalidates confirmation (101.202292ms)
✔ confirmation captured for a prior editor in the same visit cannot delete after choosing another child (34.575292ms)
✔ inline create uses concrete catalog workspace and null source revision without inventing a parent entity (59.277625ms)
(node:15034) [MODULE_TYPELESS_PACKAGE_JSON] Warning: Module type of file:///Users/gabrielalmeidadias/Documents/Empresas/ProOps/DEV/Personal-ProOps-app/src/lib/subcategory-read-ui.test.ts is not specified and it doesn't parse as CommonJS.
Reparsing as ES module because module syntax was detected. This incurs a performance overhead.
To eliminate this warning, add "type": "module" to /Users/gabrielalmeidadias/Documents/Empresas/ProOps/DEV/Personal-ProOps-app/package.json.
(Use `node --trace-warnings ...` to show where the warning was created)
✔ UUID link scopes recorded and expected reads, suppresses global summary, and offers named filter (525.7635ms)
✔ none is explicit null, reset removes it, and malformed links never broaden reads (642.185833ms)
✔ missing, wrong-parent and unconfirmed catalog identities cannot expose an unfiltered list (841.746875ms)
✔ changing parent drops inherited identity; aliases preserve it; explicit none remains meaningful (209.795584ms)
✔ transaction subtitles display child name and never the UUID (224.017125ms)
✔ transaction detail displays the resolved child name and stays clean for legacy null (746.321333ms)
✔ collapsed breakdown reads only on expansion and keeps Sem detalhe alongside exact total (4.822208ms)
✔ privacy hides child/workspace/count and different scope collapses without retained old lines (3.539708ms)
✔ mounted links hydrate new identities and catalog removal blocks cached rows (253.934541ms)
✔ expected and in-transit rows obey the same child filter including Sem detalhe (178.784458ms)
✔ a failed breakdown ignores cached successful data and offers the scoped retry (6.508333ms)
(node:15035) [MODULE_TYPELESS_PACKAGE_JSON] Warning: Module type of file:///Users/gabrielalmeidadias/Documents/Empresas/ProOps/DEV/Personal-ProOps-app/src/lib/subcategory-save.test.ts is not specified and it doesn't parse as CommonJS.
Reparsing as ES module because module syntax was detected. This incurs a performance overhead.
To eliminate this warning, add "type": "module" to /Users/gabrielalmeidadias/Documents/Empresas/ProOps/DEV/Personal-ProOps-app/package.json.
(Use `node --trace-warnings ...` to show where the warning was created)
✔ double tap coalesces and owns immutable normalized intent despite caller mutation (1.5625ms)
✔ transport ambiguity retains exact normalized payload and UUID on reordered retry (0.214834ms)
✔ initial SQL 22023 releases intent after definite rejection (0.139791ms)
✔ initial SQL 23514 releases intent after definite rejection (0.115708ms)
✔ initial SQL 42501 releases intent after definite rejection (0.098792ms)
✔ initial SQL P0001 releases intent after definite rejection (0.091083ms)
✔ initial SQL 40001 releases intent after definite rejection (0.072541ms)
✔ initial SQL 40P01 releases intent after definite rejection (0.055417ms)
✔ initial SQL PT409 releases intent after definite rejection (0.081375ms)
✔ SQL {"code":"22023"} after lost response cannot disprove commit (0.183542ms)
✔ SQL {"code":"23514"} after lost response cannot disprove commit (0.085292ms)
✔ SQL {"code":"42501"} after lost response cannot disprove commit (0.066875ms)
✔ SQL {"code":"P0001"} after lost response cannot disprove commit (0.070041ms)
✔ SQL {"code":"40001"} after lost response cannot disprove commit (0.048792ms)
✔ SQL {"code":"40P01"} after lost response cannot disprove commit (0.043208ms)
✔ SQL {"code":"PT409","message":"other conflict"} after lost response cannot disprove commit (0.0545ms)
✔ sealed-first save PT409 Detalhe alterado. Abra novamente confirms refusal after ambiguity (0.082792ms)
✔ sealed-first save PT409 Detalhe receptor alterado. Abra novamente confirms refusal after ambiguity (0.063584ms)
✔ sealed-first save PT409 Já existe um detalhe com esse nome nesta categoria. Confira para juntar confirms refusal after ambiguity (0.050625ms)
✔ malformed or mismatched receipt null cannot release intent (0.119209ms)
✔ malformed or mismatched receipt {"workspace_id":"22222222-2222-4222-8222-222222222222","subcategory_id":"33333333-3333-4333-8333-333333333333","edit_revision":8,"merged":false,"deleted":false,"affected_records":2} cannot release intent (0.066542ms)
✔ malformed or mismatched receipt {"workspace_id":"11111111-1111-4111-8111-111111111111","subcategory_id":"44444444-4444-4444-8444-444444444444","edit_revision":8,"merged":false,"deleted":false,"affected_records":2} cannot release intent (0.052667ms)
✔ malformed or mismatched receipt {"workspace_id":"11111111-1111-4111-8111-111111111111","subcategory_id":"33333333-3333-4333-8333-333333333333","edit_revision":7,"merged":false,"deleted":false,"affected_records":2} cannot release intent (0.047375ms)
✔ malformed or mismatched receipt {"workspace_id":"11111111-1111-4111-8111-111111111111","subcategory_id":"33333333-3333-4333-8333-333333333333","edit_revision":8,"merged":true,"deleted":false,"affected_records":2} cannot release intent (0.062584ms)
✔ malformed or mismatched receipt {"workspace_id":"11111111-1111-4111-8111-111111111111","subcategory_id":"33333333-3333-4333-8333-333333333333","edit_revision":null,"merged":false,"deleted":true,"affected_records":2} cannot release intent (0.054916ms)
✔ malformed or mismatched receipt {"workspace_id":"11111111-1111-4111-8111-111111111111","subcategory_id":"33333333-3333-4333-8333-333333333333","edit_revision":8,"merged":false,"deleted":false,"affected_records":2,"extra":true} cannot release intent (0.042042ms)
✔ malformed or mismatched receipt {"workspace_id":"11111111-1111-4111-8111-111111111111","subcategory_id":"33333333-3333-4333-8333-333333333333","edit_revision":8,"merged":false,"deleted":false,"affected_records":"2"} cannot release intent (0.047458ms)
✔ malformed or mismatched receipt {"workspace_id":"11111111-1111-4111-8111-111111111111","subcategory_id":"33333333-3333-4333-8333-333333333333","edit_revision":8,"merged":false,"deleted":false,"affected_records":9007199254740992} cannot release intent (0.038458ms)
✔ malformed or mismatched receipt {"workspace_id":"22222222-2222-4222-8222-222222222222","cancelled":true} cannot release intent (0.039834ms)
✔ malformed or mismatched receipt {"workspace_id":"11111111-1111-4111-8111-111111111111","cancelled":false} cannot release intent (0.040209ms)
✔ malformed or mismatched receipt {"workspace_id":"11111111-1111-4111-8111-111111111111","cancelled":true,"extra":1} cannot release intent (0.039708ms)
✔ resolution coalesces with submit and accepts only matching terminal cancellation (0.124375ms)
✔ resolution recovers delayed commit without rewriting; PT409 alone in resolve remains ambiguous (0.0845ms)
✔ create, merge and delete demand exact receipt identity, flags and next revision (0.238042ms)
✔ malformed intent and revision overflow never dispatch; invalid request UUID is refused (0.092875ms)
✔ delayed send can return terminal cancellation and friendly errors hide transport internals (0.160417ms)
✔ a transport-thrown cancellation error is not a sealed terminal receipt (0.064125ms)
(node:15036) [MODULE_TYPELESS_PACKAGE_JSON] Warning: Module type of file:///Users/gabrielalmeidadias/Documents/Empresas/ProOps/DEV/Personal-ProOps-app/src/lib/tablet-chart-source.test.ts is not specified and it doesn't parse as CommonJS.
Reparsing as ES module because module syntax was detected. This incurs a performance overhead.
To eliminate this warning, add "type": "module" to /Users/gabrielalmeidadias/Documents/Empresas/ProOps/DEV/Personal-ProOps-app/package.json.
(Use `node --trace-warnings ...` to show where the warning was created)
✔ measured sparkline waits for its own card width and updates after resize (54.524542ms)
✔ finance chart and invoice face do not derive their width from the whole tablet window (0.552167ms)
(node:15059) [MODULE_TYPELESS_PACKAGE_JSON] Warning: Module type of file:///Users/gabrielalmeidadias/Documents/Empresas/ProOps/DEV/Personal-ProOps-app/src/lib/tablet-finance-routes.test.ts is not specified and it doesn't parse as CommonJS.
Reparsing as ES module because module syntax was detected. This incurs a performance overhead.
To eliminate this warning, add "type": "module" to /Users/gabrielalmeidadias/Documents/Empresas/ProOps/DEV/Personal-ProOps-app/package.json.
(Use `node --trace-warnings ...` to show where the warning was created)
✔ cycle detail keeps one financial source while composing a tablet decision pane (0.79975ms)
✔ annual report puts year-end evidence beside the categories without changing export or year selection (0.226083ms)
✔ net worth keeps the trend beside the account and asset evidence (0.186209ms)
✔ forecast presents the measured curve beside its scenario while preserving model and horizon actions (0.780542ms)
(node:15060) [MODULE_TYPELESS_PACKAGE_JSON] Warning: Module type of file:///Users/gabrielalmeidadias/Documents/Empresas/ProOps/DEV/Personal-ProOps-app/src/lib/tablet-finance-task-routes.test.ts is not specified and it doesn't parse as CommonJS.
Reparsing as ES module because module syntax was detected. This incurs a performance overhead.
To eliminate this warning, add "type": "module" to /Users/gabrielalmeidadias/Documents/Empresas/ProOps/DEV/Personal-ProOps-app/package.json.
(Use `node --trace-warnings ...` to show where the warning was created)
✔ task list routes keep compact content and expose measured tablet workspaces (1.251875ms)
✔ task surfaces preserve their mutation and navigation contracts (0.924ms)
✔ transaction form stays a bounded keyboard aware single column (0.416125ms)
(node:15061) [MODULE_TYPELESS_PACKAGE_JSON] Warning: Module type of file:///Users/gabrielalmeidadias/Documents/Empresas/ProOps/DEV/Personal-ProOps-app/src/lib/tablet-motion-source.test.ts is not specified and it doesn't parse as CommonJS.
Reparsing as ES module because module syntax was detected. This incurs a performance overhead.
To eliminate this warning, add "type": "module" to /Users/gabrielalmeidadias/Documents/Empresas/ProOps/DEV/Personal-ProOps-app/package.json.
(Use `node --trace-warnings ...` to show where the warning was created)
✔ the Android pill enters on app reveal and moves the selected icon with its circle (0.967333ms)
✔ preview tab taps update params in place so the pill does not remount mid-flight (0.2235ms)
✔ a stalled cover snaps closed before the shown session is replaced (0.744916ms)
✔ logout covers downward and reveals upward, with the session changed while hidden (0.226584ms)
✔ the session curtain does not duplicate or animate the auth brand (0.377ms)
✔ logout starts covering before signOut and reuses that cover in the session gate (0.211625ms)
✔ auth cap recomputes its matching curve after a tablet resize and the form stays readable (0.149167ms)
(node:15062) [MODULE_TYPELESS_PACKAGE_JSON] Warning: Module type of file:///Users/gabrielalmeidadias/Documents/Empresas/ProOps/DEV/Personal-ProOps-app/src/lib/tablet-notes-deep-routes.test.ts is not specified and it doesn't parse as CommonJS.
Reparsing as ES module because module syntax was detected. This incurs a performance overhead.
To eliminate this warning, add "type": "module" to /Users/gabrielalmeidadias/Documents/Empresas/ProOps/DEV/Personal-ProOps-app/package.json.
(Use `node --trace-warnings ...` to show where the warning was created)
✔ notes recovery routes use the measured tablet workspace and keep a compact fallback (0.61425ms)
✔ notes deep editor and folder stay readable when a tablet window is wide (0.686958ms)
(node:15063) [MODULE_TYPELESS_PACKAGE_JSON] Warning: Module type of file:///Users/gabrielalmeidadias/Documents/Empresas/ProOps/DEV/Personal-ProOps-app/src/lib/tablet-notes-routes.test.ts is not specified and it doesn't parse as CommonJS.
Reparsing as ES module because module syntax was detected. This incurs a performance overhead.
To eliminate this warning, add "type": "module" to /Users/gabrielalmeidadias/Documents/Empresas/ProOps/DEV/Personal-ProOps-app/package.json.
(Use `node --trace-warnings ...` to show where the warning was created)
✔ folder organizer is the whole tree, and renaming opens the same sheet as creating (0.920833ms)
(node:15064) [MODULE_TYPELESS_PACKAGE_JSON] Warning: Module type of file:///Users/gabrielalmeidadias/Documents/Empresas/ProOps/DEV/Personal-ProOps-app/src/lib/tablet-planning-routes.test.ts is not specified and it doesn't parse as CommonJS.
Reparsing as ES module because module syntax was detected. This incurs a performance overhead.
To eliminate this warning, add "type": "module" to /Users/gabrielalmeidadias/Documents/Empresas/ProOps/DEV/Personal-ProOps-app/package.json.
(Use `node --trace-warnings ...` to show where the warning was created)
✔ budgets keeps the compact reading order and exposes category context in a measured tablet split (3.688167ms)
✔ goals keeps contribution and archive actions while placing the aggregate beside the goal list on tablets (0.276541ms)
✔ debts keeps payment and destructive confirmations while putting payoff strategy beside the debt list on tablets (0.713833ms)
(node:15065) [MODULE_TYPELESS_PACKAGE_JSON] Warning: Module type of file:///Users/gabrielalmeidadias/Documents/Empresas/ProOps/DEV/Personal-ProOps-app/src/lib/tablet-wallet-invoices.test.ts is not specified and it doesn't parse as CommonJS.
Reparsing as ES module because module syntax was detected. This incurs a performance overhead.
To eliminate this warning, add "type": "module" to /Users/gabrielalmeidadias/Documents/Empresas/ProOps/DEV/Personal-ProOps-app/package.json.
(Use `node --trace-warnings ...` to show where the warning was created)
✔ wallet keeps the real flight routes while opting into a measured tablet workspace (0.599542ms)
✔ invoice history uses a bounded tablet list and truthful selected invoice context (0.182416ms)
(node:15066) [MODULE_TYPELESS_PACKAGE_JSON] Warning: Module type of file:///Users/gabrielalmeidadias/Documents/Empresas/ProOps/DEV/Personal-ProOps-app/src/lib/tela-pronta.test.ts is not specified and it doesn't parse as CommonJS.
Reparsing as ES module because module syntax was detected. This incurs a performance overhead.
To eliminate this warning, add "type": "module" to /Users/gabrielalmeidadias/Documents/Empresas/ProOps/DEV/Personal-ProOps-app/package.json.
(Use `node --trace-warnings ...` to show where the warning was created)
✔ sem consulta nenhuma a tela está pronta (0.620875ms)
✔ uma buscando segura a tela inteira (0.113291ms)
✔ todas prontas abrem o portão (0.070333ms)
✔ query DESLIGADA não pode prender a tela no skeleton para sempre (0.068667ms)
✔ sem rede a tela abre e mostra o estado dela, não um skeleton eterno (0.112041ms)
✔ refetch de fundo NÃO traz o skeleton de volta (0.056459ms)
✔ consulta que FALHOU libera a tela para ela mostrar o erro, não um skeleton eterno (0.052917ms)
(node:15067) [MODULE_TYPELESS_PACKAGE_JSON] Warning: Module type of file:///Users/gabrielalmeidadias/Documents/Empresas/ProOps/DEV/Personal-ProOps-app/src/lib/themed-text.test.ts is not specified and it doesn't parse as CommonJS.
Reparsing as ES module because module syntax was detected. This incurs a performance overhead.
To eliminate this warning, add "type": "module" to /Users/gabrielalmeidadias/Documents/Empresas/ProOps/DEV/Personal-ProOps-app/package.json.
(Use `node --trace-warnings ...` to show where the warning was created)
✔ o texto é medido de novo quando a escala da fonte do sistema muda (97.178417ms)
(node:15068) [MODULE_TYPELESS_PACKAGE_JSON] Warning: Module type of file:///Users/gabrielalmeidadias/Documents/Empresas/ProOps/DEV/Personal-ProOps-app/src/lib/today-sections.test.ts is not specified and it doesn't parse as CommonJS.
Reparsing as ES module because module syntax was detected. This incurs a performance overhead.
To eliminate this warning, add "type": "module" to /Users/gabrielalmeidadias/Documents/Empresas/ProOps/DEV/Personal-ProOps-app/package.json.
(Use `node --trace-warnings ...` to show where the warning was created)
✔ Agora tem o atrasado, o que vence hoje e o que chega hoje; atrasado primeiro (1.0195ms)
✔ Próximos dias agrupa por dia, respeita a janela e nunca repete o que está em Agora (6.363292ms)
✔ compra no cartão de hoje não vira pendência (0.114333ms)
✔ o texto e o tom de cada item dizem o que aconteceu (0.205458ms)
✔ lembrete de outro dia não é "de hoje" — o "Para hoje" listava 03/09 em 28/09 (1.152209ms)
✔ o AGORA fica entre o lembrete que passou e o que vem, e o que vem é o próximo (0.341125ms)
✔ com todos os lembretes já passados o AGORA vai para o fim; sem lembrete não há AGORA (0.179125ms)
✔ 2+ atrasados viram UMA linha recolhida; aberta, mostra cada um com Ver mais; 1 só não vira resumo (0.201167ms)
✔ o número da aba Hoje é o que o Seu dia tem para resolver: atrasado, o que vence hoje e o lembrete de hoje (0.138667ms)
✔ "por dia" é UMA conta: o card da Hoje e o widget dividem igual (0.2115ms)
✔ a semana tem hoje no meio: o que saiu para trás, o previsto para a frente (0.292ms)
✔ semana sem nada ainda tem teto (nunca divide por zero) e sem "por dia" não tem régua (0.14225ms)
✔ a frase do dia diz quando, quanto e o estado — "dentro" não se escreve, a entrada vai à parte (0.177791ms)
✔ um dia enorme não esmaga a régua: o teto para em 3× o "por dia" (0.128042ms)
(node:15069) [MODULE_TYPELESS_PACKAGE_JSON] Warning: Module type of file:///Users/gabrielalmeidadias/Documents/Empresas/ProOps/DEV/Personal-ProOps-app/src/lib/use-dicas.test.ts is not specified and it doesn't parse as CommonJS.
Reparsing as ES module because module syntax was detected. This incurs a performance overhead.
To eliminate this warning, add "type": "module" to /Users/gabrielalmeidadias/Documents/Empresas/ProOps/DEV/Personal-ProOps-app/package.json.
(Use `node --trace-warnings ...` to show where the warning was created)
✔ usar antes de o disco responder não se perde, nem apaga o que já estava encerrado (87.0355ms)
✔ sem nada gravado e sem mudança pendente, ler não grava nada (10.947208ms)
(node:15070) [MODULE_TYPELESS_PACKAGE_JSON] Warning: Module type of file:///Users/gabrielalmeidadias/Documents/Empresas/ProOps/DEV/Personal-ProOps-app/src/lib/use-folder-menu.test.ts is not specified and it doesn't parse as CommonJS.
Reparsing as ES module because module syntax was detected. This incurs a performance overhead.
To eliminate this warning, add "type": "module" to /Users/gabrielalmeidadias/Documents/Empresas/ProOps/DEV/Personal-ProOps-app/package.json.
(Use `node --trace-warnings ...` to show where the warning was created)
✔ segurar a pasta oferece Apagar, e apagar confirma antes (89.531834ms)
✔ segurar a pasta também renomeia e move — sem ir a Organizar pastas (25/09/2026) (24.197ms)
(node:15072) [MODULE_TYPELESS_PACKAGE_JSON] Warning: Module type of file:///Users/gabrielalmeidadias/Documents/Empresas/ProOps/DEV/Personal-ProOps-app/src/lib/use-preferencia.test.ts is not specified and it doesn't parse as CommonJS.
Reparsing as ES module because module syntax was detected. This incurs a performance overhead.
To eliminate this warning, add "type": "module" to /Users/gabrielalmeidadias/Documents/Empresas/ProOps/DEV/Personal-ProOps-app/package.json.
(Use `node --trace-warnings ...` to show where the warning was created)
✔ a régua escolhida volta no próximo processo, e cada tela tem a sua (70.9485ms)
✔ o toque antes de o disco responder vale, e não apaga o que já estava gravado (6.448666ms)
✔ outra conta no mesmo aparelho não herda a escolha (11.665ms)
✔ valor gravado que a tela não aceita mais, ou disco corrompido, cai no padrão (16.477292ms)
✔ mudar por FUNÇÃO lê o valor gravado na hora: duas mudanças do mesmo render valem as duas (10.144791ms)
✔ useRascunho v2: adicionar, trocar e tirar partem do GRAVADO (duas mudanças do mesmo render valem as duas) (19.382458ms)
(node:15085) [MODULE_TYPELESS_PACKAGE_JSON] Warning: Module type of file:///Users/gabrielalmeidadias/Documents/Empresas/ProOps/DEV/Personal-ProOps-app/src/lib/widget-snapshot.test.ts is not specified and it doesn't parse as CommonJS.
Reparsing as ES module because module syntax was detected. This incurs a performance overhead.
To eliminate this warning, add "type": "module" to /Users/gabrielalmeidadias/Documents/Empresas/ProOps/DEV/Personal-ProOps-app/package.json.
(Use `node --trace-warnings ...` to show where the warning was created)
✔ o livre é caixa menos o que vence antes da próxima entrada — o número da Hoje (10.363625ms)
✔ o atrasado é UM resumo; a lista é só o que vai vencer, com o selo de data (0.274834ms)
✔ a lista tem teto e conta o que sobrou (0.34175ms)
✔ o veredito é o da Hoje: atrasado ganha de tudo (0.334792ms)
✔ esconder saldo vale no widget: nenhum valor sai no retrato (0.149083ms)
✔ saiu da conta: o widget para de mostrar o dinheiro (0.053375ms)
✔ veredito sem obrigação: por dia só a partir de R$ 1,00 (0.057584ms)
✔ o que vai para o widget do iOS não leva null em nível nenhum (0.231292ms)
ℹ tests 2103
ℹ suites 0
ℹ pass 2103
ℹ fail 0
ℹ cancelled 0
ℹ skipped 0
ℹ todo 0
ℹ duration_ms 63287.048084
