
> app-proops@1.0.0 test
> node --test

✔ registra o modulo Android local usado pelo instalador de APK (1.22275ms)
✔ expoe a consulta da permissao especial e a URI segura do FileProvider (0.318417ms)
✔ registra o módulo de privacidade nas duas plataformas (3.446042ms)
✔ iOS cobre só no segundo plano de verdade, nunca no inactive do Face ID (0.349583ms)
✔ Android desliga a foto dos recentes e reaplica numa atividade recriada (0.228292ms)
✔ produção e staging não levam x86: 67 MB que nenhum celular usa (0.6275ms)
✔ development mantém as quatro — o emulador da máquina pode ser x86_64 (0.090875ms)
✔ sem a propriedade no template, o plugin acrescenta em vez de sumir (0.07675ms)
✔ aplicar duas vezes não duplica a propriedade (0.079375ms)
✔ o tema aponta fundo da janela, fundo da tarefa e acento para as cores do app (14.85225ms)
✔ aplicar duas vezes não duplica item (0.190875ms)
✔ as cores são as do tema claro e do escuro do app (0.518875ms)
✔ declara uma única permissão e um FileProvider privado para os APKs (2.696375ms)
✔ gera de forma idempotente um caminho restrito ao cache de atualizações (8.507666ms)
✔ o tema do app aponta o estilo de texto para o que quebra pelo avanço (14.17625ms)
✔ o estilo desliga a caixa de tinta e herda o TextView do AppCompat (0.194917ms)
✔ o item existente do tema continua lá (0.147708ms)
✔ aplicar duas vezes não duplica estilo nem item (0.172917ms)
✔ força o work-runtime-ktx na 2.8.1, uma vez só (prebuild roda de novo) (0.601791ms)
✔ gera apenas os campos do contrato e normaliza o sha256 (11.157125ms)
✔ recusa versionCode que não pode representar uma versão Android válida (0.380459ms)
✔ recusa versão sem semver, download fora de HTTPS e hash inválido (0.167708ms)
✔ limita as notas para manter o manifesto muito abaixo do teto lido pelo app (0.060542ms)
✔ extrai o APK de um único build concluído (1.070291ms)
✔ aceita a chave legada buildUrl e um objeto sem envelope de lista (0.097583ms)
✔ recusa saída ambígua, build incompleto e artefato inseguro (0.305167ms)
✔ real APK xmltree resolves runtime resource and literal JSON channel (1.915042ms)
✔ local receipt records actual APK evidence and CI provenance without EAS metadata (1.124375ms)
✔ APK applicationId mismatch blocks local attestation (0.233208ms)
✔ APK appVersion mismatch blocks local attestation (0.157833ms)
✔ APK runtimeVersion mismatch blocks local attestation (0.134292ms)
✔ APK updatesUrl mismatch blocks local attestation (0.129542ms)
✔ APK channel mismatch blocks local attestation (0.71175ms)
✔ APK updatesEnabled mismatch blocks local attestation (0.128958ms)
✔ missing runtime resource, ambiguous resource and absent metadata fail closed (0.314458ms)
✔ missing or mismatched CI provenance and checksum fail closed (0.367958ms)
✔ local APK receipt permits compatible OTA and blocks divergent native fingerprint (0.418459ms)
✔ receipt identity comes from checked-in production profile and resolved Expo config (0.782333ms)
✔ profile channel drift fails closed (0.679875ms)
✔ profile environment drift fails closed (0.09375ms)
✔ profile env drift fails closed (0.066416ms)
✔ profile env drift fails closed (0.186834ms)
✔ profile android drift fails closed (0.202459ms)
✔ profile extends drift fails closed (0.10725ms)
✔ wrong update project and Android runtime overrides fail closed (0.184084ms)
✔ finished build evidence binds source, runtime, channel and verified APK checksum (0.169583ms)
✔ EAS status mismatch cannot attest receipt (0.169334ms)
✔ EAS runtime mismatch cannot attest receipt (0.104416ms)
✔ EAS updateChannel mismatch cannot attest receipt (0.087125ms)
✔ EAS gitCommitHash mismatch cannot attest receipt (0.082208ms)
✔ EAS appIdentifier mismatch cannot attest receipt (0.071375ms)
✔ EAS app mismatch cannot attest receipt (0.064583ms)
✔ missing EAS metadata is rejected rather than inferred from source (0.177125ms)
✔ compatible JS update reaches publication once without rebuilding (1.020667ms)
✔ incompatible fingerprint never publishes (0.870542ms)
✔ incompatible runtimeVersion never publishes (0.162833ms)
✔ incompatible environment never publishes (0.245541ms)
✔ incompatible channel never publishes (0.142ms)
✔ incompatible applicationId never publishes (0.105459ms)
✔ incompatible publicEnvironmentHash never publishes (0.085042ms)
✔ incompatible fingerprintVersion never publishes (0.066167ms)
✔ missing receipt, wrong source or tag fail closed (0.196375ms)
✔ changed native source package.json blocks even an unchanged fingerprint (0.532459ms)
✔ changed native source package-lock.json blocks even an unchanged fingerprint (0.1025ms)
✔ changed native source app.json blocks even an unchanged fingerprint (0.045875ms)
✔ changed native source app.config.js blocks even an unchanged fingerprint (0.037458ms)
✔ changed native source eas.json blocks even an unchanged fingerprint (0.03725ms)
✔ changed native source plugins/with-native.js blocks even an unchanged fingerprint (0.034625ms)
✔ changed native source modules/example/index.ts blocks even an unchanged fingerprint (0.02975ms)
✔ changed native source android/app/src/Main.kt blocks even an unchanged fingerprint (0.027791ms)
✔ changed native source .fingerprintignore blocks even an unchanged fingerprint (0.027791ms)
✔ changed native source fingerprint.config.js blocks even an unchanged fingerprint (0.039959ms)
✔ JS and documentation changes preserve the publication path (0.03925ms)
✔ unattested source receipt never authorizes publication (0.049167ms)
✔ extrai pacote e versões da saída real do aapt2 (1.051708ms)
✔ tolera atributos extras e ordem diferente (0.063291ms)
✔ recusa saída sem a linha package ou sem campo obrigatório (0.156458ms)
✔ recusa atributos duplicados em vez de escolher silenciosamente (0.050625ms)
✔ normaliza impressões com ou sem separadores (0.992167ms)
✔ extrai somente o certificado dos signers do APK (0.388667ms)
✔ aceita exatamente o signer esperado e recusa chave diferente ou múltipla (0.199667ms)
(node:87943) [MODULE_TYPELESS_PACKAGE_JSON] Warning: Module type of file:///Users/gabrielalmeidadias/Documents/Empresas/ProOps/DEV/Personal-ProOps-app/src/components/finance/date-picker-field.test.ts is not specified and it doesn't parse as CommonJS.
Reparsing as ES module because module syntax was detected. This incurs a performance overhead.
To eliminate this warning, add "type": "module" to /Users/gabrielalmeidadias/Documents/Empresas/ProOps/DEV/Personal-ProOps-app/package.json.
(Use `node --trace-warnings ...` to show where the warning was created)
✔ month-end control stays visible while the calendar is collapsed and toggles to fixed month-end (96.662667ms)
✔ month-end control is omitted when the date field has no monthly action (17.292875ms)
✔ month-end control follows the month shown in the open calendar, not the saved date (12.865459ms)
✔ month-end control jumps to the first allowed month when the saved date is before the minimum (9.886042ms)
✔ selecting a day closes the calendar, blocks stale calendar callbacks, and leaves month-end available (8.761709ms)
✔ reopening remounts the calendar for the saved month and rejects callbacks from the previous opening (4.705917ms)
(node:87944) [MODULE_TYPELESS_PACKAGE_JSON] Warning: Module type of file:///Users/gabrielalmeidadias/Documents/Empresas/ProOps/DEV/Personal-ProOps-app/src/design/adaptive-auth.test.ts is not specified and it doesn't parse as CommonJS.
Reparsing as ES module because module syntax was detected. This incurs a performance overhead.
To eliminate this warning, add "type": "module" to /Users/gabrielalmeidadias/Documents/Empresas/ProOps/DEV/Personal-ProOps-app/package.json.
(Use `node --trace-warnings ...` to show where the warning was created)
✔ tablet authentication keeps the form and actions in one centered task (0.788667ms)
(node:87945) [MODULE_TYPELESS_PACKAGE_JSON] Warning: Module type of file:///Users/gabrielalmeidadias/Documents/Empresas/ProOps/DEV/Personal-ProOps-app/src/design/adaptive-sheet.test.ts is not specified and it doesn't parse as CommonJS.
Reparsing as ES module because module syntax was detected. This incurs a performance overhead.
To eliminate this warning, add "type": "module" to /Users/gabrielalmeidadias/Documents/Empresas/ProOps/DEV/Personal-ProOps-app/package.json.
(Use `node --trace-warnings ...` to show where the warning was created)
✔ tablet sheets use a bounded task surface in both orientations (0.594791ms)
✔ o diálogo do tablet cabe DENTRO da área segura (barra de tarefas, status, recortes) (0.083333ms)
✔ o vão sob o diálogo é o que o teclado cobre fora dele (0.054417ms)
✔ toda folha com campo tem UM mecanismo de teclado: a rolagem (0.391333ms)
✔ shared sheets use native iPad form presentation and Android tablet dialog semantics (0.668ms)
(node:87946) [MODULE_TYPELESS_PACKAGE_JSON] Warning: Module type of file:///Users/gabrielalmeidadias/Documents/Empresas/ProOps/DEV/Personal-ProOps-app/src/design/adaptive-window.test.ts is not specified and it doesn't parse as CommonJS.
Reparsing as ES module because module syntax was detected. This incurs a performance overhead.
To eliminate this warning, add "type": "module" to /Users/gabrielalmeidadias/Documents/Empresas/ProOps/DEV/Personal-ProOps-app/package.json.
(Use `node --trace-warnings ...` to show where the warning was created)
✔ classifies the available window width at both breakpoints (1.098166ms)
✔ returns to the compact composition after a window shrinks (0.100166ms)
✔ rejects invalid window widths instead of choosing a tablet layout (0.510792ms)
✔ keeps a single readable pane when both pane minimums cannot fit (0.155625ms)
✔ uses two bounded panes only when both minimums fit (0.121875ms)
✔ normalizes invalid container measurements (0.071208ms)
✔ keeps compact roots at their existing width and pill clearance (0.074125ms)
✔ keeps bottom pill clearance on medium and expanded Android roots (0.068625ms)
✔ does not invent an Android pill inset for pushed routes or iPad (0.078625ms)
✔ Today uses measured content width to decide its editorial split (0.11875ms)
✔ Finance chart fits inside the measured hero panel at phone and tablet widths (0.103958ms)
✔ library and reading panes only split when both reading minimums fit (0.125125ms)
✔ an invoice card skeleton uses the bounded reading column, not the full tablet window (0.060708ms)
✔ o pé da rolagem soma a área segura no iOS: a última linha não fica sob a barra de abas (0.055083ms)
(node:87947) [MODULE_TYPELESS_PACKAGE_JSON] Warning: Module type of file:///Users/gabrielalmeidadias/Documents/Empresas/ProOps/DEV/Personal-ProOps-app/src/design/card-flight.test.ts is not specified and it doesn't parse as CommonJS.
Reparsing as ES module because module syntax was detected. This incurs a performance overhead.
To eliminate this warning, add "type": "module" to /Users/gabrielalmeidadias/Documents/Empresas/ProOps/DEV/Personal-ProOps-app/package.json.
(Use `node --trace-warnings ...` to show where the warning was created)
✔ o quadro de uma caixa em pé usa a ALTURA como lado longo e gira 90° (0.616708ms)
✔ o voo começa na origem, termina no pouso e só levanta no meio (0.132291ms)
✔ o quique da mola não traz o arco de volta (0.045541ms)
✔ a caixa arrastada desce e encolhe em volta do centro (0.052417ms)
✔ o índice arredonda e fica preso nas pontas (0.0575ms)
✔ item no centro é identidade; vizinho em repouso é plano, menor e apagado (0.07375ms)
✔ a proporção cai com a fonte e nunca passa a do cartão de verdade (0.055917ms)
✔ a tinta da face segue o contraste: clara no roxo, escura no amarelo (1.016958ms)
✔ todo emissor tem texto principal e secundário legíveis (≥ 4,5:1) em todo o metal (3.887916ms)
✔ os tokens da face usam a mesma opacidade e o mesmo brilho que a conta de contraste (0.641042ms)
✔ o deslize anda no máximo um cartão e respeita a intenção do dedo (0.1295ms)
✔ além das pontas o carrossel cede um terço do dedo (0.079583ms)
✔ o toque acha o cartão que está debaixo do dedo, com o carrossel onde ele está (0.127292ms)
✔ a face comporta o conteúdo MEDIDO em cada tamanho de fonte do iPhone (0.092292ms)
(node:87948) [MODULE_TYPELESS_PACKAGE_JSON] Warning: Module type of file:///Users/gabrielalmeidadias/Documents/Empresas/ProOps/DEV/Personal-ProOps-app/src/design/contrast.test.ts is not specified and it doesn't parse as CommonJS.
Reparsing as ES module because module syntax was detected. This incurs a performance overhead.
To eliminate this warning, add "type": "module" to /Users/gabrielalmeidadias/Documents/Empresas/ProOps/DEV/Personal-ProOps-app/package.json.
(Use `node --trace-warnings ...` to show where the warning was created)
✔ contraste da paleta light (1.295166ms)
✔ contraste da paleta dark (0.906708ms)
✔ os dois temas declaram os mesmos papéis de cor (0.333708ms)
✔ contrast() confere com a referência WCAG (0.103834ms)
(node:87949) [MODULE_TYPELESS_PACKAGE_JSON] Warning: Module type of file:///Users/gabrielalmeidadias/Documents/Empresas/ProOps/DEV/Personal-ProOps-app/src/design/donut-math.test.ts is not specified and it doesn't parse as CommonJS.
Reparsing as ES module because module syntax was detected. This incurs a performance overhead.
To eliminate this warning, add "type": "module" to /Users/gabrielalmeidadias/Documents/Empresas/ProOps/DEV/Personal-ProOps-app/package.json.
(Use `node --trace-warnings ...` to show where the warning was created)
✔ as fatias seguem a ordem do maior e cobrem a volta com respiro (0.666083ms)
✔ acima de seis, o resto vira "outras" no último tom (0.092958ms)
✔ uma fatia só fecha a volta (0.048375ms)
✔ zero e negativo não entram (0.042375ms)
✔ o toque acha a fatia pelo ângulo e ignora o furo (0.302ms)
✔ a fatia com cor de categoria usa a cor, ela viaja com a categoria na ordenação, e "outras" fica no cinza (0.123166ms)
(node:87950) [MODULE_TYPELESS_PACKAGE_JSON] Warning: Module type of file:///Users/gabrielalmeidadias/Documents/Empresas/ProOps/DEV/Personal-ProOps-app/src/design/note-face.test.ts is not specified and it doesn't parse as CommonJS.
Reparsing as ES module because module syntax was detected. This incurs a performance overhead.
To eliminate this warning, add "type": "module" to /Users/gabrielalmeidadias/Documents/Empresas/ProOps/DEV/Personal-ProOps-app/package.json.
(Use `node --trace-warnings ...` to show where the warning was created)
✔ negrito sobe o peso, itálico escolhe a face inclinada (0.600584ms)
✔ negrito dentro de um título (600) sobe para 700 — senão não faz nada visível (0.09375ms)
✔ mono ganha da combinação inteira (0.071584ms)
✔ riscado é decoração, não família (0.0795ms)
(node:87951) [MODULE_TYPELESS_PACKAGE_JSON] Warning: Module type of file:///Users/gabrielalmeidadias/Documents/Empresas/ProOps/DEV/Personal-ProOps-app/src/design/note-surface.test.ts is not specified and it doesn't parse as CommonJS.
Reparsing as ES module because module syntax was detected. This incurs a performance overhead.
To eliminate this warning, add "type": "module" to /Users/gabrielalmeidadias/Documents/Empresas/ProOps/DEV/Personal-ProOps-app/package.json.
(Use `node --trace-warnings ...` to show where the warning was created)
✔ light: as oito cores pintam o cartão e o texto continua legível (0.458709ms)
✔ dark: as oito cores pintam o cartão e o texto continua legível (0.111833ms)
(node:87952) [MODULE_TYPELESS_PACKAGE_JSON] Warning: Module type of file:///Users/gabrielalmeidadias/Documents/Empresas/ProOps/DEV/Personal-ProOps-app/src/design/preview-account-balances.test.ts is not specified and it doesn't parse as CommonJS.
Reparsing as ES module because module syntax was detected. This incurs a performance overhead.
To eliminate this warning, add "type": "module" to /Users/gabrielalmeidadias/Documents/Empresas/ProOps/DEV/Personal-ProOps-app/package.json.
(Use `node --trace-warnings ...` to show where the warning was created)
✔ preview account balances satisfy the same cash contract as production (0.349084ms)
(node:87953) [MODULE_TYPELESS_PACKAGE_JSON] Warning: Module type of file:///Users/gabrielalmeidadias/Documents/Empresas/ProOps/DEV/Personal-ProOps-app/src/design/preview-finance-analysis.test.ts is not specified and it doesn't parse as CommonJS.
Reparsing as ES module because module syntax was detected. This incurs a performance overhead.
To eliminate this warning, add "type": "module" to /Users/gabrielalmeidadias/Documents/Empresas/ProOps/DEV/Personal-ProOps-app/package.json.
(Use `node --trace-warnings ...` to show where the warning was created)
✔ analysis QA seeds exact hook keys and internally consistent money (4.129916ms)
(node:87954) [MODULE_TYPELESS_PACKAGE_JSON] Warning: Module type of file:///Users/gabrielalmeidadias/Documents/Empresas/ProOps/DEV/Personal-ProOps-app/src/design/preview-finance-cache.test.ts is not specified and it doesn't parse as CommonJS.
Reparsing as ES module because module syntax was detected. This incurs a performance overhead.
To eliminate this warning, add "type": "module" to /Users/gabrielalmeidadias/Documents/Empresas/ProOps/DEV/Personal-ProOps-app/package.json.
(Use `node --trace-warnings ...` to show where the warning was created)
✔ preview seeds the period queries Finance actually requests (1.655583ms)
(node:87955) [MODULE_TYPELESS_PACKAGE_JSON] Warning: Module type of file:///Users/gabrielalmeidadias/Documents/Empresas/ProOps/DEV/Personal-ProOps-app/src/design/preview-root.test.ts is not specified and it doesn't parse as CommonJS.
Reparsing as ES module because module syntax was detected. This incurs a performance overhead.
To eliminate this warning, add "type": "module" to /Users/gabrielalmeidadias/Documents/Empresas/ProOps/DEV/Personal-ProOps-app/package.json.
(Use `node --trace-warnings ...` to show where the warning was created)
✔ QA deep links select only the five tab roots (0.316125ms)
✔ QA can open the real invoice route without exposing pushed-route chrome (0.075166ms)
(node:87956) [MODULE_TYPELESS_PACKAGE_JSON] Warning: Module type of file:///Users/gabrielalmeidadias/Documents/Empresas/ProOps/DEV/Personal-ProOps-app/src/design/reorder-math.test.ts is not specified and it doesn't parse as CommonJS.
Reparsing as ES module because module syntax was detected. This incurs a performance overhead.
To eliminate this warning, add "type": "module" to /Users/gabrielalmeidadias/Documents/Empresas/ProOps/DEV/Personal-ProOps-app/package.json.
(Use `node --trace-warnings ...` to show where the warning was created)
✔ a posição soma as alturas medidas mais o respiro (1.244417ms)
✔ altura ainda não medida conta zero e não estoura (0.094083ms)
✔ o slot sai do CENTRO do item arrastado, não do topo (0.103042ms)
✔ arrastar para fora das pontas gruda na primeira e na última (0.065666ms)
✔ a grade é aritmética exata: índice vira linha e coluna (0.52575ms)
✔ na grade o slot é o ladrilho mais próximo, preso dentro dos dados (0.081167ms)
✔ só o irmão ENTRE a origem e o destino anda, e anda UM slot (0.07375ms)
✔ sem arrasto em curso ninguém se mexe (0.062542ms)
✔ o item arrastado acaba exatamente no slot que o leque abriu (0.139958ms)
✔ no meio da tela o auto-scroll fica parado (0.123375ms)
✔ perto do topo ele sobe, e mais rápido quanto mais perto (0.107042ms)
✔ o pé da faixa desconta a DOCK — senão o dedo nunca alcança (0.060417ms)
(node:87957) [MODULE_TYPELESS_PACKAGE_JSON] Warning: Module type of file:///Users/gabrielalmeidadias/Documents/Empresas/ProOps/DEV/Personal-ProOps-app/src/design/sparkline-geometry.test.ts is not specified and it doesn't parse as CommonJS.
Reparsing as ES module because module syntax was detected. This incurs a performance overhead.
To eliminate this warning, add "type": "module" to /Users/gabrielalmeidadias/Documents/Empresas/ProOps/DEV/Personal-ProOps-app/package.json.
(Use `node --trace-warnings ...` to show where the warning was created)
✔ a escala põe as pontas no respiro e o maior valor mais alto (0.387125ms)
✔ série plana não divide por zero (0.055ms)
✔ comparison shares the vertical scale and preserves the chronological width (0.046625ms)
✔ menos de dois pontos ou largura zero não têm escala (0.038334ms)
✔ o índice do dedo prende nas pontas (0.048625ms)
✔ o rótulo fica dentro da largura (0.040625ms)
(node:87958) [MODULE_TYPELESS_PACKAGE_JSON] Warning: Module type of file:///Users/gabrielalmeidadias/Documents/Empresas/ProOps/DEV/Personal-ProOps-app/src/design/tab-pill.test.ts is not specified and it doesn't parse as CommonJS.
Reparsing as ES module because module syntax was detected. This incurs a performance overhead.
To eliminate this warning, add "type": "module" to /Users/gabrielalmeidadias/Documents/Empresas/ProOps/DEV/Personal-ProOps-app/package.json.
(Use `node --trace-warnings ...` to show where the warning was created)
✔ a folga deixa o círculo encostar no respiro da pílula, nunca passar dele (0.351458ms)
✔ dentro da faixa a posição da mola passa intacta (0.060834ms)
✔ slot pequeno demais não dá folga negativa (0.036417ms)
✔ a distância da aba satura em um slot (0.044833ms)
✔ o alvo ocupa o slot no celular, mas não a faixa vazia entre ícones no tablet (0.044709ms)
✔ rótulos vizinhos nunca ficam a menos do vão mínimo, em nenhuma largura de celular (0.0815ms)
✔ com espaço sobrando, o rótulo segue a fonte do sistema até 1,15× (0.506ms)
(node:87959) [MODULE_TYPELESS_PACKAGE_JSON] Warning: Module type of file:///Users/gabrielalmeidadias/Documents/Empresas/ProOps/DEV/Personal-ProOps-app/src/design/tablet-accounts.test.ts is not specified and it doesn't parse as CommonJS.
Reparsing as ES module because module syntax was detected. This incurs a performance overhead.
To eliminate this warning, add "type": "module" to /Users/gabrielalmeidadias/Documents/Empresas/ProOps/DEV/Personal-ProOps-app/package.json.
(Use `node --trace-warnings ...` to show where the warning was created)
✔ accounts keeps the ledger primary and decision support secondary on tablets (0.91275ms)
✔ accounts tablet support does not duplicate ledger sections (0.119542ms)
(node:87960) [MODULE_TYPELESS_PACKAGE_JSON] Warning: Module type of file:///Users/gabrielalmeidadias/Documents/Empresas/ProOps/DEV/Personal-ProOps-app/src/design/tablet-cards.test.ts is not specified and it doesn't parse as CommonJS.
Reparsing as ES module because module syntax was detected. This incurs a performance overhead.
To eliminate this warning, add "type": "module" to /Users/gabrielalmeidadias/Documents/Empresas/ProOps/DEV/Personal-ProOps-app/package.json.
(Use `node --trace-warnings ...` to show where the warning was created)
✔ cards keeps compact reading order and composes a measured tablet decision workspace (0.830583ms)
(node:87961) [MODULE_TYPELESS_PACKAGE_JSON] Warning: Module type of file:///Users/gabrielalmeidadias/Documents/Empresas/ProOps/DEV/Personal-ProOps-app/src/design/tablet-transactions.test.ts is not specified and it doesn't parse as CommonJS.
Reparsing as ES module because module syntax was detected. This incurs a performance overhead.
To eliminate this warning, add "type": "module" to /Users/gabrielalmeidadias/Documents/Empresas/ProOps/DEV/Personal-ProOps-app/package.json.
(Use `node --trace-warnings ...` to show where the warning was created)
✔ transaction workspace keeps the native ledger below the safe two-pane width (0.633083ms)
✔ transactions uses a virtualized ledger beside contextual controls only in wide windows (0.780042ms)
(node:87962) [MODULE_TYPELESS_PACKAGE_JSON] Warning: Module type of file:///Users/gabrielalmeidadias/Documents/Empresas/ProOps/DEV/Personal-ProOps-app/src/design/tile-math.test.ts is not specified and it doesn't parse as CommonJS.
Reparsing as ES module because module syntax was detected. This incurs a performance overhead.
To eliminate this warning, add "type": "module" to /Users/gabrielalmeidadias/Documents/Empresas/ProOps/DEV/Personal-ProOps-app/package.json.
(Use `node --trace-warnings ...` to show where the warning was created)
✔ tamanho normal: Entra e Sai cabem lado a lado (0.335125ms)
✔ valor que precisaria encolher mais que o limite pede a linha inteira (0.074292ms)
✔ palavra que não cabe na metade pede a linha inteira (nunca "Orçament/os") (0.039209ms)
✔ a fileira empilha TODOS quando o maior mínimo não cabe na metade — e só então (0.051917ms)
(node:87963) [MODULE_TYPELESS_PACKAGE_JSON] Warning: Module type of file:///Users/gabrielalmeidadias/Documents/Empresas/ProOps/DEV/Personal-ProOps-app/src/design/wallet-stage.test.ts is not specified and it doesn't parse as CommonJS.
Reparsing as ES module because module syntax was detected. This incurs a performance overhead.
To eliminate this warning, add "type": "module" to /Users/gabrielalmeidadias/Documents/Empresas/ProOps/DEV/Personal-ProOps-app/package.json.
(Use `node --trace-warnings ...` to show where the warning was created)
✔ the wallet keeps phone geometry and bounds the tablet carousel (0.314709ms)
✔ the measured stage is centered and a resize follows the current card (0.713292ms)
(node:87964) [MODULE_TYPELESS_PACKAGE_JSON] Warning: Module type of file:///Users/gabrielalmeidadias/Documents/Empresas/ProOps/DEV/Personal-ProOps-app/src/design/wave-math.test.ts is not specified and it doesn't parse as CommonJS.
Reparsing as ES module because module syntax was detected. This incurs a performance overhead.
To eliminate this warning, add "type": "module" to /Users/gabrielalmeidadias/Documents/Empresas/ProOps/DEV/Personal-ProOps-app/package.json.
(Use `node --trace-warnings ...` to show where the warning was created)
✔ cobrir: em 1 não há nada na tela, em 0 a tela inteira está coberta (0.39ms)
✔ revelar: em 0 a tela inteira está coberta, em 1 não há nada (0.060167ms)
✔ as duas fases andam para CIMA: a borda sobe enquanto a cobertura cresce e enquanto some (0.080709ms)
✔ a curva é mais funda no meio do caminho do que nas pontas (0.039875ms)
✔ o círculo cobre a tela inteira a partir de qualquer origem (0.598375ms)
✔ a curva de tempo vai de 0 a 1 sem sair do intervalo (0.046ms)
✔ a capa para com a linha de base em 17% da altura (0.104958ms)
✔ a altura da capa é o ponto mais baixo da borda (o fundo da barriga) (0.199209ms)
(node:87965) [MODULE_TYPELESS_PACKAGE_JSON] Warning: Module type of file:///Users/gabrielalmeidadias/Documents/Empresas/ProOps/DEV/Personal-ProOps-app/src/lib/abas.test.ts is not specified and it doesn't parse as CommonJS.
Reparsing as ES module because module syntax was detected. This incurs a performance overhead.
To eliminate this warning, add "type": "module" to /Users/gabrielalmeidadias/Documents/Empresas/ProOps/DEV/Personal-ProOps-app/package.json.
(Use `node --trace-warnings ...` to show where the warning was created)
✔ A rota (tabs) tem o título da aba ativa — é o que o "voltar" do iOS lê (0.441166ms)
✔ As duas tab bars leem o rótulo da mesma lista (0.630917ms)
(node:87966) [MODULE_TYPELESS_PACKAGE_JSON] Warning: Module type of file:///Users/gabrielalmeidadias/Documents/Empresas/ProOps/DEV/Personal-ProOps-app/src/lib/account-cash.test.ts is not specified and it doesn't parse as CommonJS.
Reparsing as ES module because module syntax was detected. This incurs a performance overhead.
To eliminate this warning, add "type": "module" to /Users/gabrielalmeidadias/Documents/Empresas/ProOps/DEV/Personal-ProOps-app/package.json.
(Use `node --trace-warnings ...` to show where the warning was created)
✔ o total é a soma EXATA das linhas mostradas (0.636458ms)
✔ cartão e investimento ficam de fora — não são caixa (1.471042ms)
✔ o lançamento SEM conta entra como linha, e por isso o total continua fechando (0.087833ms)
✔ o que ainda vai cair não entra no total — ele vira aReceber (0.054ms)
✔ conta zerada e sem nada a receber não vira linha (0.065791ms)
(node:87967) [MODULE_TYPELESS_PACKAGE_JSON] Warning: Module type of file:///Users/gabrielalmeidadias/Documents/Empresas/ProOps/DEV/Personal-ProOps-app/src/lib/account-creation.test.ts is not specified and it doesn't parse as CommonJS.
Reparsing as ES module because module syntax was detected. This incurs a performance overhead.
To eliminate this warning, add "type": "module" to /Users/gabrielalmeidadias/Documents/Empresas/ProOps/DEV/Personal-ProOps-app/package.json.
(Use `node --trace-warnings ...` to show where the warning was created)
✔ F02: a lost response freezes the original request; changing fields cannot create a second account (713.027834ms)
✔ F02: concurrent identical submissions share one request and a frozen input snapshot (481.770917ms)
✔ F02: proven SQL rollbacks release the attempt; transport and malformed responses retain it (3780.97575ms)
✔ F02: archived/unavailable acknowledgments retain identity and invalidate financial caches without clearing others (911.130042ms)
✔ F02: incomplete or invalid current account rows retain the original attempt for replay (6743.99725ms)
✔ F02: acknowledgment validates current shape without undoing a later rename, type or signed balance edit (545.396167ms)
✔ F02: replay confirms current nullable card days after a lost response without replacing the original payload (1077.22525ms)
✔ F02: rollback de um retry não descarta a intenção de um envio anterior sem confirmação (1513.660708ms)
(node:87968) [MODULE_TYPELESS_PACKAGE_JSON] Warning: Module type of file:///Users/gabrielalmeidadias/Documents/Empresas/ProOps/DEV/Personal-ProOps-app/src/lib/account-form.test.ts is not specified and it doesn't parse as CommonJS.
Reparsing as ES module because module syntax was detected. This incurs a performance overhead.
To eliminate this warning, add "type": "module" to /Users/gabrielalmeidadias/Documents/Empresas/ProOps/DEV/Personal-ProOps-app/package.json.
(Use `node --trace-warnings ...` to show where the warning was created)
✔ shared account defaults are fresh, zero-valued and respect the chosen type (0.384459ms)
✔ account editing initializes current balance and preserves the existing initial adjustment (0.163833ms)
✔ account validation rejects fractional unsafe or negative money and unsafe adjustment (0.367625ms)
✔ card days are integers 1 through 31, limit safe nonnegative and rate a percentage (0.144541ms)
✔ noncard payload clears card fields and only checking uses a negative sign (0.063584ms)
✔ duplicate name error differs from network and preserves intentional domain errors (0.088ms)
✔ new cards discard hidden bank balances and card edits preserve their seed despite debt (0.073625ms)
✔ bank to card without transactions preserves the existing signed seed instead of discarding cash (0.081ms)
✔ card to checking without transactions preserves signed balance and clears card-specific fields (0.099583ms)
✔ editing a negative account cannot silently flip its sign by selecting an unsigned type (0.208625ms)
(node:87969) [MODULE_TYPELESS_PACKAGE_JSON] Warning: Module type of file:///Users/gabrielalmeidadias/Documents/Empresas/ProOps/DEV/Personal-ProOps-app/src/lib/account-picker-query.test.ts is not specified and it doesn't parse as CommonJS.
Reparsing as ES module because module syntax was detected. This incurs a performance overhead.
To eliminate this warning, add "type": "module" to /Users/gabrielalmeidadias/Documents/Empresas/ProOps/DEV/Personal-ProOps-app/package.json.
(Use `node --trace-warnings ...` to show where the warning was created)
✔ F03: muitas instâncias do seletor compartilham uma RPC por recurso no cache real (824.841292ms)
✔ F03: recurso desabilitado não busca nem mesmo quando o outro recurso está montado (448.590959ms)
(node:87970) [MODULE_TYPELESS_PACKAGE_JSON] Warning: Module type of file:///Users/gabrielalmeidadias/Documents/Empresas/ProOps/DEV/Personal-ProOps-app/src/lib/accounts.test.ts is not specified and it doesn't parse as CommonJS.
Reparsing as ES module because module syntax was detected. This incurs a performance overhead.
To eliminate this warning, add "type": "module" to /Users/gabrielalmeidadias/Documents/Empresas/ProOps/DEV/Personal-ProOps-app/package.json.
(Use `node --trace-warnings ...` to show where the warning was created)
✔ o cartão diz que é cartão — foi o que custou R$ 4.000 em produção (0.951917ms)
✔ nome que já diz o tipo não repete (0.067666ms)
✔ os outros tipos também aparecem — a regra não é só sobre cartão (2.681375ms)
✔ sem conta e tipo desconhecido não quebram a tela (0.6475ms)
✔ O saldo de UMA conta: dinheiro mostra o confirmado; cartão, o total (24/09/2026) (1.529834ms)
✔ editar o saldo atual anda o inicial pela diferença, e sem mexer não muda nada (0.10825ms)
✔ filtros e formulários distinguem cartão, conta histórica e ausência com o mesmo seletor (0.52675ms)
✔ F02: confirma origem por UUID e compatibilidade atual, sem adotar por nome (0.777625ms)
✔ F02: resultado tardio, arquivado, apagado ou com identidade divergente não sobrescreve origem (0.16125ms)
✔ F03: saldo é confirmado com sinal; limite vem de todas as obrigações, não da fatura visível (0.261667ms)
✔ F03: zero explícito é um valor; limite ausente não é zero nem ilimitado (0.328584ms)
✔ F03: carregamento, erro e pausa conservam opções sem inventar dinheiro (0.211958ms)
✔ F03: refetch tem valor sinalizado; erro posterior não apresenta cache antigo como atual (0.085ms)
✔ F03: inteiro seguro é obrigatório; strings SQL inteiras são aceitas sem perda (0.221875ms)
✔ F03: ocultação fixa protege saldo, sinal e limite sem chamar o formatador (0.142042ms)
✔ F03: conta arquivada não recebe número atual e consulta por ID distingue nomes iguais (0.08ms)
✔ F03: exposição legada incompleta não anuncia limite disponível canônico (0.066375ms)
✔ F03: contrato de qualidade inválido não apresenta número como confirmado (0.064542ms)
(node:87971) [MODULE_TYPELESS_PACKAGE_JSON] Warning: Module type of file:///Users/gabrielalmeidadias/Documents/Empresas/ProOps/DEV/Personal-ProOps-app/src/lib/agent-chat.test.ts is not specified and it doesn't parse as CommonJS.
Reparsing as ES module because module syntax was detected. This incurs a performance overhead.
To eliminate this warning, add "type": "module" to /Users/gabrielalmeidadias/Documents/Empresas/ProOps/DEV/Personal-ProOps-app/package.json.
(Use `node --trace-warnings ...` to show where the warning was created)
✔ newClientMessageId monta um UUID v4 a partir dos 16 bytes recebidos (0.983875ms)
✔ os bits de versão e variant são aplicados mesmo com bytes todos 0xff (0.1145ms)
✔ bytes diferentes geram ids diferentes (0.070542ms)
✔ só os 16 bytes entram: a mesma semente devolve o mesmo id (0.056209ms)
✔ defaultRandomBytes prefere o CSPRNG quando ele existe (0.067792ms)
✔ sem CSPRNG cai no fallback e ainda preenche os 16 bytes (1.963125ms)
✔ o retry reaproveita o UUID já guardado na mensagem falha (0.063584ms)
✔ mensagem vazia ou só com espaço não envia (0.681583ms)
✔ mensagem no limite envia e acima não (0.104167ms)
✔ o limite conta o texto TRIMADO, que é o que o servidor recebe (0.122041ms)
✔ título vazio ou acima de 80 não salva (0.088333ms)
✔ páginas de conversas concatenam sem duplicar id (0.582417ms)
✔ a conversa repetida fica com a versão MAIS NOVA (0.066708ms)
✔ página antiga entra ANTES sem mudar a ordem (0.111ms)
✔ sequence repetido não duplica (0.052708ms)
✔ mensagem local sem sequence sobrevive à chegada da página (0.071666ms)
✔ isNearChatEnd distingue 80px do fim (0.054459ms)
✔ gravação com apenas ruído de fundo não é enviada ao transcritor (0.078583ms)
✔ 402 abre paywall e não oferece nova tentativa (0.06ms)
✔ 409 mantém o composer bloqueado e é retentável (0.039ms)
✔ 429 é retentável sem paywall (0.03625ms)
✔ falha de rede é retentável (0.038375ms)
✔ 422 e 404 não são retentáveis: repetir dá o mesmo erro (0.038916ms)
✔ 500 é retentável (0.034125ms)
✔ pergunta já resolvida desabilita TODOS os controles (0.055292ms)
✔ payload sem pending_id não tem controle para habilitar (0.030959ms)
✔ turno em andamento também desabilita (0.043792ms)
✔ 200 não renova nada (0.13425ms)
✔ 401 renova UMA vez e repete com o token novo (0.07275ms)
✔ 401 no retry encerra a sessão e NÃO tenta uma terceira vez (0.083791ms)
✔ refresh que falha encerra a sessão sem tentar de novo (0.059417ms)
✔ erro que não é 401 passa direto, sem renovar (0.11075ms)
✔ composer bloqueia vazio, acima do limite e turno ativo, mas deixa corrigir proposta aberta (0.071875ms)
✔ a conversa criada vira a rota do id, não uma tela nova (0.037958ms)
✔ confirmação simples vira approve e reject (0.159042ms)
✔ candidatos viram choose com o id que o servidor congelou (0.079208ms)
✔ lista longa vira linhas com descrição (0.059209ms)
✔ opção de OUTRA pergunta é descartada (0.077416ms)
✔ payload sem pendente não rende botão nenhum (0.062416ms)
✔ a lista de cartões do rascunho vira botões (0.131791ms)
✔ o sufixo do rascunho não é interpretado na tela (0.069584ms)
✔ botão de OUTRO rascunho é descartado (0.058917ms)
✔ um payload não empresta o id do outro (0.047583ms)
✔ pergunta de rascunho respondida deixa os controles inertes (0.05525ms)
✔ resolvido e expirado deixam os controles inertes (0.046417ms)
✔ o negrito do WhatsApp vira trecho, não asterisco na tela (0.160042ms)
✔ asterisco solto continua sendo asterisco (0.069875ms)
✔ o par não atravessa quebra de linha (0.043125ms)
✔ o preview da lista sai sem a marcação (0.052ms)
✔ abrirConversaNova navega no mesmo toque, mesmo com o envio nunca resolvendo (0.139042ms)
✔ a semente tem o formato do useInfiniteQuery e a mensagem local sem sequence (0.89725ms)
✔ histórico: cache vazio busca; só a mensagem local não busca; com servidor busca (0.104667ms)
✔ aplicarTurno troca a local pela do servidor sem duplicar e sem apagar resposta do agente (0.183208ms)
✔ aplicarTurno encaixa na página MAIS NOVA (a primeira), não na mais antiga (0.065208ms)
✔ marcarTurnoLocal muda só a mensagem daquele turno (0.099708ms)
✔ retry: sem nada do servidor recria com o mesmo id; depois, envia (0.053875ms)
✔ falha do turno: 404 sai sem retry, 422 sem retry, rede com texto de rede (0.124708ms)
✔ título provisório segue a regra do servidor: 1ª linha não vazia, colapsada, 48 (0.149ms)
✔ duplo toque no mesmo quadro abre UMA conversa só (0.132625ms)
✔ trava do toque libera no próximo quadro mesmo se o envio lançar (0.282291ms)
✔ compositor trava enquanto a conversa não existe no servidor (0.115833ms)
✔ marcarTurnoLocal renova o created_at quando o patch traz um (0.061417ms)
✔ not_configured não vira "sem conexão" com retry (0.708041ms)
✔ marcarTurnoLocal reabre também a mensagem que o servidor já gravou (0.0745ms)
(node:87972) [MODULE_TYPELESS_PACKAGE_JSON] Warning: Module type of file:///Users/gabrielalmeidadias/Documents/Empresas/ProOps/DEV/Personal-ProOps-app/src/lib/agent-navigation.test.ts is not specified and it doesn't parse as CommonJS.
Reparsing as ES module because module syntax was detected. This incurs a performance overhead.
To eliminate this warning, add "type": "module" to /Users/gabrielalmeidadias/Documents/Empresas/ProOps/DEV/Personal-ProOps-app/package.json.
(Use `node --trace-warnings ...` to show where the warning was created)
✔ components/app-tabs.tsx tem os cinco destinos na ordem canônica (1.696583ms)
✔ components/app-tabs.tsx declara cada destino uma vez só (1.565083ms)
✔ components/app-tabs.android.tsx tem os cinco destinos na ordem canônica (1.435416ms)
✔ components/app-tabs.android.tsx declara cada destino uma vez só (1.1265ms)
✔ components/app-tabs.web.tsx tem os cinco destinos na ordem canônica (0.397375ms)
✔ components/app-tabs.web.tsx declara cada destino uma vez só (0.1915ms)
✔ o Android navega para os cinco hrefs, na mesma ordem (0.138541ms)
✔ a pílula inferior do Android recebe a seleção da rota em qualquer largura (0.214542ms)
✔ a vitrine visual monta as cinco raízes (0.622292ms)
✔ a vitrine Android mostra a mesma pílula inferior das raízes (0.228542ms)
✔ a aba do agente usa os SF Symbols que estão no mapa do Icon (0.270584ms)
✔ a lista lateral da aba do Agente EMPURRA a conversa (com replace ela sumia com as abas) (0.170667ms)
(node:87973) [MODULE_TYPELESS_PACKAGE_JSON] Warning: Module type of file:///Users/gabrielalmeidadias/Documents/Empresas/ProOps/DEV/Personal-ProOps-app/src/lib/agent-sql-columns.test.ts is not specified and it doesn't parse as CommonJS.
Reparsing as ES module because module syntax was detected. This incurs a performance overhead.
To eliminate this warning, add "type": "module" to /Users/gabrielalmeidadias/Documents/Empresas/ProOps/DEV/Personal-ProOps-app/package.json.
(Use `node --trace-warnings ...` to show where the warning was created)
✔ todo insert do agente escreve em coluna que existe (19.223791ms)
(node:87974) [MODULE_TYPELESS_PACKAGE_JSON] Warning: Module type of file:///Users/gabrielalmeidadias/Documents/Empresas/ProOps/DEV/Personal-ProOps-app/src/lib/ai-channel-contract.test.ts is not specified and it doesn't parse as CommonJS.
Reparsing as ES module because module syntax was detected. This incurs a performance overhead.
To eliminate this warning, add "type": "module" to /Users/gabrielalmeidadias/Documents/Empresas/ProOps/DEV/Personal-ProOps-app/package.json.
(Use `node --trace-warnings ...` to show where the warning was created)
✔ o serviço Python exige o canal e grava as duas colunas (0.387541ms)
(node:87975) [MODULE_TYPELESS_PACKAGE_JSON] Warning: Module type of file:///Users/gabrielalmeidadias/Documents/Empresas/ProOps/DEV/Personal-ProOps-app/src/lib/alert-history.test.ts is not specified and it doesn't parse as CommonJS.
Reparsing as ES module because module syntax was detected. This incurs a performance overhead.
To eliminate this warning, add "type": "module" to /Users/gabrielalmeidadias/Documents/Empresas/ProOps/DEV/Personal-ProOps-app/package.json.
(Use `node --trace-warnings ...` to show where the warning was created)
✔ combina o mesmo alerta entregue por push e WhatsApp (1.098583ms)
✔ não combina alertas de workspaces diferentes (0.096083ms)
✔ mantém uma entrega antiga sem canal reconhecido (0.067375ms)
✔ o número do sino: visíveis e não lidos, com marco e lista nos dois lados (0.484375ms)
✔ abrir o histórico marca o mais novo da lista, fora de ordem ou não (0.071ms)
(node:87976) [MODULE_TYPELESS_PACKAGE_JSON] Warning: Module type of file:///Users/gabrielalmeidadias/Documents/Empresas/ProOps/DEV/Personal-ProOps-app/src/lib/alert-preferences-contract.test.ts is not specified and it doesn't parse as CommonJS.
Reparsing as ES module because module syntax was detected. This incurs a performance overhead.
To eliminate this warning, add "type": "module" to /Users/gabrielalmeidadias/Documents/Empresas/ProOps/DEV/Personal-ProOps-app/package.json.
(Use `node --trace-warnings ...` to show where the warning was created)
✔ desligar aviso financeiro não apaga a capacidade de push (0.617041ms)
(node:87977) [MODULE_TYPELESS_PACKAGE_JSON] Warning: Module type of file:///Users/gabrielalmeidadias/Documents/Empresas/ProOps/DEV/Personal-ProOps-app/src/lib/anti-slop.test.ts is not specified and it doesn't parse as CommonJS.
Reparsing as ES module because module syntax was detected. This incurs a performance overhead.
To eliminate this warning, add "type": "module" to /Users/gabrielalmeidadias/Documents/Empresas/ProOps/DEV/Personal-ProOps-app/package.json.
(Use `node --trace-warnings ...` to show where the warning was created)
✔ nenhuma cor hardcoded fora de constants/theme.ts (81.947333ms)
✔ nenhum fontSize solto fora de design/tokens.ts (19.524458ms)
✔ nenhum fontWeight solto — peso é FAMÍLIA, não número (18.140334ms)
✔ nenhuma face do tipo antigo sobrou (47.279958ms)
✔ campo de ação como FUNDO é tintFill, nunca tint (20.645625ms)
✔ rgba/hsl literais também não passam (31.126375ms)
✔ nenhum onAuthStateChange fora de hooks/use-session.tsx (37.505ms)
✔ nenhum rótulo truncado — texto quebra, layout cede (24.145417ms)
✔ nenhum Canvas do Skia fora de ui/skia-canvas.tsx (22.949167ms)
✔ SkiaCanvas lê PixelRatio no carregamento do módulo, não a cada render (0.253875ms)
✔ nenhuma chamada a Edge Function no app (14.483458ms)
✔ nenhuma leitura do app usa RPC de projeção linha-por-dia (44.502834ms)
✔ hint de Field cabe em duas linhas (31.907834ms)
✔ botão ghost só como par do primário (24.41525ms)
✔ placeholder de busca cabe em uma linha (16.049333ms)
✔ nenhuma tela compõe variante de texto com spread de Type (29.284708ms)
✔ nenhum glifo de texto fazendo papel de ícone (55.024417ms)
✔ nenhuma tela desenha o próprio campo de texto (33.18725ms)
✔ nenhuma tela monta lista de conta à mão (15.197792ms)
✔ nenhuma tela declara HeaderActions e HeaderMenu juntos (2.9705ms)
✔ useRecentTransactions só lista o que já aconteceu (0.314375ms)
✔ mês de ciclo nunca vem de currentMonth() (32.7435ms)
✔ todo Sheet abre com TaskHeader (24.590375ms)
✔ nenhuma tela monta headerLeft (42.726959ms)
✔ nenhuma tela desenha o próprio botão de fechar (28.039959ms)
✔ Segmented não passa de 4 opções (18.169333ms)
✔ toda tela de conteúdo usa <Screen> (2.571875ms)
✔ createAnimatedComponent(Pressable) só com estilo estático (15.420625ms)
✔ o resumo e a lista de lançamentos leem a mesma janela (25.830417ms)
✔ o portão de carregamento só aceita consulta, nunca booleano (65.299292ms)
✔ valor em texto visível passa por Money ou useBRL (17.17625ms)
✔ toda face de Fonts está carregada no _layout raiz (0.370792ms)
✔ a paleta de nota e o CHECK do banco dizem a mesma coisa (6.347209ms)
✔ header translúcido na raiz, nenhum título grande, nenhuma tela opaca por cima (47.2615ms)
✔ nenhuma tela decide "previsto" pelo status (19.56825ms)
✔ LinearTransition só mora em components/motion/transicao.ts (14.472041ms)
✔ título de seção fica a Space.md do conteúdo, no Section e em volta de todo SectionHead e BlockHeader (13.383792ms)
✔ Switch de formulário só pelo SwitchRow (33.689375ms)
✔ frase com dinheiro não é montada em peças numa linha que quebra (19.783625ms)
✔ o título da linha de extrato tem o mesmo piso de largura do título da Row (0.15225ms)
✔ card que arrasta tem press-in: o filho do Deslizavel é PressableScale ou desenha o pressionado (2.396ms)
✔ Placeholder é exemplo ("Ex.: …") ou instrução, nunca dado que parece preenchido (13.897ms)
✔ Busca nativa do iOS não esconde a barra de navegação (o "(tabs)" de 24/09/2026) (0.0855ms)
✔ Botão do painel do arrasto é Tap simultâneo ao observador do dedo (iOS não recebia o toque) (0.166916ms)
✔ O item levantado no reordenar tem o raio do card: a sombra não desenha um quadrado (0.08475ms)
✔ Nenhum « » em texto do app: o termo vai em negrito ou a frase se reescreve (24.410667ms)
✔ O input invisível do Valor não prende o arrasto: não alinha o texto à direita (0.130458ms)
✔ Campo centralizado ou à direita não prende o arrasto no Android (TextField) (0.074791ms)
✔ O toast sobe acima do teclado: erro de formulário não some atrás dele (0.0505ms)
✔ Toda rolagem deixa o toque passar com o teclado aberto (keyboardShouldPersistTaps, nunca o padrão never) (24.1705ms)
✔ Pagamento de dívida não troca de tipo, não vira "vou pagar depois" nem sai de cartão no formulário (0.301375ms)
✔ Formulário distingue consulta pendente/erro antes de oferecer o seletor com cadastro contextual (0.195917ms)
✔ Formulário aberto por link remonta quando o registro muda (key pelo id) (18.757625ms)
✔ o nome que ficava entre « » vai em <Forte>, não solto na frase (36.024416ms)
✔ a cascata do Screen não embrulha o que não ocupa lugar na tela (0.271708ms)
✔ nome citado nem exemplo vão entre aspas: negrito onde o app desenha, frase nomeada no diálogo nativo (27.487292ms)
✔ o conteúdo que substitui o esqueleto nasce no lugar, sem voltar ao invisível (0.191708ms)
✔ as conversas do Agente são buscadas ao entrar na conta, com as MESMAS opções da aba (0.0765ms)
✔ toda tela de dados tem puxar para atualizar (3.464292ms)
✔ nenhum horário vira dia por slice (é o dia do UTC) (31.527541ms)
✔ vazio grande só onde ele é a única coisa da tela; com outra coisa, é compacto (8.892834ms)
✔ Ocorrência de série: uma data só (o vencimento), e o caminho para editar a série (0.699459ms)
✔ Em parcela, Editar abre o lançamento e oferece o alcance ao Salvar (0.231208ms)
✔ O dia de um timestamp na tela é o LOCAL, nunca o recorte do UTC (25.678667ms)
✔ Juros do Pix no crédito também se edita: abre com o juro que nasceu junto e acompanha a compra (18.210459ms)
✔ Pix no crédito para conta própria: a transferência do cartão tem juro, e ele é despesa no cartão (0.550167ms)
✔ Folha com rolagem usa SheetScroll, e o conteúdo dela não soma a área segura (10.890875ms)
✔ arrasto: esquerda só tira da lista, direita nunca apaga, e apagar se chama "Apagar" (18.238792ms)
✔ Formulários sem modo hipótese: a hipótese é feita na Projeção, e o formulário só APLICA (spec 2026-09-29) (0.693667ms)
✔ Lançamento aberto pelo "Aplicar" de uma rápida: os dois caminhos de salvar a tiram do rascunho (0.264792ms)
✔ Rascunho da Projeção: a fileira de ações QUEBRA a linha (0.128041ms)
✔ Projeção: "tenho hoje" e "em N dias" QUEBRAM a linha com fonte grande (0.21175ms)
✔ TaskHeader: ação longa desce de linha antes de espremer o título (0.079917ms)
✔ MoneyField: caixa e odômetro usam a mesma escala que cabe com Dynamic Type (0.069542ms)
✔ Lançamento: com a fileira de parcelas escondida, o erro dela aparece na Conta — Salvar nunca fica mudo (0.086125ms)
✔ Ladrilho: lado a lado, e a linha inteira só quando MEDIR que não cabe (0.112459ms)
✔ Legenda da curva do herói QUEBRA a linha em vez de partir a palavra (0.100167ms)
✔ BlockHeader: a contagem e a pílula crescem com a fonte (altura MÍNIMA, nunca fixa) (0.0845ms)
✔ CountUpMoney: quando o valor animado não cabe, o <Money> que o substitui ENCOLHE (nunca reticência) (0.039667ms)
✔ Atalhos do Agente: o botão tem a largura do texto (nunca "Lembret/e"), no máximo dois por linha (0.066459ms)
✔ Barra de abas do Android: parado, o círculo é do React; o Reanimated só desenha durante a troca (0.053709ms)
✔ Projeção: o caminho "detalhado" do E se saiu por inteiro (0.179125ms)
✔ Atalhos de lançamento: os menus "Lançar" são os mesmos no app inteiro (0.193875ms)
✔ A conversão passa pela RPC converter_registro e invalida o financeiro (0.122667ms)
✔ O lançamento é um corpo do formulário único: seletor no topo, criar outro no fim, e converte (0.150167ms)
✔ A tinta da categoria é cor de CONTEÚDO: sai da paleta das notas, nunca de tint/danger/warning (0.096167ms)
✔ Toda lista que desenha o ícone da categoria desenha a cor dela (useAparencia, não categoryIcon direto) (6.910959ms)
(node:87978) [MODULE_TYPELESS_PACKAGE_JSON] Warning: Module type of file:///Users/gabrielalmeidadias/Documents/Empresas/ProOps/DEV/Personal-ProOps-app/src/lib/anticipation.test.ts is not specified and it doesn't parse as CommonJS.
Reparsing as ES module because module syntax was detected. This incurs a performance overhead.
To eliminate this warning, add "type": "module" to /Users/gabrielalmeidadias/Documents/Empresas/ProOps/DEV/Personal-ProOps-app/package.json.
(Use `node --trace-warnings ...` to show where the warning was created)
✔ as últimas pegam do fim; as próximas, do começo (0.621375ms)
✔ pedir mais do que existe devolve todas; zero não devolve nada (0.060458ms)
✔ recorrente não tem fim: "as últimas" vira as próximas (0.052125ms)
✔ o valor sugerido é a soma dos valores presentes, em centavos inteiros (0.146ms)
✔ a hipótese é um pagamento e um cancelamento por parcela, no dia de cada uma (0.218666ms)
✔ sem parcela ou sem valor, não há hipótese (0.081375ms)
✔ o horizonte precisa ir até a última parcela tirada (0.084125ms)
✔ a lista mostra um adiantamento como UMA hipótese, e tirar leva o grupo inteiro (0.156916ms)
✔ editar troca a hipótese no mesmo lugar da lista, e grupo sumido entra no fim (0.1865ms)
✔ a escolha do adiantamento viaja no draft do pagamento, para a edição voltar a ela (0.163042ms)
✔ 8 parcelas escolhidas em setembro assentam no que cabe em dezembro, sem erro (0.1065ms)
✔ cada mês à frente tira UMA parcela, e ir e voltar dá sempre o mesmo número (0.195375ms)
(node:87979) [MODULE_TYPELESS_PACKAGE_JSON] Warning: Module type of file:///Users/gabrielalmeidadias/Documents/Empresas/ProOps/DEV/Personal-ProOps-app/src/lib/aos-poucos.test.ts is not specified and it doesn't parse as CommonJS.
Reparsing as ES module because module syntax was detected. This incurs a performance overhead.
To eliminate this warning, add "type": "module" to /Users/gabrielalmeidadias/Documents/Empresas/ProOps/DEV/Personal-ProOps-app/package.json.
(Use `node --trace-warnings ...` to show where the warning was created)
✔ mostra o primeiro passo e conta o que falta (0.7875ms)
✔ o último passo mostra só o que sobra (0.116292ms)
✔ lista curta não tem "ver mais" (0.077667ms)
(node:87980) [MODULE_TYPELESS_PACKAGE_JSON] Warning: Module type of file:///Users/gabrielalmeidadias/Documents/Empresas/ProOps/DEV/Personal-ProOps-app/src/lib/app-update.test.ts is not specified and it doesn't parse as CommonJS.
Reparsing as ES module because module syntax was detected. This incurs a performance overhead.
To eliminate this warning, add "type": "module" to /Users/gabrielalmeidadias/Documents/Empresas/ProOps/DEV/Personal-ProOps-app/package.json.
(Use `node --trace-warnings ...` to show where the warning was created)
✔ o atualizador de APK pertence apenas ao pacote Android de produção (0.478375ms)
✔ parseia o contrato, ignora campos novos e normaliza o sha256 (0.455667ms)
✔ notas são opcionais para manter compatibilidade com manifestos antigos (0.0755ms)
✔ recusa HTML explicitamente antes de tentar baixar qualquer APK (0.166375ms)
✔ recusa campos obrigatórios inválidos (0.092125ms)
✔ limita o corpo durante a leitura, não só depois do download (1.7305ms)
✔ só versionCode estritamente maior é atualização (0.056958ms)
✔ progresso é inteiro, limitado e ausente sem tamanho total (0.049875ms)
✔ grava e calcula o SHA-256 no mesmo laço, emitindo só percentuais novos (0.45175ms)
✔ apaga o APK parcial quando o hash não confere (0.188125ms)
✔ a interface mostra as notas e só oferece a próxima etapa válida (0.14075ms)
(node:87981) [MODULE_TYPELESS_PACKAGE_JSON] Warning: Module type of file:///Users/gabrielalmeidadias/Documents/Empresas/ProOps/DEV/Personal-ProOps-app/src/lib/arrasto.test.ts is not specified and it doesn't parse as CommonJS.
Reparsing as ES module because module syntax was detected. This incurs a performance overhead.
To eliminate this warning, add "type": "module" to /Users/gabrielalmeidadias/Documents/Empresas/ProOps/DEV/Personal-ProOps-app/package.json.
(Use `node --trace-warnings ...` to show where the warning was created)
✔ cada ação vai para o lado marcado, na ordem declarada (1.374625ms)
✔ "Mais" aparece quando sobra ação sem lado, e "fora" não conta (0.115083ms)
✔ submenu sem lado conta para o "Mais" (é assim que "Mover para" chega) (0.08775ms)
✔ ação desligada ou sem onPress não entra no arrasto nem no "Mais" (0.1355ms)
✔ até o fim aciona a opção da BORDA, qualquer que seja (24/09/2026) (0.095875ms)
✔ a ponta é a do painel DESENHADO: só "Mais" à esquerda, "Mais" é a ponta (0.123ms)
✔ pouco arrastado: cada botão na largura natural, saindo de baixo do card em degraus (0.492792ms)
✔ aberto: os botões encostam um no outro, cada um na largura natural (0.191625ms)
✔ passando do painel, os botões esticam por igual e o conteúdo fica no meio de cada um (0.907125ms)
✔ até o fim, a ponta cobre o painel até o card, com o conteúdo colado na borda dele (0.449875ms)
✔ fechado, nada entra sob o card; um botão só é colado e ponta ao mesmo tempo (0.080792ms)
✔ temArrasto: só quando há algo para mostrar (0.106125ms)
✔ arrastar até o fim só vale depois do painel inteiro, e só onde há ponta (0.052875ms)
✔ um aberto por vez: abrir outro fecha o anterior, e o toque em outro só fecha (0.124791ms)
✔ card que saiu da tela não engole o primeiro toque da próxima (0.045542ms)
✔ até o fim olha o LADO: arrastar à esquerda nunca dispara a ação da direita (0.054167ms)
✔ a ponta da esquerda é o botão da BORDA (o último), não o primeiro (0.05575ms)
✔ o botão cresce com a fonte até 1,6× — acima disso o rótulo de uma palavra ainda cabe (0.047584ms)
✔ o ponto de abrir é meio botão, e de um lado só (0.027958ms)
✔ "até o fim" que a mola desligou há instantes ainda vale; de propósito, não (0.028666ms)
✔ ao soltar, vale o deslocamento REAL do soltar — o quadro pode não ter visto o fim (0.052417ms)
✔ no soltar, o deslocamento é o do dedo mais a posição em que o card já estava (0.036125ms)
✔ até o fim cabe no card: a folga encolhe até meio botão para ficar em 85% da largura (0.052458ms)
✔ soltar do lado oposto ao painel aberto nunca executa; do mesmo lado, continua valendo (0.030625ms)
✔ o painel entra por baixo do canto do card: a sobra é do botão colado nele, e da ponta até o fim (0.050958ms)
✔ fechado, nada aparece no canto do card: a sobra cresce com o que o card revelou (0.019292ms)
✔ o toque vira arrasto quando o dedo anda para o LADO — e aí o card não abre o item (0.025875ms)
✔ o card aberto sabe que está aberto: o toque nele só fecha (0.031958ms)
(node:87982) [MODULE_TYPELESS_PACKAGE_JSON] Warning: Module type of file:///Users/gabrielalmeidadias/Documents/Empresas/ProOps/DEV/Personal-ProOps-app/src/lib/auth-errors.test.ts is not specified and it doesn't parse as CommonJS.
Reparsing as ES module because module syntax was detected. This incurs a performance overhead.
To eliminate this warning, add "type": "module" to /Users/gabrielalmeidadias/Documents/Empresas/ProOps/DEV/Personal-ProOps-app/package.json.
(Use `node --trace-warnings ...` to show where the warning was created)
✔ sem erro, sem mensagem (0.422666ms)
✔ código errado e código expirado são frases diferentes (0.0885ms)
✔ rate limit devolve os segundos que a API informou (0.559167ms)
✔ número inválido fala de DDD, não de token (0.160875ms)
✔ queda de rede tem saída própria (0.112917ms)
✔ erro imprevisto nunca vaza inglês (0.106542ms)
✔ e-mail e senha errados não dizem qual dos dois (0.097833ms)
✔ cadastro por e-mail: confirmado, repetido e senha fraca têm frases próprias (0.071083ms)
✔ telefone já vinculado orienta entrar pela conta existente (0.0585ms)
✔ senha igual à antiga não vira "senha fraca" (0.079375ms)
✔ senha fraca diz o MOTIVO que o servidor deu (0.125042ms)
✔ teto de tempo do cliente e rede caída falam de conexão (0.051916ms)
(node:87983) [MODULE_TYPELESS_PACKAGE_JSON] Warning: Module type of file:///Users/gabrielalmeidadias/Documents/Empresas/ProOps/DEV/Personal-ProOps-app/src/lib/billing.test.ts is not specified and it doesn't parse as CommonJS.
Reparsing as ES module because module syntax was detected. This incurs a performance overhead.
To eliminate this warning, add "type": "module" to /Users/gabrielalmeidadias/Documents/Empresas/ProOps/DEV/Personal-ProOps-app/package.json.
(Use `node --trace-warnings ...` to show where the warning was created)
✔ o agente Python usa exatamente os mesmos produtos do app (1.243167ms)
✔ produto desconhecido nunca vira plano pago (0.135375ms)
✔ cada produto mapeia para o plano certo (0.073834ms)
✔ ids são únicos e existe mensal e anual para cada plano (0.121333ms)
(node:87984) [MODULE_TYPELESS_PACKAGE_JSON] Warning: Module type of file:///Users/gabrielalmeidadias/Documents/Empresas/ProOps/DEV/Personal-ProOps-app/src/lib/brl-worklet.test.ts is not specified and it doesn't parse as CommonJS.
Reparsing as ES module because module syntax was detected. This incurs a performance overhead.
To eliminate this warning, add "type": "module" to /Users/gabrielalmeidadias/Documents/Empresas/ProOps/DEV/Personal-ProOps-app/package.json.
(Use `node --trace-warnings ...` to show where the warning was created)
✔ brlWorklet é byte a byte igual a moneySign + formatBRL (65.91025ms)
✔ o separador vem do Intl, não de um espaço cravado (0.119041ms)
(node:87985) [MODULE_TYPELESS_PACKAGE_JSON] Warning: Module type of file:///Users/gabrielalmeidadias/Documents/Empresas/ProOps/DEV/Personal-ProOps-app/src/lib/budget-tight.test.ts is not specified and it doesn't parse as CommonJS.
Reparsing as ES module because module syntax was detected. This incurs a performance overhead.
To eliminate this warning, add "type": "module" to /Users/gabrielalmeidadias/Documents/Empresas/ProOps/DEV/Personal-ProOps-app/package.json.
(Use `node --trace-warnings ...` to show where the warning was created)
✔ o aviso conta o comprometido, o número mostrado é só o gasto (0.981792ms)
✔ abaixo do limiar não entra; sem limite não entra (0.562625ms)
✔ gasto mais comprometido acima do limite marca estouro, com números em string (0.099625ms)
(node:87986) [MODULE_TYPELESS_PACKAGE_JSON] Warning: Module type of file:///Users/gabrielalmeidadias/Documents/Empresas/ProOps/DEV/Personal-ProOps-app/src/lib/button-intrinsic-ui.test.ts is not specified and it doesn't parse as CommonJS.
Reparsing as ES module because module syntax was detected. This incurs a performance overhead.
To eliminate this warning, add "type": "module" to /Users/gabrielalmeidadias/Documents/Empresas/ProOps/DEV/Personal-ProOps-app/package.json.
(Use `node --trace-warnings ...` to show where the warning was created)
✔ Button opaco sm: altura natural acomoda fonte grande e várias linhas (112.610667ms)
✔ Button opaco md: altura natural acomoda fonte grande e várias linhas (41.417459ms)
✔ Button opaco lg: altura natural acomoda fonte grande e várias linhas (44.413375ms)
✔ Button vidro sm: altura natural acomoda fonte grande e várias linhas (34.864458ms)
✔ Button vidro md: altura natural acomoda fonte grande e várias linhas (42.832292ms)
✔ Button vidro lg: altura natural acomoda fonte grande e várias linhas (41.46125ms)
✔ Button: cápsula e centro do loader usam a altura atual ao crescer durante carregamento (32.5955ms)
✔ Button opaco: texto com muitas linhas mantém as tampas dentro de uma caixa mais alta que larga (17.657458ms)
✔ Button opaco: label maior reflow imediato sem camada absoluta ou largura antiga (16.366042ms)
✔ Button vidro: label maior reflow imediato sem camada absoluta ou largura antiga (35.422708ms)
✔ Button preserva acessibilidade, bloqueio da acao, loader e largura externa durante carregamento (15.355292ms)
✔ Button conserva block, feedback e presenca inativa ao trocar rotulo (30.883666ms)
(node:87987) [MODULE_TYPELESS_PACKAGE_JSON] Warning: Module type of file:///Users/gabrielalmeidadias/Documents/Empresas/ProOps/DEV/Personal-ProOps-app/src/lib/calendar-intrinsic-ui.test.ts is not specified and it doesn't parse as CommonJS.
Reparsing as ES module because module syntax was detected. This incurs a performance overhead.
To eliminate this warning, add "type": "module" to /Users/gabrielalmeidadias/Documents/Empresas/ProOps/DEV/Personal-ProOps-app/package.json.
(Use `node --trace-warnings ...` to show where the warning was created)
✔ Calendar opaco: 5→6→5 semanas reflow antes do spring, mantendo cabeçalho e seleção de 31/08 (183.972917ms)
✔ Calendar vidro: 5→6→5 semanas reflow antes do spring, mantendo cabeçalho e seleção de 31/08 (68.809834ms)
✔ Calendar ajusta quatro semanas de fevereiro para cinco de março e volta sem envelope antigo (94.869166ms)
✔ Calendar preserva limites inclusivos, estilo selecionado e bloqueio de presença inativa (60.499375ms)
✔ DatePicker + Calendar + Presenca reais opaco: abertura libera altura animada antes de 5→6→5 semanas (64.598333ms)
✔ DatePicker + Calendar + Presenca reais vidro: abertura libera altura animada antes de 5→6→5 semanas (96.778792ms)
✔ DatePicker real conserva limites e rejeita callbacks da abertura anterior ao reabrir durante saída (73.433208ms)
(node:87988) [MODULE_TYPELESS_PACKAGE_JSON] Warning: Module type of file:///Users/gabrielalmeidadias/Documents/Empresas/ProOps/DEV/Personal-ProOps-app/src/lib/card-status.test.ts is not specified and it doesn't parse as CommonJS.
Reparsing as ES module because module syntax was detected. This incurs a performance overhead.
To eliminate this warning, add "type": "module" to /Users/gabrielalmeidadias/Documents/Empresas/ProOps/DEV/Personal-ProOps-app/package.json.
(Use `node --trace-warnings ...` to show where the warning was created)
✔ prazo lê a data pura, sem a hora de agora (0.636541ms)
✔ estado sai das datas: atrasada vence antes de fechada (0.134375ms)
✔ outras faturas: o que o limite usa fora da corrente e das atrasadas (0.140709ms)
✔ pilha: o escolhido vai para a frente e o resto fica na ordem original (0.580375ms)
(node:87989) [MODULE_TYPELESS_PACKAGE_JSON] Warning: Module type of file:///Users/gabrielalmeidadias/Documents/Empresas/ProOps/DEV/Personal-ProOps-app/src/lib/categorias.test.ts is not specified and it doesn't parse as CommonJS.
Reparsing as ES module because module syntax was detected. This incurs a performance overhead.
To eliminate this warning, add "type": "module" to /Users/gabrielalmeidadias/Documents/Empresas/ProOps/DEV/Personal-ProOps-app/package.json.
(Use `node --trace-warnings ...` to show where the warning was created)
✔ a linha da tabela manda; sem ela, o ícone adivinhado pelo nome e sem cor (1.816583ms)
✔ o nome gravado é minúsculo e sem espaço nas pontas (o CHECK do banco) (0.107291ms)
✔ todo ícone da grade existe no Android (MATERIAL) e tem nome para o leitor de tela (1.571542ms)
(node:87991) [MODULE_TYPELESS_PACKAGE_JSON] Warning: Module type of file:///Users/gabrielalmeidadias/Documents/Empresas/ProOps/DEV/Personal-ProOps-app/src/lib/categories-merge.test.ts is not specified and it doesn't parse as CommonJS.
Reparsing as ES module because module syntax was detected. This incurs a performance overhead.
To eliminate this warning, add "type": "module" to /Users/gabrielalmeidadias/Documents/Empresas/ProOps/DEV/Personal-ProOps-app/package.json.
(Use `node --trace-warnings ...` to show where the warning was created)
✔ o que o usuário usa aparece — era o defeito (9.426208ms)
✔ acento e caixa não viram duas entradas (0.201542ms)
✔ a contagem é a soma das duas grafias (0.117583ms)
✔ a grafia da SUGESTÃO ganha da contagem — o erro de digitação não vira o chip principal (0.090334ms)
✔ sem sugestão para arbitrar, vence a mais usada (0.085958ms)
✔ empate vai para a forma acentuada (0.080417ms)
✔ sugestão nunca usada continua oferecida, mas atrás (0.088042ms)
✔ a categoria do lançamento aberto não some da lista (0.089458ms)
✔ busca ignora acento — quem digita "saude" acha "saúde" (0.169125ms)
(node:87992) [MODULE_TYPELESS_PACKAGE_JSON] Warning: Module type of file:///Users/gabrielalmeidadias/Documents/Empresas/ProOps/DEV/Personal-ProOps-app/src/lib/categories.test.ts is not specified and it doesn't parse as CommonJS.
Reparsing as ES module because module syntax was detected. This incurs a performance overhead.
To eliminate this warning, add "type": "module" to /Users/gabrielalmeidadias/Documents/Empresas/ProOps/DEV/Personal-ProOps-app/package.json.
(Use `node --trace-warnings ...` to show where the warning was created)
✔ o agente Python usa exatamente as mesmas categorias do app (0.739958ms)
✔ categorias são curtas, minúsculas e sem duplicata (0.076209ms)
✔ categorias de receita fazem parte da lista (0.045959ms)
(node:87993) [MODULE_TYPELESS_PACKAGE_JSON] Warning: Module type of file:///Users/gabrielalmeidadias/Documents/Empresas/ProOps/DEV/Personal-ProOps-app/src/lib/category-configuration.test.ts is not specified and it doesn't parse as CommonJS.
Reparsing as ES module because module syntax was detected. This incurs a performance overhead.
To eliminate this warning, add "type": "module" to /Users/gabrielalmeidadias/Documents/Empresas/ProOps/DEV/Personal-ProOps-app/package.json.
(Use `node --trace-warnings ...` to show where the warning was created)
✔ aparência de outro espaço não prova padrões da configuração padrão (0.569667ms)
✔ backfill exige duas datas reais em ordem e converte BR para ISO sem fuso (0.697958ms)
✔ retry conserva intenção; padrão, período, revisão e merge renovam a requisição (0.165666ms)
(node:88006) [MODULE_TYPELESS_PACKAGE_JSON] Warning: Module type of file:///Users/gabrielalmeidadias/Documents/Empresas/ProOps/DEV/Personal-ProOps-app/src/lib/category-detail-breakdown.test.ts is not specified and it doesn't parse as CommonJS.
Reparsing as ES module because module syntax was detected. This incurs a performance overhead.
To eliminate this warning, add "type": "module" to /Users/gabrielalmeidadias/Documents/Empresas/ProOps/DEV/Personal-ProOps-app/package.json.
(Use `node --trace-warnings ...` to show where the warning was created)
✔ exact breakdown preserves Sem detalhe and clones the closed read without deriving cents (1.603334ms)
✔ decoder rejects extra (0.123292ms)
✔ decoder rejects bad from (0.050375ms)
✔ decoder rejects reverse (0.045708ms)
✔ decoder rejects workspace (0.066792ms)
✔ decoder rejects kind (0.041958ms)
✔ decoder rejects parent (0.05425ms)
✔ decoder rejects decimal (0.046583ms)
✔ decoder rejects coercion (0.061834ms)
✔ decoder rejects wrong sum (0.100542ms)
✔ decoder rejects unsafe (0.050916ms)
✔ line decoder rejects extra (0.106292ms)
✔ line decoder rejects id (0.040625ms)
✔ line decoder rejects missing name (0.024292ms)
✔ line decoder rejects missing workspace (0.029ms)
✔ line decoder rejects blank workspace (0.043583ms)
✔ line decoder rejects negative (0.285084ms)
✔ line decoder rejects count (0.090458ms)
✔ line decoder rejects coerced count (0.051375ms)
✔ duplicate child or null and false Sem detalhe labels are rejected; empty zero and income are valid (0.279208ms)
✔ filter catalog decodes every concrete workspace independently and never accepts mixed or repeated scopes (2.155833ms)
✔ route filter distinguishes absence, Sem detalhe and UUID; malformed input remains an explicit error (0.226542ms)
✔ overflow cannot masquerade as a safe parent total; safe maximum and leap dates remain exact (0.193167ms)
✔ catalog rejects a child UUID reused across independent workspaces (0.108708ms)
(node:88007) [MODULE_TYPELESS_PACKAGE_JSON] Warning: Module type of file:///Users/gabrielalmeidadias/Documents/Empresas/ProOps/DEV/Personal-ProOps-app/src/lib/category-detail-hook.test.ts is not specified and it doesn't parse as CommonJS.
Reparsing as ES module because module syntax was detected. This incurs a performance overhead.
To eliminate this warning, add "type": "module" to /Users/gabrielalmeidadias/Documents/Empresas/ProOps/DEV/Personal-ProOps-app/package.json.
(Use `node --trace-warnings ...` to show where the warning was created)
✔ read hook passes exact scope and abort signal, disables collapsed query, and has no old placeholder (67.948334ms)
✔ scope mismatch or transport error cannot be shown as another successful breakdown (48.509708ms)
✔ all-workspace catalog decoder is used behind an abortable membership-aware realtime query (4.086792ms)
(node:88008) [MODULE_TYPELESS_PACKAGE_JSON] Warning: Module type of file:///Users/gabrielalmeidadias/Documents/Empresas/ProOps/DEV/Personal-ProOps-app/src/lib/chip-motion-ui.test.ts is not specified and it doesn't parse as CommonJS.
Reparsing as ES module because module syntax was detected. This incurs a performance overhead.
To eliminate this warning, add "type": "module" to /Users/gabrielalmeidadias/Documents/Empresas/ProOps/DEV/Personal-ProOps-app/package.json.
(Use `node --trace-warnings ...` to show where the warning was created)
✔ Chip fallback colors follow one spring, retaining constant icon/material props and safe overshoot (103.441541ms)
✔ Chip glass colors follow one spring, retaining constant icon/material props and safe overshoot (32.8375ms)
✔ Chip preserves full keyed labels, selection/disabled semantics and one synchronous haptic/callback (17.234917ms)
(node:88009) [MODULE_TYPELESS_PACKAGE_JSON] Warning: Module type of file:///Users/gabrielalmeidadias/Documents/Empresas/ProOps/DEV/Personal-ProOps-app/src/lib/com-teto.test.ts is not specified and it doesn't parse as CommonJS.
Reparsing as ES module because module syntax was detected. This incurs a performance overhead.
To eliminate this warning, add "type": "module" to /Users/gabrielalmeidadias/Documents/Empresas/ProOps/DEV/Personal-ProOps-app/package.json.
(Use `node --trace-warnings ...` to show where the warning was created)
✔ promessa que nunca termina vira rejeição depois do teto (14.861333ms)
✔ promessa que resolve a tempo devolve o valor (9.312792ms)
✔ rejeição própria passa inteira — o teto não a mascara (0.208542ms)
✔ o timer morre quando a promessa resolve antes (0.28675ms)
(node:88010) [MODULE_TYPELESS_PACKAGE_JSON] Warning: Module type of file:///Users/gabrielalmeidadias/Documents/Empresas/ProOps/DEV/Personal-ProOps-app/src/lib/compra.test.ts is not specified and it doesn't parse as CommonJS.
Reparsing as ES module because module syntax was detected. This incurs a performance overhead.
To eliminate this warning, add "type": "module" to /Users/gabrielalmeidadias/Documents/Empresas/ProOps/DEV/Personal-ProOps-app/package.json.
(Use `node --trace-warnings ...` to show where the warning was created)
✔ F06 compra: leitura conserva snapshot e original, sem classificar parcelamento legado (0.8315ms)
✔ F06 compra: escopada e estrutural enviam só o par alterado, título conserva classificações (0.332875ms)
✔ F06 compra: revisão da parcela aplica intenção alterada ao contrato e conserva override intocado (0.157541ms)
✔ F06 compra: intenção da âncora propaga mesmo igual ao contrato e acompanha alterações posteriores na revisão (0.12225ms)
✔ Com parcela paga o número muda, só não fica abaixo da última paga nem vira à vista (2.23075ms)
✔ Data e conta mudam fora do cartão; com parcela paga na fatura, não (0.1345ms)
✔ As já pagas vão do piso (paga com a fatura) ao número de parcelas (0.120375ms)
✔ O total mínimo permite corrigir também as parcelas já pagas quando Todas for escolhido (0.205167ms)
✔ O salvar só manda as pagas quando elas mudaram (0.111625ms)
✔ Cada parcela digitada segue o número novo; as pagas não mudam de valor (0.104375ms)
✔ Ao escolher a compra toda no Salvar, o rascunho da parcela chega inteiro à revisão (0.414625ms)
✔ O total escolhido para esta ou futuras parcelas chega como total do plano, sem transformar em valor mensal (0.082834ms)
✔ Cada parcela aplica o valor digitado em cada linha do alcance, inclusive as pagas em Todas (0.098709ms)
✔ Quantidade é contrato: escopos limitados explicam a impossibilidade (0.058458ms)
✔ Com 3 pagas a data muda nos três alcances, a partir da parcela de referência (0.599625ms)
✔ Último dia de todo mês: regra no alcance, data própria em Só esta (0.251625ms)
✔ Todas inclui parcela paga fora do cartão; fatura protegida continua bloqueada (0.090917ms)
✔ F09 compra roundtrip e alcance só carregam mudança de detalhe; pai incompatível limpa (0.618167ms)
✔ F09 revisão da parcela propaga detalhe alterado mesmo quando já coincide com contrato (0.110292ms)
✔ F09 intenção de detalhe da parcela não ressuscita filho após mudar pai na revisão (0.077458ms)
(node:88011) [MODULE_TYPELESS_PACKAGE_JSON] Warning: Module type of file:///Users/gabrielalmeidadias/Documents/Empresas/ProOps/DEV/Personal-ProOps-app/src/lib/confirmar-baixa.test.ts is not specified and it doesn't parse as CommonJS.
Reparsing as ES module because module syntax was detected. This incurs a performance overhead.
To eliminate this warning, add "type": "module" to /Users/gabrielalmeidadias/Documents/Empresas/ProOps/DEV/Personal-ProOps-app/package.json.
(Use `node --trace-warnings ...` to show where the warning was created)
✔ mesmo valor: só dá baixa, sem corrigir nada (1.751084ms)
✔ outro valor: corrige só este lançamento (0.108417ms)
✔ outro valor numa série com "nas próximas": corrige este e os próximos (0.071917ms)
✔ "nas próximas" sem série não existe: vale só este (0.069292ms)
✔ valor zero ou negativo não dá baixa (0.227542ms)
✔ parcela fixa: a mais é encargo, a menos é desconto, igual não tem diferença (0.131042ms)
✔ parcela fixa: da metade até menos do dobro; fora disso diz por quê (0.157958ms)
✔ pagamento de parcela fixa: valor novo dentro do limite pergunta se vale para as próximas (0.114541ms)
✔ pagamento de parcela fixa: fora do limite diz por quê, e vale em pagamento ANTIGO também (0.09025ms)
✔ dívida com juros: pagamento antigo pode mudar, mas o valor deve passar dos juros (0.134417ms)
✔ pagamento sem o histórico da dívida não muda de valor por aqui (0.074541ms)
✔ parcela fixa paga a mais: parcela + encargo (0.096625ms)
✔ parcela fixa paga a menos: parcela − desconto (0.060583ms)
✔ com juros: o que abate o saldo + os juros do mês (0.047125ms)
✔ sem diferença, sem histórico ou fora de dívida: nada embaixo do total (0.050625ms)
(node:88012) [MODULE_TYPELESS_PACKAGE_JSON] Warning: Module type of file:///Users/gabrielalmeidadias/Documents/Empresas/ProOps/DEV/Personal-ProOps-app/src/lib/count-up.test.ts is not specified and it doesn't parse as CommonJS.
Reparsing as ES module because module syntax was detected. This incurs a performance overhead.
To eliminate this warning, add "type": "module" to /Users/gabrielalmeidadias/Documents/Empresas/ProOps/DEV/Personal-ProOps-app/package.json.
(Use `node --trace-warnings ...` to show where the warning was created)
✔ o valor animado só fica com o TextInput quando cabe na fonte do sistema (21.070166ms)
(node:88013) [MODULE_TYPELESS_PACKAGE_JSON] Warning: Module type of file:///Users/gabrielalmeidadias/Documents/Empresas/ProOps/DEV/Personal-ProOps-app/src/lib/cycle-label.test.ts is not specified and it doesn't parse as CommonJS.
Reparsing as ES module because module syntax was detected. This incurs a performance overhead.
To eliminate this warning, add "type": "module" to /Users/gabrielalmeidadias/Documents/Empresas/ProOps/DEV/Personal-ProOps-app/package.json.
(Use `node --trace-warnings ...` to show where the warning was created)
✔ ciclo fechado devendo lidera com a DÍVIDA, e o caixa vai para o rodapé (0.695042ms)
✔ fatura ADIADA continua sendo "faltou pagar" (0.142583ms)
✔ ciclo fechado sem dívida lidera com o caixa (0.088167ms)
✔ ciclo aberto e previsto falam no futuro e usam o resultado (0.086667ms)
✔ os campos chegam como string do PostgREST e continuam somando (0.087958ms)
✔ a sub-linha escreve a LENTE — "na conta" / "da conta", nunca só "já saiu" (0.141834ms)
✔ zero realizado num ciclo ABERTO diz "nada ainda" — é informação, não ausência (0.119334ms)
✔ realizado == total some: repetir o <Money> ao lado é eco (§1) (0.655083ms)
✔ ciclo PREVISTO fica sem subtítulo (0.199583ms)
✔ sem série (primeiro frame) não inventa sub-linha (0.143917ms)
✔ o valor passa pelo brl recebido — é o useBRL, que obedece ao esconder saldo (0.098417ms)
(node:88014) [MODULE_TYPELESS_PACKAGE_JSON] Warning: Module type of file:///Users/gabrielalmeidadias/Documents/Empresas/ProOps/DEV/Personal-ProOps-app/src/lib/cycle-routes.test.ts is not specified and it doesn't parse as CommonJS.
Reparsing as ES module because module syntax was detected. This incurs a performance overhead.
To eliminate this warning, add "type": "module" to /Users/gabrielalmeidadias/Documents/Empresas/ProOps/DEV/Personal-ProOps-app/package.json.
(Use `node --trace-warnings ...` to show where the warning was created)
✔ a parcela do cronograma abre A DÍVIDA CERTA, com o id (1.0825ms)
✔ fatura abre a FATURA; o pagamento dela abre o LANÇAMENTO (0.142625ms)
✔ o que é projetado da regra não tem destino (0.076958ms)
(node:88015) [MODULE_TYPELESS_PACKAGE_JSON] Warning: Module type of file:///Users/gabrielalmeidadias/Documents/Empresas/ProOps/DEV/Personal-ProOps-app/src/lib/data-da-compra.test.ts is not specified and it doesn't parse as CommonJS.
Reparsing as ES module because module syntax was detected. This incurs a performance overhead.
To eliminate this warning, add "type": "module" to /Users/gabrielalmeidadias/Documents/Empresas/ProOps/DEV/Personal-ProOps-app/package.json.
(Use `node --trace-warnings ...` to show where the warning was created)
✔ A data da compra de uma parcela é a da parcela 1, não a do mês em que ela cai (0.380792ms)
✔ Compra de outro ano leva o ano junto (0.054459ms)
✔ "Concluído" é o que já aconteceu — a mesma régua da pílula (0.39225ms)
(node:88016) [MODULE_TYPELESS_PACKAGE_JSON] Warning: Module type of file:///Users/gabrielalmeidadias/Documents/Empresas/ProOps/DEV/Personal-ProOps-app/src/lib/dates.test.ts is not specified and it doesn't parse as CommonJS.
Reparsing as ES module because module syntax was detected. This incurs a performance overhead.
To eliminate this warning, add "type": "module" to /Users/gabrielalmeidadias/Documents/Empresas/ProOps/DEV/Personal-ProOps-app/package.json.
(Use `node --trace-warnings ...` to show where the warning was created)
✔ localISODate formata a data local com zero à esquerda (1.532083ms)
✔ localISODate não desloca o dia como toISOString faria (0.1005ms)
✔ monthBounds cobre o mês inteiro, inclusive fevereiro (0.579916ms)
✔ formatDateBR devolve dd/mm/yyyy — a MESMA grafia de `isoToBR` (0.094958ms)
✔ formatBRL trabalha em centavos inteiros (12.547875ms)
✔ conversão entre ISO e dd/mm/aaaa (0.14475ms)
✔ validação de data recusa dia que não existe (0.168667ms)
✔ validação de hora em 24h (0.121542ms)
✔ localDateTime monta o instante no fuso do aparelho (0.234666ms)
✔ data pura não anda um dia para trás em fuso negativo (0.18925ms)
✔ timestamptz continua sendo lido no fuso local (0.081834ms)
✔ data: `formatDateBR` e `isoToBR` escrevem a MESMA data igual (0.087375ms)
✔ relativeBR: os degraus que a lista de notas mostra (0.277209ms)
✔ greetingBR vira nas fronteiras da manhã, da tarde e da noite (0.090708ms)
✔ negativo sempre leva o sinal; `signed` decide só o + do positivo (0.065125ms)
✔ diasAte e somaDias são a mesma régua nos dois sentidos (0.181042ms)
✔ maskBRDate põe as barras e deixa apagar (0.110083ms)
✔ monthGrid põe cada dia na coluna do dia da semana (0.213667ms)
✔ ehUltimoDiaDoMes reconhece o fim de cada mês (0.104292ms)
✔ primeiroDiaDoMes aceita YYYY-MM e YYYY-MM-DD — o deep link manda o segundo (0.046792ms)
✔ mesmoMes casa qualquer dia do mês — o `startsWith` só acertava o dia 01 (0.047125ms)
✔ diaCurtoBR escreve o dia da semana e o mês abreviados (0.061334ms)
✔ rotuloDoDia usa palavra perto de hoje e a data curta longe (0.084542ms)
✔ horaBR não inventa hora (0.065708ms)
✔ emQuantoTempo fala em minutos até uma hora e em horas depois (0.088042ms)
✔ fimQueSegueOInicio: o fim anda junto só quando o início passaria dele (0.062791ms)
✔ horaComoData e timeBR fecham ida e volta; hora inválida não mexe no relógio (0.181958ms)
✔ dataLocalDe: o dia de um timestamp é o do RELÓGIO da pessoa, não o do UTC (0.643042ms)
(node:88017) [MODULE_TYPELESS_PACKAGE_JSON] Warning: Module type of file:///Users/gabrielalmeidadias/Documents/Empresas/ProOps/DEV/Personal-ProOps-app/src/lib/debt-history.test.ts is not specified and it doesn't parse as CommonJS.
Reparsing as ES module because module syntax was detected. This incurs a performance overhead.
To eliminate this warning, add "type": "module" to /Users/gabrielalmeidadias/Documents/Empresas/ProOps/DEV/Personal-ProOps-app/package.json.
(Use `node --trace-warnings ...` to show where the warning was created)
✔ a cadência anda para trás sem estourar o fim do mês (10.293375ms)
✔ "estou na nona parcela" devolve as oito anteriores, numeradas 1 a 8 (0.510792ms)
✔ pagamento registrado ganha a data e o valor REAIS, não a cadência (0.112958ms)
✔ estimativa declarada usa o valor salvo para seu número, mas o pagamento real prevalece (0.091208ms)
✔ vencimento histórico salvo permanece estável quando a próxima parcela muda (0.089208ms)
✔ data real do pagamento prevalece sobre a estimativa histórica salva (0.05325ms)
✔ nada pago, nada para trás (0.045166ms)
✔ quitada não tem próxima parcela e ainda assim mostra o histórico (0.060916ms)
✔ linha do tempo agrupa por ano e marca paga, estimada, próxima e futura (0.168417ms)
✔ pagamento lançado com número acima das pagas aparece como PAGO, uma vez só, e a próxima é a seguinte (0.134042ms)
✔ a linha do tempo se divide em "a seguir" (a próxima primeiro) e "já pagas" (a mais recente primeiro) (0.132958ms)
✔ o pagamento lançado leva o id do lançamento até a linha do tempo — é por ele que a parcela paga abre (0.058ms)
(node:88018) [MODULE_TYPELESS_PACKAGE_JSON] Warning: Module type of file:///Users/gabrielalmeidadias/Documents/Empresas/ProOps/DEV/Personal-ProOps-app/src/lib/debt-payment-scope.test.ts is not specified and it doesn't parse as CommonJS.
Reparsing as ES module because module syntax was detected. This incurs a performance overhead.
To eliminate this warning, add "type": "module" to /Users/gabrielalmeidadias/Documents/Empresas/ProOps/DEV/Personal-ProOps-app/package.json.
(Use `node --trace-warnings ...` to show where the warning was created)
✔ o patch de pagamento só contém campos alterados e mantém null explícito (1.92925ms)
✔ as versões seguem exatamente o escopo escolhido, inclusive o histórico em Todos (0.283875ms)
✔ F09 pagamento muda detalhe por alcance e troca de pai limpa UUID herdado (0.392125ms)
(node:88019) [MODULE_TYPELESS_PACKAGE_JSON] Warning: Module type of file:///Users/gabrielalmeidadias/Documents/Empresas/ProOps/DEV/Personal-ProOps-app/src/lib/dicas.test.ts is not specified and it doesn't parse as CommonJS.
Reparsing as ES module because module syntax was detected. This incurs a performance overhead.
To eliminate this warning, add "type": "module" to /Users/gabrielalmeidadias/Documents/Empresas/ProOps/DEV/Personal-ProOps-app/package.json.
(Use `node --trace-warnings ...` to show where the warning was created)
✔ a dica da vez é a primeira do catálogo daquela tela que está na tela e não foi encerrada (2.661417ms)
✔ dica de algo que não está na tela não trava a próxima (sem cartão, vem a do gráfico) (0.094083ms)
✔ uma por visita: dispensou uma, a tela fica quieta até a próxima abertura do app (0.53275ms)
✔ a dica das listas é UMA: usada nas Notas, não aparece em Lançamentos (0.087416ms)
✔ "Mostrar" do guia reacende a dica, mesmo encerrada e com a tela quieta (0.158334ms)
✔ o catálogo: frase curta, uma tela pelo menos, ids únicos (0.145458ms)
✔ o guia tem porta para TODA dica, e o "Mostrar" dela leva à tela onde ela mora (0.156291ms)
✔ menos texto: título curto e uma linha de explicação, no guia inteiro (0.090459ms)
✔ todo gesto escondido tem dica: painel, gráfico, pilha, Carteira, contas, arrasto, ordem e pastas, fatura (0.114208ms)
✔ o passo "O que dá para fazer" do onboarding: seis linhas curtas, e foto e áudio só pelo WhatsApp (0.184917ms)
✔ nenhuma dica deixa uma palavra sozinha na linha do iPhone (0.082458ms)
(node:88020) [MODULE_TYPELESS_PACKAGE_JSON] Warning: Module type of file:///Users/gabrielalmeidadias/Documents/Empresas/ProOps/DEV/Personal-ProOps-app/src/lib/down-payment.test.ts is not specified and it doesn't parse as CommonJS.
Reparsing as ES module because module syntax was detected. This incurs a performance overhead.
To eliminate this warning, add "type": "module" to /Users/gabrielalmeidadias/Documents/Empresas/ProOps/DEV/Personal-ProOps-app/package.json.
(Use `node --trace-warnings ...` to show where the warning was created)
✔ entrada sai do total antes de dividir o restante, sem contar uma parcela (1.019334ms)
✔ entrada não altera os centavos das prestações ou o resto da última parcela (0.107208ms)
✔ entrada inválida nunca vira payload de pagamento (7.318625ms)
✔ entrada já vinculada não vira uma segunda compra parcelada ao editar (0.127042ms)
(node:88021) [MODULE_TYPELESS_PACKAGE_JSON] Warning: Module type of file:///Users/gabrielalmeidadias/Documents/Empresas/ProOps/DEV/Personal-ProOps-app/src/lib/edit-scope.test.ts is not specified and it doesn't parse as CommonJS.
Reparsing as ES module because module syntax was detected. This incurs a performance overhead.
To eliminate this warning, add "type": "module" to /Users/gabrielalmeidadias/Documents/Empresas/ProOps/DEV/Personal-ProOps-app/package.json.
(Use `node --trace-warnings ...` to show where the warning was created)
✔ occurrence: Salvar oferece exatamente um, futuras e todas (0.679083ms)
✔ installment: Salvar oferece exatamente um, futuras e todas (0.055708ms)
✔ payment: Salvar oferece exatamente um, futuras e todas (0.046125ms)
✔ reminder: Salvar oferece exatamente um, futuras e todas (0.043375ms)
✔ occurrence: editando o contrato não há "Só esta" — próximas e todas (0.124042ms)
✔ installment: editando o contrato não há "Só esta" — próximas e todas (0.036375ms)
✔ payment: editando o contrato não há "Só esta" — próximas e todas (0.527458ms)
✔ reminder: editando o contrato não há "Só esta" — próximas e todas (0.033542ms)
✔ as portas de CONTRATO não oferecem "Só esta"; a ocorrência aberta oferece (28/09/2026) (0.443583ms)
(node:88022) [MODULE_TYPELESS_PACKAGE_JSON] Warning: Module type of file:///Users/gabrielalmeidadias/Documents/Empresas/ProOps/DEV/Personal-ProOps-app/src/lib/emergency-reserve.test.ts is not specified and it doesn't parse as CommonJS.
Reparsing as ES module because module syntax was detected. This incurs a performance overhead.
To eliminate this warning, add "type": "module" to /Users/gabrielalmeidadias/Documents/Empresas/ProOps/DEV/Personal-ProOps-app/package.json.
(Use `node --trace-warnings ...` to show where the warning was created)
✔ decodes only the closed DTO, preserving signed and maximum safe cents (1.283542ms)
✔ rejects malformed state: unknown top field (0.128875ms)
✔ rejects malformed state: unknown nested field (0.063167ms)
✔ rejects malformed state: invalid workspace UUID (0.053208ms)
✔ rejects malformed state: invalid source UUID (0.059625ms)
✔ rejects malformed state: wrong variant UUID (0.050959ms)
✔ rejects malformed state: impossible as of (0.044583ms)
✔ rejects malformed state: invalid valuation date (0.0655ms)
✔ rejects malformed state: numeric DTO cents (0.0675ms)
✔ rejects malformed state: unsafe cents (0.089125ms)
✔ rejects malformed state: decimal cents (0.065667ms)
✔ rejects malformed state: negative allocation (0.048167ms)
✔ rejects malformed state: duplicate source (0.051375ms)
✔ rejects malformed state: effective exceeds plan (0.040791ms)
✔ rejects malformed state: unconfirmed source counted (0.038166ms)
✔ rejects malformed state: archived source counted (0.046333ms)
✔ rejects malformed state: ineligible source counted (0.0425ms)
✔ rejects malformed state: effective exceeds available (0.03925ms)
✔ rejects malformed state: source total overflow (0.048458ms)
✔ rejects malformed state: aggregate planned overflow (0.044167ms)
✔ rejects malformed state: missing civil month (0.052667ms)
✔ rejects malformed state: repeated civil month (0.053875ms)
✔ rejects malformed state: current open month (0.062375ms)
✔ rejects malformed state: nonfirst day (0.054583ms)
✔ rejects malformed state: invalid fingerprint (0.051541ms)
✔ rejects malformed state: fractional count (0.05025ms)
✔ rejects malformed state: excess unknown count (0.049916ms)
✔ rejects malformed state: reviewed unclassified month (9.93775ms)
✔ rejects malformed state: zero expense with essential (0.141417ms)
✔ rejects malformed state: zero unclassified with money (0.194042ms)
✔ rejects malformed state: unknown mode (0.043125ms)
✔ rejects malformed state: manual missing base (0.037459ms)
✔ rejects malformed state: observed carries manual base (0.334875ms)
✔ rejects malformed state: zero target (0.043208ms)
✔ rejects malformed state: excess target (0.033791ms)
✔ rejects malformed state: negative revision (0.035583ms)
✔ civil months cross years without timezone shifting (0.09075ms)
✔ observed summary uses ceil essential mean with a reviewed zero month (0.633792ms)
✔ manual summary preserves cents, target and the partial backing gap (0.088334ms)
✔ summary explicitly reports not_configured with no invented coverage (0.216792ms)
✔ summary explicitly reports unreviewed with no invented coverage (2.577916ms)
✔ summary explicitly reports incomplete_classification with no invented coverage (0.4695ms)
✔ summary explicitly reports zero_base with no invented coverage (0.075ms)
✔ reclassification invalidates previously usable observed base (0.049875ms)
✔ summary guards target multiplication and computes huge sum without money floats (0.266ms)
✔ builder closes and sorts the command using the snapshot revision and fingerprints (1.561083ms)
✔ builder permits removing all links and observed mode discards hidden manual input (0.185541ms)
✔ builder refuses oversubscribed source (0.256209ms)
✔ builder refuses foreign source (0.059584ms)
✔ builder refuses duplicate source (0.055041ms)
✔ builder refuses zero allocation (3.12925ms)
✔ builder refuses unsafe allocation (0.370084ms)
✔ builder refuses unconfirmed liquidity (0.129958ms)
✔ builder refuses unknown review (0.101375ms)
✔ builder refuses duplicate review (0.084958ms)
✔ builder refuses zero manual base (0.040083ms)
✔ builder refuses target overflow (0.03975ms)
✔ builder refuses fractional months (0.042125ms)
✔ builder requires acknowledgement for unidentified legacy goal funds (0.041125ms)
✔ builder refuses inactive sources and months still awaiting classification (0.088417ms)
✔ double submit shares one promise and immutable payload until a matching receipt confirms it (1.997958ms)
✔ lost response keeps intent and UUID; later SQL refusal cannot release unknown commit (0.779084ms)
✔ initial definitive 22023 refusal frees corrected intent (0.256292ms)
✔ initial definitive 23514 refusal frees corrected intent (0.199125ms)
✔ initial definitive 42501 refusal frees corrected intent (0.076959ms)
✔ initial definitive P0001 refusal frees corrected intent (0.086208ms)
✔ malformed receipt null keeps request frozen (0.271958ms)
✔ malformed receipt {"workspace_id":"33333333-3333-4333-8333-333333333333","edit_revision":8} keeps request frozen (0.525208ms)
✔ malformed receipt {"workspace_id":"11111111-1111-4111-8111-111111111111","edit_revision":7} keeps request frozen (0.129ms)
✔ malformed receipt {"workspace_id":"11111111-1111-4111-8111-111111111111","edit_revision":8,"extra":true} keeps request frozen (0.104417ms)
✔ first configuration expects revision one and equivalent key ordering replays same intent (2.66775ms)
✔ builder refuses revisions whose next confirmation would be unsafe (4.340792ms)
✔ controller does not trust malformed SQLSTATE prefixes as definite rollback (0.122459ms)
✔ manual mode remains usable without a reviewed history or any identified backing (0.059417ms)
✔ archive or liquidity loss retains the plan but contributes zero coverage (0.058375ms)
✔ equivalent allocation and review ordering retries the frozen canonical command (0.100625ms)
✔ invalid command or request identity never reaches dispatch (0.06275ms)
✔ decoder rejects a manual base whose target cannot be represented safely (0.036417ms)
✔ decoder rejects a reviewed observed base whose target overflows (0.034708ms)
✔ decoder rejects 2000 cents instead of the exact prorated 2666 cents (0.026416ms)
✔ decoder rejects 2667 cents instead of the exact prorated 2666 cents (0.016375ms)
✔ decoder rejects 3000 cents instead of the exact prorated 2666 cents (0.015417ms)
✔ decoder requires full effective allocation when a liquid eligible source has full backing (0.022458ms)
✔ decoder computes prorated backing with integer arithmetic near the safe maximum (0.06475ms)
✔ zero allocation and lost eligibility have exact zero effective backing (0.038042ms)
✔ initial 40001 rollback releases the draft and request identity (0.0865ms)
✔ initial 40P01 rollback releases the draft and request identity (0.042083ms)
✔ a 40001 rollback after response loss retains the original attempt until receipt (0.11375ms)
✔ a 40P01 rollback after response loss retains the original attempt until receipt (0.055667ms)
✔ unproven 40003 refusal never releases an unknown commit (0.049709ms)
✔ unproven 40000 refusal never releases an unknown commit (0.03525ms)
✔ unproven 40ZZZ refusal never releases an unknown commit (0.027334ms)
✔ unproven 40001extra refusal never releases an unknown commit (0.031167ms)
✔ sealed-first 40001 CAS refusal disproves this request commit even after an earlier transport timeout (0.07975ms)
✔ sealed-first PT409 CAS refusal disproves this request commit even after an earlier transport timeout (0.035375ms)
✔ terminal resolution frees an unknown intent after sources change without a reserve revision (0.156958ms)
✔ resolution recovers a successful sealed receipt without repeating the write (0.060417ms)
✔ resolution lost response retains the intent and shares one in-flight operation (0.161375ms)
✔ unproven cancellation null cannot release the intent (0.058333ms)
✔ unproven cancellation {"workspace_id":"33333333-3333-4333-8333-333333333333","cancelled":true} cannot release the intent (0.032875ms)
✔ unproven cancellation {"workspace_id":"11111111-1111-4111-8111-111111111111","cancelled":false} cannot release the intent (0.030167ms)
✔ unproven cancellation {"workspace_id":"11111111-1111-4111-8111-111111111111","cancelled":true,"edit_revision":8} cannot release the intent (0.032416ms)
✔ unproven cancellation {"workspace_id":"11111111-1111-4111-8111-111111111111","cancelled":true,"extra":1} cannot release the intent (0.033167ms)
✔ a delayed save returning its sealed cancellation releases the request rather than inventing success (0.058875ms)
(node:88023) [MODULE_TYPELESS_PACKAGE_JSON] Warning: Module type of file:///Users/gabrielalmeidadias/Documents/Empresas/ProOps/DEV/Personal-ProOps-app/src/lib/environment.test.ts is not specified and it doesn't parse as CommonJS.
Reparsing as ES module because module syntax was detected. This incurs a performance overhead.
To eliminate this warning, add "type": "module" to /Users/gabrielalmeidadias/Documents/Empresas/ProOps/DEV/Personal-ProOps-app/package.json.
(Use `node --trace-warnings ...` to show where the warning was created)
✔ produção não mostra rótulo; qualquer outro ambiente mostra (0.83275ms)
✔ ref desconhecido se identifica em vez de se passar por produção (0.094ms)
✔ o ref é lido sem depender de caixa nem do sufixo do domínio (0.075625ms)
✔ login de teste só aparece em runtime dev fora de produção (0.085375ms)
(node:88024) [MODULE_TYPELESS_PACKAGE_JSON] Warning: Module type of file:///Users/gabrielalmeidadias/Documents/Empresas/ProOps/DEV/Personal-ProOps-app/src/lib/escrita.test.ts is not specified and it doesn't parse as CommonJS.
Reparsing as ES module because module syntax was detected. This incurs a performance overhead.
To eliminate this warning, add "type": "module" to /Users/gabrielalmeidadias/Documents/Empresas/ProOps/DEV/Personal-ProOps-app/package.json.
(Use `node --trace-warnings ...` to show where the warning was created)
✔ lançamento: uma linha, com source app; juros do Pix vira a segunda linha no cartão (1.213125ms)
✔ parcelada: a RPC muda com o último dia; os argumentos são os da RPC (0.14525ms)
✔ recorrente: a âncora é o próximo vencimento (0.068875ms)
✔ financiamento: a linha é a entrada, sem id nem versão (0.0645ms)
✔ F09 juros técnicos não herdam detalhe da compra, legado segue omitido (0.06425ms)
(node:88025) [MODULE_TYPELESS_PACKAGE_JSON] Warning: Module type of file:///Users/gabrielalmeidadias/Documents/Empresas/ProOps/DEV/Personal-ProOps-app/src/lib/expense-classification-filters.test.ts is not specified and it doesn't parse as CommonJS.
Reparsing as ES module because module syntax was detected. This incurs a performance overhead.
To eliminate this warning, add "type": "module" to /Users/gabrielalmeidadias/Documents/Empresas/ProOps/DEV/Personal-ProOps-app/package.json.
(Use `node --trace-warnings ...` to show where the warning was created)
✔ classificação deduplica e ordena cada dimensão sem alterar a escolha original (1.196958ms)
✔ dimensões fechadas recusam valores trocados, null, arrays esparsos e injeção (1.193708ms)
✔ links aceitam vírgulas ou parâmetros repetidos e produzem seleções canônicas (7.269ms)
✔ um componente inválido bloqueia o link inteiro em vez de ampliar o recorte (0.233542ms)
✔ cada expressão reúne conhecidos e null por OR sem misturar dimensões (1.073583ms)
(node:88026) [MODULE_TYPELESS_PACKAGE_JSON] Warning: Module type of file:///Users/gabrielalmeidadias/Documents/Empresas/ProOps/DEV/Personal-ProOps-app/src/lib/expense-classification-input.test.ts is not specified and it doesn't parse as CommonJS.
Reparsing as ES module because module syntax was detected. This incurs a performance overhead.
To eliminate this warning, add "type": "module" to /Users/gabrielalmeidadias/Documents/Empresas/ProOps/DEV/Personal-ProOps-app/package.json.
(Use `node --trace-warnings ...` to show where the warning was created)
✔ quatro combinações do formulário são o mesmo snapshot na prévia e nas escritas canônicas (5.1705ms)
✔ dimensão explicitamente limpa é publicada sem acrescentar dimensão omitida (1.714083ms)
✔ sem snapshot legado não ganha nenhuma coluna de classificação (0.248209ms)
✔ receitas e transferências limpam snapshots existentes; a compra mantém classificação de gasto (0.568958ms)
✔ taxa do Pix não herda classificação principal e preserva saída legada ausente (0.19775ms)
✔ trocar formato conserva rascunho imutável e criar outro remove snapshot (0.338667ms)
✔ escritas fechadas rejeitam dimensão pela metade, enums/fontes inválidos e undefined explícito (0.607708ms)
✔ adaptadores de registros não removem uma dimensão presente nem reclassificam outra (0.099209ms)
(node:88027) [MODULE_TYPELESS_PACKAGE_JSON] Warning: Module type of file:///Users/gabrielalmeidadias/Documents/Empresas/ProOps/DEV/Personal-ProOps-app/src/lib/expense-classification.test.ts is not specified and it doesn't parse as CommonJS.
Reparsing as ES module because module syntax was detected. This incurs a performance overhead.
To eliminate this warning, add "type": "module" to /Users/gabrielalmeidadias/Documents/Empresas/ProOps/DEV/Personal-ProOps-app/package.json.
(Use `node --trace-warnings ...` to show where the warning was created)
✔ classificação desconhecida não inventa previsibilidade, necessidade ou origem (2.584792ms)
✔ as quatro combinações são decisões independentes (0.267458ms)
✔ criar gasto aplica snapshots de defaults separados e deixa ausência desconhecida (1.050834ms)
✔ override de uma dimensão vence default sem apagar a outra sugestão (0.14675ms)
✔ Não classificar explícito impede preenchimento e não limpa a outra dimensão (4.744458ms)
✔ editar legado ou registro conhecido não reaplica padrão atual da categoria (0.433166ms)
✔ trocar/remover defaults só muda sugestões no rascunho de criação (0.101958ms)
✔ receita e transferência não ganham classificação de consumo (0.081417ms)
✔ patch só publica as duas colunas da dimensão alterada, inclusive limpeza (0.185042ms)
✔ resumo usa palavras humanas e distingue desconhecido sem converter null em não essencial (0.169625ms)
✔ valores, origens, pares inválidos e payload aberto são rejeitados (0.442ms)
✔ Android initial Promise cannot dispatch before commit, then publishes URL without losing query (5.541792ms)
✔ abandoned initial render never dispatches from its URL continuation (1.802333ms)
✔ URL resolving after cleanup cannot dispatch to an unmounted container (1.993917ms)
✔ iOS synchronous initial URL returns initial state synchronously without a render dispatch (1.834458ms)
✔ web synchronous initial path preserves search and hash without a render dispatch (1.849833ms)
✔ child onReady before parent effects clears a handled queued URL permanently (1.259834ms)
✔ already focused initial URL resolving after ready is not reintroduced (1.163417ms)
✔ warm links still dispatch and onStateChange clears the handled URL (1.174ms)
✔ successive warm links keep the latest URL until its own state change (1.185958ms)
✔ late initial Promise cannot replace tracking for a newer warm link (1.198458ms)
✔ protected login route keeps an unhandled initial URL for later replay (2.353667ms)
✔ matching pathname with different query does not clear an unhandled URL (1.914458ms)
✔ StrictMode effect cleanup and setup permits the still-active initial request (1.846083ms)
✔ StrictMode effect replay keeps an already-cleared URL cleared (1.786084ms)
✔ newer initial-state request supersedes bookkeeping from older Promise but both still resolve state (2.348542ms)
✔ child onStateChange before queue flush clears its URL even if navigation moves again (3.030292ms)
(node:88042) [MODULE_TYPELESS_PACKAGE_JSON] Warning: Module type of file:///Users/gabrielalmeidadias/Documents/Empresas/ProOps/DEV/Personal-ProOps-app/src/lib/fala.test.ts is not specified and it doesn't parse as CommonJS.
Reparsing as ES module because module syntax was detected. This incurs a performance overhead.
To eliminate this warning, add "type": "module" to /Users/gabrielalmeidadias/Documents/Empresas/ProOps/DEV/Personal-ProOps-app/package.json.
(Use `node --trace-warnings ...` to show where the warning was created)
✔ Android: trechos finais se juntam e o parcial vem por cima, sem repetir (51.3775ms)
✔ iPhone: o parcial que cresce é substituído, e o final único fecha igual (20.885375ms)
✔ sem o módulo nativo a biblioteca nem é carregada, e a escuta ao vivo fica indisponível (13.700375ms)
(node:88043) [MODULE_TYPELESS_PACKAGE_JSON] Warning: Module type of file:///Users/gabrielalmeidadias/Documents/Empresas/ProOps/DEV/Personal-ProOps-app/src/lib/finance-conceal-accessibility.test.ts is not specified and it doesn't parse as CommonJS.
Reparsing as ES module because module syntax was detected. This incurs a performance overhead.
To eliminate this warning, add "type": "module" to /Users/gabrielalmeidadias/Documents/Empresas/ProOps/DEV/Personal-ProOps-app/package.json.
(Use `node --trace-warnings ...` to show where the warning was created)
✔ resumo do período oculta o total, o realizado e o ciclo para o leitor de tela e revela centavos exatos (142.885459ms)
✔ tendência mensal respeita esconder saldo nos dois valores acessíveis e revela centavos exatos (24.778375ms)
(node:88044) [MODULE_TYPELESS_PACKAGE_JSON] Warning: Module type of file:///Users/gabrielalmeidadias/Documents/Empresas/ProOps/DEV/Personal-ProOps-app/src/lib/finance-form.test.ts is not specified and it doesn't parse as CommonJS.
Reparsing as ES module because module syntax was detected. This incurs a performance overhead.
To eliminate this warning, add "type": "module" to /Users/gabrielalmeidadias/Documents/Empresas/ProOps/DEV/Personal-ProOps-app/package.json.
(Use `node --trace-warnings ...` to show where the warning was created)
✔ nome repetido de contrato ativo explica como salvar sem expor o erro SQL (1.169042ms)
✔ parcela pendente usa seu cronograma sem exigir um segundo vencimento (1.21675ms)
✔ remaining installments are added to already paid, never subtracted twice (0.253416ms)
✔ data escolhida na dívida é dia fixo; fim do mês exige ação própria (0.85325ms)
✔ recurrence end and interval reject invalid schedules (0.095708ms)
✔ debt term rejects fabricated negative or fractional paid history (0.084041ms)
✔ retrospective purchase asks paid history and preserves explicit zero (0.393125ms)
✔ simple financing needs only installment value and total count, keeping embedded interest unspecified (0.120667ms)
✔ simple financing subtracts explicitly paid installments once (0.085042ms)
✔ simple financing rejects fractional counts, absent amounts, excess history and unsafe sums (0.169417ms)
✔ parcelar vale também EDITANDO um lançamento simples (0.092167ms)
✔ o que já tem outro contrato não se parcela por aqui (0.06875ms)
✔ saldo adiado de fatura não se parcela por aqui (0.048167ms)
✔ parcelar continua exigindo gasto e conta (0.044666ms)
✔ criar com 1x salva; criar com 2x cria o plano (0.056458ms)
✔ editar um simples com 2x CONVERTE — não cria um segundo lançamento (0.051083ms)
✔ editar sem mexer em parcelas continua sendo só o update (0.040667ms)
✔ editar uma parcela nunca converte, nem com o campo forçado (0.047ms)
✔ sem conta não há para onde parcelar (0.042792ms)
✔ o número de parcelas é faixa aberta de 1 a 72 quando nada foi pago (0.07425ms)
✔ com parcela paga, "À vista" sai da faixa (0.138917ms)
✔ criando em N×, "parcela" multiplica e "total" fica como digitado (0.076375ms)
✔ numa compra que já existe, "cada parcela" vale para as em aberto e a travada fica (0.061875ms)
✔ trocar a unidade sem digitar não muda a compra — nem por um centavo (0.045625ms)
✔ digitar em "parcela" guarda o que foi digitado e recalcula o total (0.050208ms)
✔ com tudo pago, "cada parcela" não alcança nenhuma (0.032041ms)
✔ o nome da compra é o da parcela sem o "(k/N)" (0.103ms)
✔ uma parcela salva só ela — a compra toda se edita no topo do formulário (26/09/2026) (0.0325ms)
✔ total a pagar vira parcela arredondada; o total gravado é parcela × N (0.032458ms)
✔ âncora e próxima parcela fazem ida e volta, inclusive no dia 31 (0.075459ms)
✔ a próxima parcela que o formulário mostra é a do cronograma: nunca no passado (1.546292ms)
✔ A dívida troca de modo sem perder o que já tem: "parcelas" troca de sentido (0.220333ms)
✔ trocar cobrança usa apenas o valor financiado e mantém entrada separada na ida e volta (0.1685ms)
(node:88045) [MODULE_TYPELESS_PACKAGE_JSON] Warning: Module type of file:///Users/gabrielalmeidadias/Documents/Empresas/ProOps/DEV/Personal-ProOps-app/src/lib/finance-query-filters.test.ts is not specified and it doesn't parse as CommonJS.
Reparsing as ES module because module syntax was detected. This incurs a performance overhead.
To eliminate this warning, add "type": "module" to /Users/gabrielalmeidadias/Documents/Empresas/ProOps/DEV/Personal-ProOps-app/package.json.
(Use `node --trace-warnings ...` to show where the warning was created)
✔ transactions combinam valor inclusivo, conta recebida e busca no servidor em todas as paginas (477.137417ms)
✔ transactions maximo zero e sem conta nao viram ausencia de filtro; limpar recorte retira limites (414.344583ms)
✔ transactions com uma borda mantêm o outro lado aberto em todas as páginas (432.288792ms)
✔ previsões e resumo sem ambas as bordas não enviam RPC inválida, inclusive via refetch manual (276.759333ms)
✔ previsoes de janela longa repartem todos os dias em blocos disjuntos de ate 62 dias (246.654333ms)
✔ previsoes com mais de 1000 linhas buscam paginas seguintes sem perda nem duplicacao (289.856458ms)
✔ falha apos um lote de previsoes rejeita periodo completo e nao devolve resultado parcial (136.095917ms)
✔ cancelamento de previsoes chega ao fetch e rejeita consulta inteira (212.869042ms)
✔ accounts paginam alem de 1000 e incluem apenas arquivada selecionada quando nao pedidas todas (208.896917ms)
✔ accounts distinguem lista ativa, conta selecionada e todas arquivadas na consulta/cache (224.1855ms)
✔ importacoes combinam datas locais, arquivo, conta e origem antes de limitar historico (232.53875ms)
✔ importacoes com sem conta, OFX e datas abertas aplicam so as bordas escolhidas (262.469667ms)
✔ importacoes conservam placeholder ao ver mais somente se o recorte anterior e igual (280.185958ms)
✔ erro remoto de importacao rejeita consulta; retry preserva recorte completo (233.613667ms)
✔ transactions aplicam múltiplos meios e null antes de paginar, junto às outras condições OR (239.795417ms)
✔ transactions distinguem null exclusivo, vários conhecidos, vazio e todos os métodos (297.831292ms)
✔ transactions normalizam chave por métodos equivalentes e vazio sem alterar filtros antigos (231.886959ms)
✔ transactions recusam método inesperado antes de qualquer request (239.422166ms)
✔ erro remoto de transactions mantém filtro de pagamento e data aberta no retry (198.077916ms)
(node:88046) [MODULE_TYPELESS_PACKAGE_JSON] Warning: Module type of file:///Users/gabrielalmeidadias/Documents/Empresas/ProOps/DEV/Personal-ProOps-app/src/lib/finance-write-input.test.ts is not specified and it doesn't parse as CommonJS.
Reparsing as ES module because module syntax was detected. This incurs a performance overhead.
To eliminate this warning, add "type": "module" to /Users/gabrielalmeidadias/Documents/Empresas/ProOps/DEV/Personal-ProOps-app/package.json.
(Use `node --trace-warnings ...` to show where the warning was created)
✔ lançamento conserva ausência de método, baixa, taxa e vencimento (1.100083ms)
✔ editar requer revisão; juros existentes prevalecem sobre a taxa, inclusive zero (0.374916ms)
✔ forma de pagamento inválida é recusada antes de qualquer RPC (0.094667ms)
✔ parcelada transporta centavos, histórico, último dia e entrada como compra atômica (0.169125ms)
✔ recorrente leva a âncora idêntica ao início, preservando o calendário e automático (0.124917ms)
✔ financiamento não leva id nem versão e mantém a entrada e a âncora do contrato (0.152125ms)
✔ F09 identidade/null opcional percorrem intents e previews sem contaminar a entrada (0.293875ms)
(node:88047) [MODULE_TYPELESS_PACKAGE_JSON] Warning: Module type of file:///Users/gabrielalmeidadias/Documents/Empresas/ProOps/DEV/Personal-ProOps-app/src/lib/finance-write-preview-query.test.ts is not specified and it doesn't parse as CommonJS.
Reparsing as ES module because module syntax was detected. This incurs a performance overhead.
To eliminate this warning, add "type": "module" to /Users/gabrielalmeidadias/Documents/Empresas/ProOps/DEV/Personal-ProOps-app/package.json.
(Use `node --trace-warnings ...` to show where the warning was created)
✔ incomplete and debouncing drafts do not execute the preview write RPC (41.980959ms)
✔ raw draft switch cancels the old transport before debounce, and late completion never replaces the new result (15.02025ms)
(node:88048) [MODULE_TYPELESS_PACKAGE_JSON] Warning: Module type of file:///Users/gabrielalmeidadias/Documents/Empresas/ProOps/DEV/Personal-ProOps-app/src/lib/finance-write-preview.test.ts is not specified and it doesn't parse as CommonJS.
Reparsing as ES module because module syntax was detected. This incurs a performance overhead.
To eliminate this warning, add "type": "module" to /Users/gabrielalmeidadias/Documents/Empresas/ProOps/DEV/Personal-ProOps-app/package.json.
(Use `node --trace-warnings ...` to show where the warning was created)
✔ an old completed response disappears immediately while the changed draft is still debouncing (0.721584ms)
✔ same draft numbers are hidden during a financial refresh and after its failure or offline pause (0.514ms)
✔ preview reads preserve negative balances and numeric bigint strings without silently inventing zero (4.564291ms)
✔ unknown and inconsistent limit quality never becomes available credit (0.541709ms)
✔ only affected accounts appear, and a new horizon line has no fabricated before amount (0.302166ms)
✔ credit uses canonical quality even when the legacy horizon advertises a numeric free limit (0.108583ms)
✔ unassigned canonical balances remain readable and distinct from a missing account balance (0.328541ms)
✔ legacy F04 schedule without classification columns stays absent and is never inferred from origin (0.370708ms)
✔ schedule preserves the server snapshot for recorded, recurring, debt and declared lines (0.576875ms)
✔ explicit NULL, four unknown columns and one classified dimension preserve distinct snapshots (0.476167ms)
✔ a Pix fee retains its own unknown snapshot independently of the classified purchase (0.18225ms)
✔ schedule rejects classification enums and provenance outside the closed domain (0.856958ms)
✔ schedule rejects a known value without source and a category default whose value is NULL (0.31575ms)
✔ income and transfers preserve four cleared metadata columns (0.106208ms)
✔ income and transfers reject known expense classification (0.249416ms)
✔ income and transfers reject explicit NULL provenance as expense metadata (0.172ms)
(node:88049) [MODULE_TYPELESS_PACKAGE_JSON] Warning: Module type of file:///Users/gabrielalmeidadias/Documents/Empresas/ProOps/DEV/Personal-ProOps-app/src/lib/forecast-months.test.ts is not specified and it doesn't parse as CommonJS.
Reparsing as ES module because module syntax was detected. This incurs a performance overhead.
To eliminate this warning, add "type": "module" to /Users/gabrielalmeidadias/Documents/Empresas/ProOps/DEV/Personal-ProOps-app/package.json.
(Use `node --trace-warnings ...` to show where the warning was created)
✔ o corte é o mês da cobertura, e só quando há mês além dele (1.156458ms)
✔ sem meses não há corte (0.143042ms)
✔ veioDe encadeia: o começo de um mês é a sobra do anterior (0.141958ms)
(node:88050) [MODULE_TYPELESS_PACKAGE_JSON] Warning: Module type of file:///Users/gabrielalmeidadias/Documents/Empresas/ProOps/DEV/Personal-ProOps-app/src/lib/forgot-password-ui.test.ts is not specified and it doesn't parse as CommonJS.
Reparsing as ES module because module syntax was detected. This incurs a performance overhead.
To eliminate this warning, add "type": "module" to /Users/gabrielalmeidadias/Documents/Empresas/ProOps/DEV/Personal-ProOps-app/package.json.
(Use `node --trace-warnings ...` to show where the warning was created)
✔ código e senha rodam no cliente descartável; a sessão só vai ao principal depois da troca (143.719709ms)
✔ a recusa do servidor aparece no campo da senha e some ao digitar (51.726959ms)
✔ senha trocada mas entrega falhou: diz isso, revoga a recuperação e leva ao login (31.589083ms)
✔ Cancelar no passo da senha revoga a sessão de recuperação e sai (15.815083ms)
(node:88051) [MODULE_TYPELESS_PACKAGE_JSON] Warning: Module type of file:///Users/gabrielalmeidadias/Documents/Empresas/ProOps/DEV/Personal-ProOps-app/src/lib/form-motion-ui.test.ts is not specified and it doesn't parse as CommonJS.
Reparsing as ES module because module syntax was detected. This incurs a performance overhead.
To eliminate this warning, add "type": "module" to /Users/gabrielalmeidadias/Documents/Empresas/ProOps/DEV/Personal-ProOps-app/package.json.
(Use `node --trace-warnings ...` to show where the warning was created)
✔ Sheet Android preserves its open window and mounted draft while layout crosses the tablet breakpoint (163.672041ms)
✔ Sheet iOS keeps pageSheet or formSheet and the matching keyboard mechanism for each opening (30.920916ms)
✔ Presenca shrinks space and opacity on the same spring, preserving an inactive outgoing snapshot (24.808459ms)
✔ F04: live privacy masks summary and schedule, including every accessibility label (220.524875ms)
✔ F04: ready numbers disappear from retained motion layers as soon as the draft changes (99.261625ms)
✔ F04: collapsing schedule rows read live privacy while the presence exit is still running (54.733875ms)
✔ F04: an automatic virtual occurrence is a forecast, never a claim that money was received (33.356834ms)
✔ Presenca ignores completion after unmount and reduced motion closes without waiting (12.19325ms)
✔ Nested presence inherits its inactive parent provider (15.262416ms)
✔ Presenca reports an actual exit once and ignores a canceled exit after reopening (26.412209ms)
✔ TrocaSuave mounts both layers immediately and starts progress only after incoming native layout (11.362ms)
✔ TrocaSuave retains its measured width during absolute-layer swaps and explicitly restores natural dimensions (5.720375ms)
✔ Resting presence publishes natural height and swaps retain static geometry after stale shared-value writes (10.961ms)
✔ a settled label swap releases its frame before larger text measures again (13.017042ms)
✔ TrocaSuave retargets midflight from its current progress while retaining the original outgoing layer (16.954583ms)
✔ Spring overshoot keeps opacity bounded and height nonnegative while allowing a small spatial bounce (15.568125ms)
✔ TrocaSuave rejects stale completion after another mode, return to original, and unmount (5.075833ms)
✔ TrocaSuave ignores a stale incoming layout when a newer mode is waiting for its own measurement (38.071167ms)
✔ TrocaSuave returning A to B to A creates a new incoming lifetime and waits for its new native layout (6.362959ms)
✔ TrocaSuave ignores captured native measurement callbacks after unmount (10.789834ms)
✔ TrocaSuave provider disables outgoing native input callbacks while the incoming input stays editable (45.745208ms)
✔ TrocaSuave reduced motion interrupts pending work and full-screen mode preserves its frame (23.189792ms)
✔ AccountPicker preserves a filtered selected identity without offering it as an eligible choice (20.826584ms)
✔ SelectField ignores a mismatched fallback and prefers an eligible current option (10.974083ms)
✔ SelectField delivers selection synchronously once, keeps one chosen row, and can reopen while closing (91.805541ms)
✔ SelectField confirms a different option during collapse without delaying its callback (13.00875ms)
✔ DatePicker delivers one date synchronously, preserves limits and can reopen during collapse (20.557166ms)
✔ SelectField keeps the outgoing snapshot and reactivates collapsed without clearing its value (19.904875ms)
✔ SelectField rejects captured choices while hidden and after reopening a different interaction (41.097625ms)
✔ SelectField discards native handlers queued before unmount (39.483209ms)
✔ SelectField rejects a collapsed header queued before hiding even after reactivation (17.705ms)
✔ DatePicker rejects a collapsed header queued before hiding even after reactivation (44.527125ms)
✔ DatePicker rejects a collapsed month-end choice queued before reactivation with unchanged value (31.183166ms)
✔ DatePicker discards calendar, header and month-end handlers queued before unmount (68.634375ms)
✔ DatePicker rejects an old month-end choice after reactivation or navigating another month (24.509958ms)
✔ DatePicker month-end choice is single emission and a newly committed selection can toggle its intent (12.976ms)
✔ DatePicker preserves an outgoing calendar but reactivates collapsed and invalidates its old session (29.732583ms)
✔ DatePicker outgoing calendar cannot select again while the collapsed month-end control remains active (53.924833ms)
✔ DatePicker reopening during collapse gives the calendar a new lifetime and keeps month-end aligned with its current month (34.882458ms)
✔ QuantityField snapshot never clamps or edits financial state; typing and steps stay synchronous (24.190166ms)
✔ TextField outgoing snapshot suppresses editing and contract-clamping blur (26.035208ms)
✔ MudancaSuave crossfades discrete content and reduced motion restores the latest label immediately (6.247292ms)
✔ Presenca lazily mounts native motion once and first appearance springs through measured space (8.727583ms)
✔ Presenca explicitly restores natural resting geometry after opening, closing and reopening (20.451375ms)
✔ Presenca lazy first appearance honors reduced motion and an inactive parent (9.521958ms)
✔ prepared compact presence measures while hidden and first open reuses its native motion (12.336833ms)
✔ prepared presence waits for measurement on an immediate first tap and accepts an empty list (18.993834ms)
✔ SelectField first opening and reopening install no new native motion for its options (39.463042ms)
✔ prepared presence remains hidden with reduced motion and ignores native layout after unmount (7.72875ms)
✔ FormatoDoLancamento prepares first opening and cannot select while hidden or inactive (95.255375ms)
✔ SelectField keeps the icon column spacing for alternatives without an icon (64.15125ms)
✔ TextField keeps a full line visible when the font changes, retaining normal geometry and typing (41.878333ms)
✔ TextField respects the caller font cap, disabled scaling and multiline geometry (38.697708ms)
✔ Field keeps its visible label gap through accessory and native text height changes (70.224917ms)
✔ LockOverlay immediately covers an interrupted reveal and ignores its queued animation (full motion) (30.983542ms)
✔ LockOverlay immediately covers an interrupted reveal and ignores its queued animation (reduced motion) (42.094292ms)
✔ LockOverlay rejects stale fallback timers after an interrupted reveal and callbacks after unmount (44.50875ms)
✔ LockOverlay fallback completes only its current reveal when a native completion is missing (4.1385ms)
✔ entrada começa sem erro nem foco, valida ao sair do valor e limpa o erro após corrigir (33.585083ms)
✔ entrada fica inteira e utilizável no primeiro render, sem esperar medição ou animação (28.50375ms)
✔ entrada oculta imediatamente e reabre inteira durante reversões (full motion) (52.014666ms)
✔ entrada oculta imediatamente e reabre inteira durante reversões (reduced motion) (55.400541ms)
✔ adicionar entrada a contrato existente também nasce sem validação prematura (58.275542ms)
✔ entrada já preenchida explica um limite do total mesmo depois de reiniciar a revisão (67.046917ms)
✔ erros de conta e data não pintam a borda do valor; limite da compra aparece após revisar o valor (14.371875ms)
✔ F02: ação contextual do seletor fecha a lista sem selecionar uma entidade e ignora duplo toque (18.553125ms)
✔ F02: seletor desabilitado protege ações capturadas e permite criar na lista vazia depois de reativar (19.286709ms)
✔ F02: cadastro contextual aplica somente UUID confirmado, bloqueia duplo toque e volta ao seletor (64.31025ms)
✔ F02: cancelar ou voltar durante envio impede seleção tardia e conserva a ação de cadastro (171.466083ms)
✔ F02: forma de pagamento atual governa a seleção depois de uma criação já enviada (51.363834ms)
✔ F02: mudar método antes do envio não cria uma origem agora incompatível (46.910875ms)
✔ F02: confirmação perdida permanece congelada mesmo fechando e reabrindo o cadastro (32.939ms)
✔ F02: campo que sai da presença e host desmontado recusam callback financeiro tardio (31.468667ms)
✔ F02: campos compartilhados explicam dias obrigatórios e a edição bloqueada não altera o cadastro (82.697292ms)
✔ F03: metadado real é visível e acessível; limite zero não impede selecionar cartão (51.861875ms)
✔ F03: preferência oculta e ainda não lida não vaza valor no texto nem na acessibilidade (58.331333ms)
✔ F03: erro mantém seleção e recuperação não emite outra conta (15.454125ms)
✔ F03: muitas contas mantêm dois recursos agregados; seletor simples não consulta dinheiro (87.167083ms)
✔ F03: ocultar durante fechamento da lista protege também o snapshot visual que está saindo (27.735125ms)
✔ F03: recurso desabilitado em voo em outro seletor não bloqueia recuperar a conta bancária (44.100875ms)
✔ F06 classificação: controles têm geometria natural sem aguardar animação, inclusive resize e reversão (full motion) (10.342833ms)
✔ F06 classificação: controles têm geometria natural sem aguardar animação, inclusive resize e reversão (reduced motion) (7.37425ms)
(node:88052) [MODULE_TYPELESS_PACKAGE_JSON] Warning: Module type of file:///Users/gabrielalmeidadias/Documents/Empresas/ProOps/DEV/Personal-ProOps-app/src/lib/glass-backdrop.test.ts is not specified and it doesn't parse as CommonJS.
Reparsing as ES module because module syntax was detected. This incurs a performance overhead.
To eliminate this warning, add "type": "module" to /Users/gabrielalmeidadias/Documents/Empresas/ProOps/DEV/Personal-ProOps-app/package.json.
(Use `node --trace-warnings ...` to show where the warning was created)
✔ vidro com tinta leva a cor sólida por baixo: o conteúdo continua legível se o vidro não pintar (103.216083ms)
✔ vidro sem tinta continua só vidro — o controle comum refrata o que está atrás (4.822667ms)
(node:88053) [MODULE_TYPELESS_PACKAGE_JSON] Warning: Module type of file:///Users/gabrielalmeidadias/Documents/Empresas/ProOps/DEV/Personal-ProOps-app/src/lib/goal-contribution.test.ts is not specified and it doesn't parse as CommonJS.
Reparsing as ES module because module syntax was detected. This incurs a performance overhead.
To eliminate this warning, add "type": "module" to /Users/gabrielalmeidadias/Documents/Empresas/ProOps/DEV/Personal-ProOps-app/package.json.
(Use `node --trace-warnings ...` to show where the warning was created)
✔ monthly contributions preserve exact remaining cents with a smaller final contribution (1.948333ms)
✔ one cent and a contribution larger than remaining finish today at exactly remaining (0.342584ms)
✔ monthly 0 is incomplete rather than infinite (0.092958ms)
✔ monthly null is incomplete rather than infinite (0.06775ms)
✔ missing next date explicitly remains incomplete (0.091292ms)
✔ reached goals need no contributions even when sources are incomplete (0.172792ms)
✔ civil calendar 2027-01-31 + 1 months = 2027-02-28 (0.082042ms)
✔ civil calendar 2027-01-31 + 2 months = 2027-03-31 (0.06075ms)
✔ civil calendar 2028-01-31 + 1 months = 2028-02-29 (0.066542ms)
✔ civil calendar 2028-01-31 + 2 months = 2028-03-31 (0.102667ms)
✔ civil calendar 1900-01-31 + 1 months = 1900-02-28 (0.073542ms)
✔ civil calendar 2000-01-31 + 1 months = 2000-02-29 (0.045292ms)
✔ civil calendar 0001-01-31 + 0 months = 0001-01-31 (0.041333ms)
✔ civil calendar 9999-11-30 + 1 months = 9999-12-30 (0.031917ms)
✔ civil calendar 9999-12-31 + 1 months = null (0.033542ms)
✔ civil calendar 0001-01-01 + 9007199254740991 months = null (0.035625ms)
✔ past monthly intentions skip missed dates and preserve the original day 31 (0.11425ms)
✔ missed initial intention is flagged and never counted as paid (0.069833ms)
✔ missed initial intention stays explicit even while the deadline source is incomplete (0.07725ms)
✔ initial today counts once and an equal-day monthly contribution remains distinct (0.171375ms)
✔ full initial intention is capped and needs neither monthly amount nor first date (0.069792ms)
✔ positive initial intention requires its own date (0.0605ms)
✔ partial initial after effective first monthly date is incomplete (0.066334ms)
✔ deadline mode rounds upward but preserves exact final remainder (0.090834ms)
✔ deadline counts only slots on or before the deadline and can finish earlier (0.061167ms)
✔ deadline today includes a contribution today (0.051541ms)
✔ deadline missing is incomplete; passed deadline and first after deadline are unreachable (0.075667ms)
✔ deadline initial cannot lie after the deadline even if it would cover everything (0.063541ms)
✔ deadline initial reduces the amount used by the inverse monthly calculation (0.055209ms)
✔ full initial still needs the deadline source, but may complete without a monthly anchor (0.05675ms)
✔ deadline month boundary counts the clamped leap-day slot without changing the anchor (0.073ms)
✔ random access handles the full civil calendar without building a schedule (0.083917ms)
✔ monthly horizon extends beyond ten years with no artificial cut (0.044958ms)
✔ year overflow and immense monthly counts are explicit without allocation or precision loss (0.150875ms)
✔ large safe cents use integer division rather than rounding intermediate doubles (0.079958ms)
✔ runtime input rejects extra field before calculating, including reached goals (0.172ms)
✔ runtime input rejects missing field before calculating, including reached goals (0.054709ms)
✔ runtime input rejects zero target before calculating, including reached goals (0.04725ms)
✔ runtime input rejects negative saved before calculating, including reached goals (0.050583ms)
✔ runtime input rejects decimal cents before calculating, including reached goals (0.053292ms)
✔ runtime input rejects unsafe target before calculating, including reached goals (0.055333ms)
✔ runtime input rejects string cents before calculating, including reached goals (0.094833ms)
✔ runtime input rejects NaN cents before calculating, including reached goals (0.063375ms)
✔ runtime input rejects infinite cents before calculating, including reached goals (0.051334ms)
✔ runtime input rejects negative initial before calculating, including reached goals (0.052833ms)
✔ runtime input rejects invalid mode before calculating, including reached goals (0.047333ms)
✔ runtime input rejects monthly opposite source before calculating, including reached goals (0.045541ms)
✔ runtime input rejects deadline opposite source before calculating, including reached goals (0.045ms)
✔ runtime input rejects inactive initial date before calculating, including reached goals (0.046958ms)
✔ runtime input rejects missing date type before calculating, including reached goals (0.043ms)
✔ runtime input rejects invalid day before calculating, including reached goals (0.043166ms)
✔ runtime input rejects invalid 1900 leap before calculating, including reached goals (0.046959ms)
✔ runtime input rejects noncivil timestamp before calculating, including reached goals (0.600958ms)
✔ runtime input rejects year zero before calculating, including reached goals (0.065417ms)
✔ runtime input rejects five digit year before calculating, including reached goals (0.044583ms)
✔ runtime input rejects short date before calculating, including reached goals (0.04525ms)
✔ runtime objects must be plain records rather than null, arrays or class instances (0.1ms)
✔ calendar and schedule reject invalid indexes and anchors (0.152959ms)
✔ manual schedules conserve remaining and agree with estimated date in both directions (0.295583ms)
✔ pure recalculation preserves the input and has no dependence on device clock or caret state (0.083625ms)
(node:88054) [MODULE_TYPELESS_PACKAGE_JSON] Warning: Module type of file:///Users/gabrielalmeidadias/Documents/Empresas/ProOps/DEV/Personal-ProOps-app/src/lib/goal-horizon-save.test.ts is not specified and it doesn't parse as CommonJS.
Reparsing as ES module because module syntax was detected. This incurs a performance overhead.
To eliminate this warning, add "type": "module" to /Users/gabrielalmeidadias/Documents/Empresas/ProOps/DEV/Personal-ProOps-app/package.json.
(Use `node --trace-warnings ...` to show where the warning was created)
✔ F10 lost response retains complete source/initial/date and same identity for confirmation (2.268167ms)
✔ F10 terminal resolution accepts only command-owned matching closed receipt (0.341625ms)
✔ F10 refuses wrong workspace/revision/open receipt and freezes intent (0.166584ms)
✔ F10 refuses wrong workspace/revision/open receipt and freezes intent (0.107708ms)
✔ F10 refuses wrong workspace/revision/open receipt and freezes intent (0.114417ms)
✔ F10 controller refuses source-inactive money before transport (0.129125ms)
(node:88055) [MODULE_TYPELESS_PACKAGE_JSON] Warning: Module type of file:///Users/gabrielalmeidadias/Documents/Empresas/ProOps/DEV/Personal-ProOps-app/src/lib/goal-horizon.test.ts is not specified and it doesn't parse as CommonJS.
Reparsing as ES module because module syntax was detected. This incurs a performance overhead.
To eliminate this warning, add "type": "module" to /Users/gabrielalmeidadias/Documents/Empresas/ProOps/DEV/Personal-ProOps-app/package.json.
(Use `node --trace-warnings ...` to show where the warning was created)
✔ F10 DTO preserves server capacity and checks exact pure calendar, source money and cents (2.543042ms)
✔ F10 DTO refuses outer extra (0.415666ms)
✔ F10 DTO refuses missing horizon (0.2815ms)
✔ F10 DTO refuses duplicate horizon (0.282583ms)
✔ F10 DTO refuses forged goal (0.183167ms)
✔ F10 DTO refuses result extra (0.176541ms)
✔ F10 DTO refuses wrong date (0.184125ms)
✔ F10 DTO refuses wrong remainder (0.141ms)
✔ F10 DTO refuses unsafe amount (0.364709ms)
✔ F10 DTO refuses numeric money (0.268792ms)
✔ F10 DTO refuses inactive source (0.1755ms)
✔ F10 DTO refuses wrong source (0.103916ms)
✔ F10 DTO refuses inconsistent included (0.109625ms)
✔ F10 DTO refuses inconsistent monthly (0.128834ms)
✔ F10 draft stores derived inactive input and transport sends only the active source without mutation (0.550375ms)
✔ F10 exclusion clears intent on the wire and preserves the complete editor draft (0.142875ms)
✔ F10 preview can explain zero while save cannot accept a plan without contributions (0.142667ms)
✔ F10 source deadline changes do not overwrite the actual goal deadline (0.137167ms)
✔ F10 syntax normalization copies closed intent independently of current goals for terminal resolution (0.4845ms)
✔ F10 builders require the exact current goal list and allow initial-only completion (0.163125ms)
(node:88056) [MODULE_TYPELESS_PACKAGE_JSON] Warning: Module type of file:///Users/gabrielalmeidadias/Documents/Empresas/ProOps/DEV/Personal-ProOps-app/src/lib/goal-plan-save.test.ts is not specified and it doesn't parse as CommonJS.
Reparsing as ES module because module syntax was detected. This incurs a performance overhead.
To eliminate this warning, add "type": "module" to /Users/gabrielalmeidadias/Documents/Empresas/ProOps/DEV/Personal-ProOps-app/package.json.
(Use `node --trace-warnings ...` to show where the warning was created)
✔ goal plan double tap shares one immutable operation and correct receipt (2.125875ms)
✔ transport loss preserves canonical array/key order and UUID until receipt (0.334ms)
✔ initial 22023 refusal releases the editable draft (0.197084ms)
✔ initial 23514 refusal releases the editable draft (0.137583ms)
✔ initial 42501 refusal releases the editable draft (0.148333ms)
✔ initial P0001 refusal releases the editable draft (0.112ms)
✔ initial 40001 refusal releases the editable draft (0.118459ms)
✔ initial 40P01 refusal releases the editable draft (0.08875ms)
✔ initial PT409 refusal releases the editable draft (0.105417ms)
✔ after ambiguity {"code":"P0001"} cannot disprove the original commit (0.25725ms)
✔ after ambiguity {"code":"42501"} cannot disprove the original commit (0.11225ms)
✔ after ambiguity {"code":"22023"} cannot disprove the original commit (0.092625ms)
✔ after ambiguity {"code":"PT409","message":"some unrelated refusal"} cannot disprove the original commit (0.09475ms)
✔ after ambiguity {"code":"40001","message":"Plano alterado. Confira novamente"} cannot disprove the original commit (0.117833ms)
✔ exact sealed-first PT409 Plano alterado. Confira novamente permits reopening after timeout (0.148417ms)
✔ exact sealed-first PT409 As metas mudaram. Confira o plano novamente permits reopening after timeout (0.082834ms)
✔ unproven receipt null stays frozen (0.159375ms)
✔ unproven receipt {"workspace_id":"22222222-2222-4222-8222-222222222222","edit_revision":8} stays frozen (0.073459ms)
✔ unproven receipt {"workspace_id":"11111111-1111-4111-8111-111111111111","edit_revision":7} stays frozen (0.070166ms)
✔ unproven receipt {"workspace_id":"11111111-1111-4111-8111-111111111111","edit_revision":8,"extra":true} stays frozen (0.096833ms)
✔ unproven receipt {"workspace_id":"11111111-1111-4111-8111-111111111111","cancelled":false} stays frozen (0.086375ms)
✔ unproven receipt {"workspace_id":"22222222-2222-4222-8222-222222222222","cancelled":true} stays frozen (0.074792ms)
✔ unproven receipt {"workspace_id":"11111111-1111-4111-8111-111111111111","cancelled":true,"extra":true} stays frozen (0.070375ms)
✔ terminal resolution shares in-flight promise, releases intent and rotates UUID (0.233833ms)
✔ resolution recovers matching sealed success without writing again (0.110333ms)
✔ PT409 from resolution does not replace a sealed success or cancellation receipt (0.141959ms)
✔ a delayed save receives terminal cancellation without inventing success (0.076708ms)
✔ closed malformed commands and unsafe revision never dispatch (0.368917ms)
✔ new plan expects revision one, including explicit empty plan (0.078459ms)
✔ write messages keep transport internals private and qualify source changes (0.165167ms)
(node:88057) [MODULE_TYPELESS_PACKAGE_JSON] Warning: Module type of file:///Users/gabrielalmeidadias/Documents/Empresas/ProOps/DEV/Personal-ProOps-app/src/lib/goal-planning.test.ts is not specified and it doesn't parse as CommonJS.
Reparsing as ES module because module syntax was detected. This incurs a performance overhead.
To eliminate this warning, add "type": "module" to /Users/gabrielalmeidadias/Documents/Empresas/ProOps/DEV/Personal-ProOps-app/package.json.
(Use `node --trace-warnings ...` to show where the warning was created)
✔ decodes safe cents without deriving or overwriting server scenario (1.067459ms)
✔ rejects unsafe cents (0.137666ms)
✔ rejects decimal cents (0.063334ms)
✔ rejects numeric wire cents (0.09725ms)
✔ rejects negative saved (0.055ms)
✔ rejects zero target (0.049ms)
✔ rejects negative planned (0.204083ms)
✔ rejects invalid civil date (0.127583ms)
✔ rejects invalid leap date (0.124917ms)
✔ rejects unknown field (0.137417ms)
✔ rejects missing field (0.079ms)
✔ rejects unknown goal field (0.21375ms)
✔ rejects duplicate goals (0.279416ms)
✔ rejects duplicate month (0.103959ms)
✔ rejects forged incomplete id (0.079709ms)
✔ rejects forged excluded id (0.176834ms)
✔ rejects duplicate missed id (0.084375ms)
✔ rejects invalid uuid (0.138083ms)
✔ rejects invalid workspace name (0.059792ms)
✔ rejects invalid cycle close day (0.071375ms)
✔ rejects invalid fingerprint (0.056875ms)
✔ rejects invalid view (0.059541ms)
✔ rejects invalid mode (0.05025ms)
✔ rejects zero days (0.054417ms)
✔ rejects excessive days (0.051ms)
✔ rejects noninteger revision (0.063292ms)
✔ rejects zero revision (0.189875ms)
✔ rejects invalid origin (0.073541ms)
✔ rejects invalid deadline status (0.045083ms)
✔ rejects wrong mode array (0.087333ms)
✔ rejects reversed month range (0.059ms)
✔ daily mode accepts leap day and detects duplicate daily points (0.129708ms)
✔ minimum availability retains an intraperiod negative even when month ends positive (0.108833ms)
✔ cycle month bounds may start in previous civil month (0.065209ms)
✔ empty goals permit clearing an empty plan (0.621166ms)
✔ builders copy and sort all current goals and normalize excluded fields without mutating draft (0.26225ms)
✔ preview retains incomplete included proposals but save refuses them (0.157916ms)
✔ builders reject missing items (0.107542ms)
✔ builders reject extra items (0.096167ms)
✔ builders reject duplicate items (0.085667ms)
✔ builders reject unsafe items (0.0765ms)
✔ builders reject zero items (0.08125ms)
✔ builders reject decimal items (0.066209ms)
✔ builders reject invalid date items (0.122959ms)
✔ builders reject unknown field items (0.153292ms)
(node:88058) [MODULE_TYPELESS_PACKAGE_JSON] Warning: Module type of file:///Users/gabrielalmeidadias/Documents/Empresas/ProOps/DEV/Personal-ProOps-app/src/lib/hipotese.test.ts is not specified and it doesn't parse as CommonJS.
Reparsing as ES module because module syntax was detected. This incurs a performance overhead.
To eliminate this warning, add "type": "module" to /Users/gabrielalmeidadias/Documents/Empresas/ProOps/DEV/Personal-ProOps-app/package.json.
(Use `node --trace-warnings ...` to show where the warning was created)
✔ uma vez vira lançamento pendente com o título Hipótese (1.356291ms)
✔ parcelado vira a compra parcelada com 0 pagas; sem conta é incompleto (0.155167ms)
✔ repete vira recorrente com a regra do app (0.161416ms)
✔ financiamento: parcela fixa, âncora na data, dia da data (0.111416ms)
✔ dois financiamentos no mesmo rascunho não colidem no nome (a dívida tem nome único no espaço) (0.125209ms)
✔ o que falta: valor, conta no parcelado e no financiamento, parcelas (0.083667ms)
✔ a linha diz forma, conta e data (0.147125ms)
✔ aplicar abre o formulário certo, com tudo (0.230292ms)
✔ hipótese com data que já passou vale a partir de HOJE: na simulação, na linha e no Aplicar (revisão final) (0.288125ms)
✔ Aplicar de uma data futura fora do cartão nasce A PAGAR, como foi simulado (revisão final) (0.338291ms)
✔ F09 hipótese leva pai/detalhe à simulação e ao aplicar com ausência legacy distinta de null (0.766959ms)
(node:88059) [MODULE_TYPELESS_PACKAGE_JSON] Warning: Module type of file:///Users/gabrielalmeidadias/Documents/Empresas/ProOps/DEV/Personal-ProOps-app/src/lib/icon-map.test.ts is not specified and it doesn't parse as CommonJS.
Reparsing as ES module because module syntax was detected. This incurs a performance overhead.
To eliminate this warning, add "type": "module" to /Users/gabrielalmeidadias/Documents/Empresas/ProOps/DEV/Personal-ProOps-app/package.json.
(Use `node --trace-warnings ...` to show where the warning was created)
✔ Icon: todo SF Symbol usado no app está no mapa SF → Material (34.68325ms)
(node:88060) [MODULE_TYPELESS_PACKAGE_JSON] Warning: Module type of file:///Users/gabrielalmeidadias/Documents/Empresas/ProOps/DEV/Personal-ProOps-app/src/lib/import-preview.test.ts is not specified and it doesn't parse as CommonJS.
Reparsing as ES module because module syntax was detected. This incurs a performance overhead.
To eliminate this warning, add "type": "module" to /Users/gabrielalmeidadias/Documents/Empresas/ProOps/DEV/Personal-ProOps-app/package.json.
(Use `node --trace-warnings ...` to show where the warning was created)
✔ só o que é NOVO e é gasto/receita de verdade nasce marcado (0.67525ms)
✔ crédito na fatura nunca entra sozinho como receita — mesmo sem a IA ter respondido (0.073875ms)
✔ transferência entre contas e aplicação ficam de fora por padrão, com o motivo (0.212833ms)
✔ a frase do parcelado diz o que vai ser criado (0.254417ms)
✔ o motivo do "já está no app" mostra com o quê (0.1095ms)
✔ o total é o que está MARCADO, e conta as compras parceladas que nascem (0.1635ms)
(node:88061) [MODULE_TYPELESS_PACKAGE_JSON] Warning: Module type of file:///Users/gabrielalmeidadias/Documents/Empresas/ProOps/DEV/Personal-ProOps-app/src/lib/installment-progress.test.ts is not specified and it doesn't parse as CommonJS.
Reparsing as ES module because module syntax was detected. This incurs a performance overhead.
To eliminate this warning, add "type": "module" to /Users/gabrielalmeidadias/Documents/Empresas/ProOps/DEV/Personal-ProOps-app/package.json.
(Use `node --trace-warnings ...` to show where the warning was created)
✔ next installment follows pending numbers, not the count already paid (3.378291ms)
(node:88062) [MODULE_TYPELESS_PACKAGE_JSON] Warning: Module type of file:///Users/gabrielalmeidadias/Documents/Empresas/ProOps/DEV/Personal-ProOps-app/src/lib/item-actions.test.ts is not specified and it doesn't parse as CommonJS.
Reparsing as ES module because module syntax was detected. This incurs a performance overhead.
To eliminate this warning, add "type": "module" to /Users/gabrielalmeidadias/Documents/Empresas/ProOps/DEV/Personal-ProOps-app/package.json.
(Use `node --trace-warnings ...` to show where the warning was created)
✔ Android sem mensagem: a pergunta vai no corpo, sem vão vazio embaixo do título (63.245625ms)
✔ Android com mensagem: título e mensagem como sempre (8.503042ms)
✔ iOS continua com o título na folha de ações (14.611709ms)
(node:88063) [MODULE_TYPELESS_PACKAGE_JSON] Warning: Module type of file:///Users/gabrielalmeidadias/Documents/Empresas/ProOps/DEV/Personal-ProOps-app/src/lib/item-link-accessibility.test.ts is not specified and it doesn't parse as CommonJS.
Reparsing as ES module because module syntax was detected. This incurs a performance overhead.
To eliminate this warning, add "type": "module" to /Users/gabrielalmeidadias/Documents/Empresas/ProOps/DEV/Personal-ProOps-app/package.json.
(Use `node --trace-warnings ...` to show where the warning was created)
✔ cartão iOS expõe rótulo e ativação fora do contêiner nativo do preview, preservando menu e arrasto (184.827334ms)
✔ ações AX preservam submenus e impedem executar ações desabilitadas (9.961875ms)
✔ ItemLink preserva rótulo rico do filho e só executa render prop uma vez (6.5125ms)
✔ rótulo explícito do ItemLink prevalece sobre o título e rótulo do filho (5.748042ms)
(node:88064) [MODULE_TYPELESS_PACKAGE_JSON] Warning: Module type of file:///Users/gabrielalmeidadias/Documents/Empresas/ProOps/DEV/Personal-ProOps-app/src/lib/lancamento-write.test.ts is not specified and it doesn't parse as CommonJS.
Reparsing as ES module because module syntax was detected. This incurs a performance overhead.
To eliminate this warning, add "type": "module" to /Users/gabrielalmeidadias/Documents/Empresas/ProOps/DEV/Personal-ProOps-app/package.json.
(Use `node --trace-warnings ...` to show where the warning was created)
✔ à vista prepara título, estabelecimento, centavos e uma única gravação (2.339167ms)
✔ pendente visível leva vencimento ISO e automático; transferência limpa categoria e guarda destino (0.218209ms)
✔ campo escondido conserva status, vencimento e automático do registro editado (0.119875ms)
✔ valor por parcela e entrada não se misturam no principal nem no histórico (0.232083ms)
✔ total com entrada subtrai uma vez; último dia não se aplica ao cartão (0.110167ms)
✔ sem entrada ligada centavo restante e histórico são preservados; lançamento existente converte (0.163667ms)
✔ conta ausente não prepara compra; campos de entrada escondidos não vazam (0.19225ms)
✔ dados obrigatórios inválidos são recusados antes da prévia financeira (0.328167ms)
✔ histórico passado em branco e entrada futura falham com a regra já existente (0.333292ms)
✔ F09 principal conserva detalhe explícito e parcelada usa o mesmo UUID; transferência limpa (0.358334ms)
✔ F09 troca de pai limpa filho herdado; alias conserva e novo filho explícito fica para preflight (0.507708ms)
✔ F09 transferência editada limpa também filho novo explícito após comparar o snapshot (0.075125ms)
(node:88065) [MODULE_TYPELESS_PACKAGE_JSON] Warning: Module type of file:///Users/gabrielalmeidadias/Documents/Empresas/ProOps/DEV/Personal-ProOps-app/src/lib/lancar.test.ts is not specified and it doesn't parse as CommonJS.
Reparsing as ES module because module syntax was detected. This incurs a performance overhead.
To eliminate this warning, add "type": "module" to /Users/gabrielalmeidadias/Documents/Empresas/ProOps/DEV/Personal-ProOps-app/package.json.
(Use `node --trace-warnings ...` to show where the warning was created)
✔ F01: editar taxa vinculada abre sua compra; taxa antiga sem vínculo continua independente (0.699959ms)
✔ a conversão abre o registro devolvido pelo banco, inclusive financiamento sem transação (0.59625ms)
✔ a série convertida abre suas ocorrências no mês local do início escolhido (1.158125ms)
✔ sem ID de resultado a conversão abre a lista válida, nunca a origem removida (0.091333ms)
✔ as quatro opções da spec, e só as que mudam alguma coisa (0.137292ms)
✔ sem saber se há passado, a opção destrutiva aparece (e é confirmada) (0.252125ms)
✔ "Salvar e criar outro" mantém tipo, conta e data, e limpa o resto (0.162167ms)
✔ transferência não existe na recorrente: vira gasto (0.11725ms)
✔ o seletor tem três opções e o link carrega o tipo (0.128875ms)
✔ o papel do lançamento sai do registro: série, compra parcelada, dívida ou avulso (0.152542ms)
✔ F09 comum conserva filho compatível em conversão e limpa depois de salvar ou transferir (0.256375ms)
(node:88066) [MODULE_TYPELESS_PACKAGE_JSON] Warning: Module type of file:///Users/gabrielalmeidadias/Documents/Empresas/ProOps/DEV/Personal-ProOps-app/src/lib/ledger-expected.test.ts is not specified and it doesn't parse as CommonJS.
Reparsing as ES module because module syntax was detected. This incurs a performance overhead.
To eliminate this warning, add "type": "module" to /Users/gabrielalmeidadias/Documents/Empresas/ProOps/DEV/Personal-ProOps-app/package.json.
(Use `node --trace-warnings ...` to show where the warning was created)
✔ classificação prevista combina dimensões por AND e conhecidos/null por OR (9.253583ms)
✔ classificação Não informado inclui legado sem deduzir pela origem e exclui receitas (0.127125ms)
✔ classificação prevista mantém demais filtros e valida antes de ler linhas (0.294625ms)
✔ previsões respeitam filtros da lista, sem se passarem por lançamentos concluídos (0.101834ms)
✔ Ver ocorrências limita previsões à série selecionada (0.054917ms)
✔ previsões de origens diferentes aparecem em ordem de vencimento (0.050458ms)
✔ previstas entram no dia delas, entre os lançamentos, sem passar da página carregada (0.126667ms)
✔ pílula da prevista segue a data, e a estimada nunca se passa por conta a pagar (0.076542ms)
✔ tocar na prevista não abre buraco na lista nem a mostra duas vezes (0.108917ms)
✔ previsões respeitam valor mínimo/máximo inclusivos e combinados com conta (0.093542ms)
✔ previsões filtram pagamento histórico sem inferir o método pela conta atual (0.17375ms)
✔ pagamento previsto combina categoria, status, conta, origem, série, busca e valor inclusivo (0.111375ms)
(node:88088) [MODULE_TYPELESS_PACKAGE_JSON] Warning: Module type of file:///Users/gabrielalmeidadias/Documents/Empresas/ProOps/DEV/Personal-ProOps-app/src/lib/list-filters-ui.test.ts is not specified and it doesn't parse as CommonJS.
Reparsing as ES module because module syntax was detected. This incurs a performance overhead.
To eliminate this warning, add "type": "module" to /Users/gabrielalmeidadias/Documents/Empresas/ProOps/DEV/Personal-ProOps-app/package.json.
(Use `node --trace-warnings ...` to show where the warning was created)
✔ múltiplas formas são um rascunho independente e só Aplicar publica (137.623833ms)
✔ cancelar múltiplas formas preserva valor publicado e reabrir descarta alterações (54.963958ms)
✔ Todos limpa somente o grupo; último toggle vazio é Todos, distinto de Não informado (62.646125ms)
✔ Limpar inclui seleção múltipla, mas cancelar não altera o pai (30.740625ms)
✔ busca preserva nomes e termos digitados sem autocorreção do teclado (30.510917ms)
✔ significado da data fica no rótulo de cada input, sem título de seção duplicado (12.704125ms)
✔ digitar modifica somente draft; Aplicar publica um payload e fecha depois (16.295667ms)
✔ Sheet: fechar/voltar cancela e reabrir remonta draft do valor publicado (36.575834ms)
✔ TaskHeader: fechar/voltar cancela e reabrir remonta draft do valor publicado (71.049167ms)
✔ Limpar zera busca, datas, valores e selecoes mas somente Aplicar publica a limpeza (22.40525ms)
✔ Voltar ao mês remove somente o intervalo e exige Aplicar; cancelar preserva o recorte publicado (14.108417ms)
✔ ícone único limpa datas em listas com bordas independentes sem alterar seleções (48.211625ms)
✔ apenas uma data é aplicável e publica somente a borda escolhida (37.47ms)
✔ erro de intervalo aparece junto à data final e desaparece ao corrigir a ordem (37.677792ms)
✔ data impossivel: erro inline desabilita Aplicar e o handler tambem recusa (50.052333ms)
✔ ordem das datas: erro inline desabilita Aplicar e o handler tambem recusa (27.260083ms)
✔ minimo acima do maximo: erro inline desabilita Aplicar e o handler tambem recusa (15.55225ms)
✔ valor negativo: erro inline desabilita Aplicar e o handler tambem recusa (20.000041ms)
✔ centavos fracionarios: erro inline desabilita Aplicar e o handler tambem recusa (31.258084ms)
✔ data invalida digitada atualiza validacao sem publicar o draft (35.269625ms)
✔ minimo/maximo zero e intervalo do mesmo dia sao validos e publicados (14.976584ms)
✔ selecao null remove so a chave escolhida e preserva objeto original/conjunto de opcoes (23.327625ms)
✔ cabecalho fica presente e SheetScroll e o ultimo filho da folha (13.090584ms)
(node:88089) [MODULE_TYPELESS_PACKAGE_JSON] Warning: Module type of file:///Users/gabrielalmeidadias/Documents/Empresas/ProOps/DEV/Personal-ProOps-app/src/lib/list-filters.test.ts is not specified and it doesn't parse as CommonJS.
Reparsing as ES module because module syntax was detected. This incurs a performance overhead.
To eliminate this warning, add "type": "module" to /Users/gabrielalmeidadias/Documents/Empresas/ProOps/DEV/Personal-ProOps-app/package.json.
(Use `node --trace-warnings ...` to show where the warning was created)
✔ seleção múltipla conta um critério por grupo e descreve opções em ordem estável (1.307541ms)
✔ resumo descreve datas e valores como intervalos e resolve seleções pelos mesmos rótulos da folha (0.257917ms)
✔ resumo cobre bordas únicas, mesmo dia, zero, privacidade e opção que deixou de estar disponível (0.296167ms)
✔ contagem agrupa período e faixa de valor, reconhece zero e ignora critérios vazios (0.095833ms)
✔ período inclusivo aceita mesmo dia e rejeita datas invertidas ou inexistentes (0.978667ms)
✔ limites de dinheiro são centavos inteiros, inclusivos, e zero é um filtro (0.124667ms)
✔ divide previsões extensas sem perder bordas, inclusive virada de ano e fevereiro bissexto (0.557ms)
✔ timestamps usam o dia BRT inteiro, final exclusivo na virada do ano (1.196167ms)
(node:88090) [MODULE_TYPELESS_PACKAGE_JSON] Warning: Module type of file:///Users/gabrielalmeidadias/Documents/Empresas/ProOps/DEV/Personal-ProOps-app/src/lib/list-query-filters.test.ts is not specified and it doesn't parse as CommonJS.
Reparsing as ES module because module syntax was detected. This incurs a performance overhead.
To eliminate this warning, add "type": "module" to /Users/gabrielalmeidadias/Documents/Empresas/ProOps/DEV/Personal-ProOps-app/package.json.
(Use `node --trace-warnings ...` to show where the warning was created)
✔ lixeira ordena pela exclusão no servidor antes de paginar, sem misturar fixação da lista ativa (210.28775ms)
✔ lembretes sem filtros conservam a chave de cache da vitrine e do retrato inicial (38.485083ms)
✔ lembretes combinam título, canal e estado antes da paginação e incluem o último instante do dia BRT (99.692334ms)
✔ notas mantêm pasta/tag/busca/ordem no intervalo de atualização antes das páginas seguintes (54.383084ms)
✔ notes: datas abertas, fevereiro bissexto e limpeza não reutilizam o recorte anterior (74.777875ms)
✔ notes: erro remoto é propagado e retry conserva filtros (86.882ms)
✔ reminders: datas abertas, fevereiro bissexto e limpeza não reutilizam o recorte anterior (45.68675ms)
✔ reminders: erro remoto é propagado e retry conserva filtros (28.406916ms)
(node:88092) [MODULE_TYPELESS_PACKAGE_JSON] Warning: Module type of file:///Users/gabrielalmeidadias/Documents/Empresas/ProOps/DEV/Personal-ProOps-app/src/lib/lock-lifecycle.test.ts is not specified and it doesn't parse as CommonJS.
Reparsing as ES module because module syntax was detected. This incurs a performance overhead.
To eliminate this warning, add "type": "module" to /Users/gabrielalmeidadias/Documents/Empresas/ProOps/DEV/Personal-ProOps-app/package.json.
(Use `node --trace-warnings ...` to show where the warning was created)
✔ restored session child auto-authentication survives the parent hydration effect and opens on success plus active (107.60275ms)
✔ leaving during the successful prompt return invalidates that visit and asks again (30.981875ms)
✔ the real departure before the prompt active event cannot be consumed as system UI (25.601666ms)
✔ iOS legitimate prompt success before active opens once (46.648125ms)
✔ iOS legitimate prompt success after active opens once (19.296792ms)
✔ Android system credential background with success before active is a legitimate return (10.861875ms)
✔ Android system credential background with success after active is a legitimate return (10.690167ms)
✔ Android biometric dialog that never pauses the app opens without waiting for a nonexistent active event (7.461166ms)
✔ iOS actual background before a late success refuses the old result and retries on return (8.614709ms)
✔ an iOS result delivered after the real return cannot unlock the new visit or clear its retry guard (7.902708ms)
✔ user_cancel keeps the app locked and a manual retry can open (10.870167ms)
✔ system_cancel keeps the app locked and a manual retry can open (47.663083ms)
✔ authentication_failed keeps the app locked and a manual retry can open (5.636791ms)
✔ reentrant requests share one native operation and cannot prematurely open (5.49825ms)
✔ completed unlock respects 0s grace at the threshold (21.984875ms)
✔ leaving after native success before active invalidates the attempt even with 0s grace (33.366292ms)
✔ completed unlock respects 30s grace before the threshold (15.405458ms)
✔ completed unlock respects 30s grace at the threshold (7.531625ms)
✔ leaving after native success before active invalidates the attempt even with 30s grace (30.325542ms)
✔ completed unlock respects 60s grace before the threshold (6.879125ms)
✔ completed unlock respects 60s grace at the threshold (7.809167ms)
✔ leaving after native success before active invalidates the attempt even with 60s grace (11.020208ms)
✔ a thrown native error releases the in-flight guard so a retry can authenticate (6.45575ms)
✔ ios external system UI returning after operation completion stays unlocked (19.298625ms)
✔ ios external system UI returning before operation completion stays unlocked (6.249042ms)
✔ ios nested system UI retains the exemption until the last operation returns (6.316167ms)
✔ android external system UI returning after operation completion stays unlocked (8.228334ms)
✔ android external system UI returning before operation completion stays unlocked (32.151375ms)
✔ android nested system UI retains the exemption until the last operation returns (15.456167ms)
✔ logout settles a successful authentication waiting for active as refused (9.548291ms)
✔ account swap settles a successful authentication waiting for active as refused (12.061041ms)
✔ a late native success after an account swap cannot release the returned account (7.910625ms)
✔ a native result arriving after logout is refused without relying on a background event (4.7815ms)
✔ a native result arriving after an account swap is refused without relying on a background event (8.39675ms)
✔ account swap restores a usable locked retry after an in-flight native authentication is refused (11.50575ms)
✔ account swap restores a usable locked retry after success waiting for active is refused (18.119125ms)
✔ unmount settles successful authentication waiting for active without a later lifecycle event (10.971792ms)
✔ native success arriving after unmount is refused and a fresh provider remains protected (10.541875ms)
✔ a genuine departure immediately after success and active asks again even while the visual reveal can still be running (4.858208ms)
✔ disabling lock refuses a late native success and keeps the setting off (36.543125ms)
✔ disabling lock refuses a success waiting for active and keeps the setting off (5.420667ms)
(node:88093) [MODULE_TYPELESS_PACKAGE_JSON] Warning: Module type of file:///Users/gabrielalmeidadias/Documents/Empresas/ProOps/DEV/Personal-ProOps-app/src/lib/lock-policy.test.ts is not specified and it doesn't parse as CommonJS.
Reparsing as ES module because module syntax was detected. This incurs a performance overhead.
To eliminate this warning, add "type": "module" to /Users/gabrielalmeidadias/Documents/Empresas/ProOps/DEV/Personal-ProOps-app/package.json.
(Use `node --trace-warnings ...` to show where the warning was created)
✔ trava desligada nunca tranca (3.2485ms)
✔ sem ter saído do app não tranca (0.42375ms)
✔ espera 0 tranca na hora — e `0` é falsy, que é onde isto quebra (0.05125ms)
✔ espera de 30s só tranca depois dos 30s (0.043209ms)
✔ UI do sistema aberta (arquivo, câmera, o próprio prompt) não tranca (0.044708ms)
✔ ligada, o app abre trancado (0.041375ms)
✔ só sucesso abre — desistir ou falhar mantém trancado (0.041792ms)
✔ celular sem bloqueio de tela não pode oferecer a trava (0.045834ms)
✔ a bandeira NÃO cai ao terminar quando o app saiu do primeiro plano (0.060875ms)
✔ a bandeira cai na hora quando o app nunca saiu do primeiro plano (0.07225ms)
✔ operação ainda em voo segura a bandeira dos dois lados (0.047ms)
✔ sem conta aberta não tranca — a porta é o login (0.033583ms)
✔ sair do app com a trava ligada cobre na hora — menos para a UI do sistema e sem conta (0.042958ms)
(node:88094) [MODULE_TYPELESS_PACKAGE_JSON] Warning: Module type of file:///Users/gabrielalmeidadias/Documents/Empresas/ProOps/DEV/Personal-ProOps-app/src/lib/money-field-fit.test.ts is not specified and it doesn't parse as CommonJS.
Reparsing as ES module because module syntax was detected. This incurs a performance overhead.
To eliminate this warning, add "type": "module" to /Users/gabrielalmeidadias/Documents/Empresas/ProOps/DEV/Personal-ProOps-app/package.json.
(Use `node --trace-warnings ...` to show where the warning was created)
✔ MoneyField fits all odometer houses inside the measured area at accessibility XL (158.446333ms)
✔ requested size is retained when it fits; compact widths and the 11-digit ceiling fit completely (111.493625ms)
✔ late native measurements from a previous scale cannot replace current metrics (42.853416ms)
✔ invalid and zero geometry never produces a nonfinite font size (0.185542ms)
(node:88095) [MODULE_TYPELESS_PACKAGE_JSON] Warning: Module type of file:///Users/gabrielalmeidadias/Documents/Empresas/ProOps/DEV/Personal-ProOps-app/src/lib/month-view.test.ts is not specified and it doesn't parse as CommonJS.
Reparsing as ES module because module syntax was detected. This incurs a performance overhead.
To eliminate this warning, add "type": "module" to /Users/gabrielalmeidadias/Documents/Empresas/ProOps/DEV/Personal-ProOps-app/package.json.
(Use `node --trace-warnings ...` to show where the warning was created)
✔ os quatro blocos têm título e a ordem é a da planilha (0.686459ms)
✔ o subtítulo monta o que existe e não deixa separador solto (0.102292ms)
✔ o percentual sai de pontos-base inteiros, inclusive nos extremos (0.050958ms)
✔ o corte por natureza traduz a chave crua do SQL; os outros usam o rótulo (0.0475ms)
✔ passado, presente e futuro pedem verbos diferentes para o mesmo caixa (0.052916ms)
✔ o aviso do horizonte fala mesmo quando nada foi gerado (0.081ms)
✔ parcela declarada sem lançamento: singular e plural (0.056584ms)
✔ a diferença entre resultado e caixa é explicada, e some quando não existe (8.394667ms)
✔ o herói mostra caixa quando ele existe e resultado quando não existe (0.11425ms)
(node:88096) [MODULE_TYPELESS_PACKAGE_JSON] Warning: Module type of file:///Users/gabrielalmeidadias/Documents/Empresas/ProOps/DEV/Personal-ProOps-app/src/lib/note-blocks.test.ts is not specified and it doesn't parse as CommonJS.
Reparsing as ES module because module syntax was detected. This incurs a performance overhead.
To eliminate this warning, add "type": "module" to /Users/gabrielalmeidadias/Documents/Empresas/ProOps/DEV/Personal-ProOps-app/package.json.
(Use `node --trace-warnings ...` to show where the warning was created)
✔ classifica os sete tipos de bloco (1.068458ms)
✔ a marcação não vaza para o texto (0.099541ms)
✔ divisória não é confundida com item de lista (0.082291ms)
✔ a primeira linha vira título — mas só se for parágrafo (0.169041ms)
✔ linha em branco não vira bloco, mas o índice continua o da linha original (0.078333ms)
✔ toggle marca e desmarca preservando o recuo (0.095375ms)
✔ toggle em linha que não é item não muda nada (0.063333ms)
✔ converter bloco preserva o texto (0.087375ms)
✔ reaplicar o mesmo tipo devolve o bloco a parágrafo (0.081125ms)
✔ converter para divisória e sair dela não inventa texto (0.119ms)
✔ lineAt encontra a linha do cursor (0.088ms)
✔ progresso conta só os itens marcáveis (0.586083ms)
✔ separarTitulo: parágrafo e "# título" viram título; lista não (0.221541ms)
✔ juntarTitulo desfaz separarTitulo — nada pula de campo ao reabrir (0.361083ms)
✔ juntarTitulo nunca deixa quebra de linha entrar no título (0.131959ms)
✔ Enter depois de um item abre o próximo do mesmo tipo (0.337667ms)
✔ Enter no meio da nota, no meio de um item, ou com autocorretor junto (0.133875ms)
✔ Enter num item vazio sai da lista (0.096834ms)
✔ fora de lista, colando várias linhas ou digitando letra, nada muda (0.091458ms)
(node:88097) [MODULE_TYPELESS_PACKAGE_JSON] Warning: Module type of file:///Users/gabrielalmeidadias/Documents/Empresas/ProOps/DEV/Personal-ProOps-app/src/lib/note-inline.test.ts is not specified and it doesn't parse as CommonJS.
Reparsing as ES module because module syntax was detected. This incurs a performance overhead.
To eliminate this warning, add "type": "module" to /Users/gabrielalmeidadias/Documents/Empresas/ProOps/DEV/Personal-ProOps-app/package.json.
(Use `node --trace-warnings ...` to show where the warning was created)
✔ as quatro marcas (1.633333ms)
✔ texto sem marcação sai inteiro, num span só (0.134542ms)
✔ marca no meio da frase (0.10075ms)
✔ aninha, e a ordem das marcas segue a de abertura (0.112375ms)
✔ duas marcas iguais na mesma linha não se confundem (0.087959ms)
✔ snake_case fica intocado — o `_` vem depois de letra e não abre (0.194542ms)
✔ multiplicação não vira negrito (0.093ms)
✔ delimitador solto é texto (0.073375ms)
✔ mono é literal: nada é interpretado lá dentro (0.136ms)
✔ `*negrito*` no começo da linha não vira item de lista (0.540334ms)
✔ `* leite` continua sendo item de lista, e o texto dele não tem marcação (0.075167ms)
✔ `***` continua divisória e `___` também (0.044792ms)
✔ marksAt aponta a marca sob o cursor, não a primeira igual da linha (0.068875ms)
✔ seleção vazia insere o par e deixa o cursor no meio (0.100166ms)
✔ envolve a seleção e devolve a seleção nova sobre o mesmo texto (0.042209ms)
✔ já envolvido, desfaz — virar negrito não é caminho de mão única (0.033458ms)
✔ o espaço das pontas fica FORA do delimitador (0.043292ms)
✔ seleção só de espaço não escreve nada (0.026291ms)
✔ o que toggleMark escreve, parseInline lê de volta (0.073292ms)
(node:88098) [MODULE_TYPELESS_PACKAGE_JSON] Warning: Module type of file:///Users/gabrielalmeidadias/Documents/Empresas/ProOps/DEV/Personal-ProOps-app/src/lib/notes-autosave.test.ts is not specified and it doesn't parse as CommonJS.
Reparsing as ES module because module syntax was detected. This incurs a performance overhead.
To eliminate this warning, add "type": "module" to /Users/gabrielalmeidadias/Documents/Empresas/ProOps/DEV/Personal-ProOps-app/package.json.
(Use `node --trace-warnings ...` to show where the warning was created)
✔ autosave: texto novo em nota existente grava (0.635583ms)
✔ autosave: nada mudou não vira requisição (0.098167ms)
✔ autosave: antes da hidratação nunca grava (a nota ainda está carregando) (0.072334ms)
✔ autosave: remontagem com estado zerado NÃO esvazia a nota — é o bug de 28/08 (0.073125ms)
✔ autosave: apagar o texto de propósito também não grava — apagar é a Lixeira (0.071291ms)
✔ autosave: nota em branco nunca é inserida (0.07175ms)
✔ autosave: nota que já estava vazia pode receber texto e continuar vazia sem gravar (0.071167ms)
✔ autosave: nota na lixeira não recebe mais nada (0.065375ms)
(node:88099) [MODULE_TYPELESS_PACKAGE_JSON] Warning: Module type of file:///Users/gabrielalmeidadias/Documents/Empresas/ProOps/DEV/Personal-ProOps-app/src/lib/notifications.test.ts is not specified and it doesn't parse as CommonJS.
Reparsing as ES module because module syntax was detected. This incurs a performance overhead.
To eliminate this warning, add "type": "module" to /Users/gabrielalmeidadias/Documents/Empresas/ProOps/DEV/Personal-ProOps-app/package.json.
(Use `node --trace-warnings ...` to show where the warning was created)
✔ abrir o app por uma notificação leva ao destino e LIMPA a resposta (55.395125ms)
✔ a abertura seguinte não repete a notificação antiga (6.672291ms)
✔ tocar com o app aberto também limpa — senão a próxima abertura voltaria para lá (7.528417ms)
(node:88100) [MODULE_TYPELESS_PACKAGE_JSON] Warning: Module type of file:///Users/gabrielalmeidadias/Documents/Empresas/ProOps/DEV/Personal-ProOps-app/src/lib/onboarding.test.ts is not specified and it doesn't parse as CommonJS.
Reparsing as ES module because module syntax was detected. This incurs a performance overhead.
To eliminate this warning, add "type": "module" to /Users/gabrielalmeidadias/Documents/Empresas/ProOps/DEV/Personal-ProOps-app/package.json.
(Use `node --trace-warnings ...` to show where the warning was created)
✔ only an explicit persisted completion skips initial preferences (0.589042ms)
✔ completion belongs to the current account, not the device (0.546917ms)
(node:88101) [MODULE_TYPELESS_PACKAGE_JSON] Warning: Module type of file:///Users/gabrielalmeidadias/Documents/Empresas/ProOps/DEV/Personal-ProOps-app/src/lib/onde-muda.test.ts is not specified and it doesn't parse as CommonJS.
Reparsing as ES module because module syntax was detected. This incurs a performance overhead.
To eliminate this warning, add "type": "module" to /Users/gabrielalmeidadias/Documents/Empresas/ProOps/DEV/Personal-ProOps-app/package.json.
(Use `node --trace-warnings ...` to show where the warning was created)
✔ conta que muda aparece; conta igual e "sem conta" não (1.717708ms)
✔ fica negativa: quando passa a ficar, ou fica MAIS CEDO (0.126125ms)
✔ conta que só existe no depois (recebe a primeira movimentação) aparece com antes nulo (0.057083ms)
✔ cartão: faturas antes → depois pelo vencimento, fatura nova conta do zero (0.163125ms)
✔ passa do limite: quanto; sem limite: nunca "passa", diz que não tem (0.076625ms)
✔ cartão que não muda não aparece; conta do tipo cartão no horizonte de contas não aparece (0.0565ms)
✔ contas antes dos cartões, na ordem em que vieram (0.068041ms)
✔ a frase do limite: passa agora, já estava acima (visto no staging, 29/09/2026) ou sem limite (0.114125ms)
✔ a frase do negativo: nova, mais cedo (visto no staging, 29/09/2026) ou a mesma de antes (0.114084ms)
(node:88102) [MODULE_TYPELESS_PACKAGE_JSON] Warning: Module type of file:///Users/gabrielalmeidadias/Documents/Empresas/ProOps/DEV/Personal-ProOps-app/src/lib/payment-method-fields.test.ts is not specified and it doesn't parse as CommonJS.
Reparsing as ES module because module syntax was detected. This incurs a performance overhead.
To eliminate this warning, add "type": "module" to /Users/gabrielalmeidadias/Documents/Empresas/ProOps/DEV/Personal-ProOps-app/package.json.
(Use `node --trace-warnings ...` to show where the warning was created)
✔ Pix fee input exposes a distinct label for assistive technology (45.831875ms)
✔ payment control emits an intentional clear while keeping its error and hint in Field (39.383042ms)
✔ series and purchase method switches preserve the incompatible origin and explain its identity (45.114ms)
✔ down payment can select card funding without changing its main payment draft (7.940125ms)
(node:88103) [MODULE_TYPELESS_PACKAGE_JSON] Warning: Module type of file:///Users/gabrielalmeidadias/Documents/Empresas/ProOps/DEV/Personal-ProOps-app/src/lib/payment-method-filters.test.ts is not specified and it doesn't parse as CommonJS.
Reparsing as ES module because module syntax was detected. This incurs a performance overhead.
To eliminate this warning, add "type": "module" to /Users/gabrielalmeidadias/Documents/Empresas/ProOps/DEV/Personal-ProOps-app/package.json.
(Use `node --trace-warnings ...` to show where the warning was created)
✔ opções de filtro incluem métodos canônicos e Não informado como valor próprio (1.068416ms)
✔ normalização deduplica e ordena sem modificar a seleção original (0.150417ms)
✔ normalização recusa valores desconhecidos, null e tentativa de condição SQL (0.342ms)
✔ normalização recusa array esparso em vez de abrir o recorte silenciosamente (0.543209ms)
✔ links aceitam lista por vírgula e parâmetros repetidos, com espaços e duplicatas (0.188583ms)
✔ links vazios significam ausência; valor inválido nunca significa Não informado ou todos (0.19225ms)
✔ link em array esparso é inválido como um todo, mesmo com método conhecido ao lado (0.068875ms)
✔ expressões fechadas distinguem ausência, null, múltiplos conhecidos e combinação (0.1305ms)
(node:88104) [MODULE_TYPELESS_PACKAGE_JSON] Warning: Module type of file:///Users/gabrielalmeidadias/Documents/Empresas/ProOps/DEV/Personal-ProOps-app/src/lib/payment-method-flow.test.ts is not specified and it doesn't parse as CommonJS.
Reparsing as ES module because module syntax was detected. This incurs a performance overhead.
To eliminate this warning, add "type": "module" to /Users/gabrielalmeidadias/Documents/Empresas/ProOps/DEV/Personal-ProOps-app/package.json.
(Use `node --trace-warnings ...` to show where the warning was created)
✔ purchase builder distinguishes omitted metadata from an intentional clear (0.812333ms)
✔ down payment preserves its own method instead of the financed method (0.523791ms)
✔ method travels between formats and save-and-create-another without changing accounting kind (0.121583ms)
✔ occurrence hydration and method-only future patch use the occurrence and update the series default independently (0.682959ms)
✔ purchase method-only edit is scoped and structural save keeps it (0.234208ms)
✔ structural purchase save uses the revision from the hydrated snapshot (0.079417ms)
✔ simulation and apply preserve method for each format (0.287417ms)
✔ write builders reject an unrecognized method rather than silently losing user intent (0.206709ms)
✔ legacy unknown reads stay unknown and cannot be confused with a recognized payment (0.075583ms)
✔ compatible funding choices preserve account identity and never mutate the selected origin (0.153041ms)
✔ canonical expense and own transfer destination use one primary with explicit fee instead of an unowned second line (0.127625ms)
✔ canonical destination excludes income fees and preserves omitted metadata (0.055542ms)
✔ canonical simulation does not guess a fee from Pix and card metadata (0.050959ms)
(node:88106) [MODULE_TYPELESS_PACKAGE_JSON] Warning: Module type of file:///Users/gabrielalmeidadias/Documents/Empresas/ProOps/DEV/Personal-ProOps-app/src/lib/phone-br.test.ts is not specified and it doesn't parse as CommonJS.
Reparsing as ES module because module syntax was detected. This incurs a performance overhead.
To eliminate this warning, add "type": "module" to /Users/gabrielalmeidadias/Documents/Empresas/ProOps/DEV/Personal-ProOps-app/package.json.
(Use `node --trace-warnings ...` to show where the warning was created)
✔ máscara progressiva acompanha a digitação (0.690291ms)
✔ fixo de 10 dígitos quebra o hífen num lugar diferente do celular (0.097083ms)
✔ DDI só é removido quando sobra número demais para ser nacional (0.080542ms)
✔ lixo e excesso não passam (0.090083ms)
✔ validade cobre o que o botão precisa saber (0.097375ms)
✔ E.164 e exibição saem da mesma normalização (0.087708ms)
✔ telefoneLegivel escreve o número brasileiro por partes, que quebram entre si (nunca "+553599874/4200") (0.093833ms)
(node:88107) [MODULE_TYPELESS_PACKAGE_JSON] Warning: Module type of file:///Users/gabrielalmeidadias/Documents/Empresas/ProOps/DEV/Personal-ProOps-app/src/lib/phone-link.test.ts is not specified and it doesn't parse as CommonJS.
Reparsing as ES module because module syntax was detected. This incurs a performance overhead.
To eliminate this warning, add "type": "module" to /Users/gabrielalmeidadias/Documents/Empresas/ProOps/DEV/Personal-ProOps-app/package.json.
(Use `node --trace-warnings ...` to show where the warning was created)
✔ aceita o mesmo usuário e telefone mesmo com formatos diferentes (0.585ms)
✔ recusa resposta do OTP que aponta para outro usuário (0.534333ms)
✔ recusa usuário sem telefone ou com outro número (0.070584ms)
(node:88108) [MODULE_TYPELESS_PACKAGE_JSON] Warning: Module type of file:///Users/gabrielalmeidadias/Documents/Empresas/ProOps/DEV/Personal-ProOps-app/src/lib/proximo-passo.test.ts is not specified and it doesn't parse as CommonJS.
Reparsing as ES module because module syntax was detected. This incurs a performance overhead.
To eliminate this warning, add "type": "module" to /Users/gabrielalmeidadias/Documents/Empresas/ProOps/DEV/Personal-ProOps-app/package.json.
(Use `node --trace-warnings ...` to show where the warning was created)
✔ a ordem: importar, projeção, lembrete, parcelada, nota (1.68225ms)
✔ importar leva à importação com o cartão já escolhido (0.177166ms)
✔ sem cartão não oferece importar a fatura nem compra parcelada (0.213542ms)
✔ o que já foi feito não volta, e sem passo aplicável é null (0.108417ms)
(node:88110) [MODULE_TYPELESS_PACKAGE_JSON] Warning: Module type of file:///Users/gabrielalmeidadias/Documents/Empresas/ProOps/DEV/Personal-ProOps-app/src/lib/purchase-write.test.ts is not specified and it doesn't parse as CommonJS.
Reparsing as ES module because module syntax was detected. This incurs a performance overhead.
To eliminate this warning, add "type": "module" to /Users/gabrielalmeidadias/Documents/Empresas/ProOps/DEV/Personal-ProOps-app/package.json.
(Use `node --trace-warnings ...` to show where the warning was created)
✔ useCreateInstallmentPlan: mesmo payload conserva a tentativa entre renders; outra montagem recebe chave propria (282.121416ms)
✔ useCreateInstallmentPlan: payload diferente recebe nova tentativa sem modificar o input (154.747125ms)
✔ useCreateInstallmentPlan: erro da RPC e falha de transporte preservam chave no retry (95.522958ms)
✔ useSaveDebt: mesmo payload conserva a tentativa entre renders; outra montagem recebe chave propria (139.715667ms)
✔ useSaveDebt: payload diferente recebe nova tentativa sem modificar o input (103.633167ms)
✔ useSaveDebt: erro da RPC e falha de transporte preservam chave no retry (186.124333ms)
✔ useAddPurchaseDownPayment: mesmo payload conserva a tentativa entre renders; outra montagem recebe chave propria (6.20075ms)
✔ useAddPurchaseDownPayment: payload diferente recebe nova tentativa sem modificar o input (1.869292ms)
✔ useAddPurchaseDownPayment: erro da RPC e falha de transporte preservam chave no retry (1.550833ms)
✔ useCreateInstallmentPlan: a chave tambem acompanha o valor/contrato quando a outra parte fica igual (77.729042ms)
✔ useSaveDebt: a chave tambem acompanha o valor/contrato quando a outra parte fica igual (69.685666ms)
✔ useAddPurchaseDownPayment: a chave tambem acompanha o valor/contrato quando a outra parte fica igual (1.226875ms)
✔ compra com entrada transmite somente contrato remanescente e os tres campos independentes da entrada (100.003209ms)
✔ compra sem entrada conserva conta, historico, estabelecimento e ultimo dia (138.917834ms)
✔ financiamento com/sem entrada conserva o contrato e nao cria debt_id/installment_plan_id na entrada (156.724ms)
✔ anexar entrada usa o parent escolhido e devolve o id da despesa sem editar o contrato (5.801709ms)
✔ editar divida preserva id e versao na consulta; nao cria parent nem grava entrada no contrato (150.76475ms)
✔ divida alterada por outra escrita recusa update vazio e nao cria parent como fallback (86.630459ms)
(node:88111) [MODULE_TYPELESS_PACKAGE_JSON] Warning: Module type of file:///Users/gabrielalmeidadias/Documents/Empresas/ProOps/DEV/Personal-ProOps-app/src/lib/push-routes.test.ts is not specified and it doesn't parse as CommonJS.
Reparsing as ES module because module syntax was detected. This incurs a performance overhead.
To eliminate this warning, add "type": "module" to /Users/gabrielalmeidadias/Documents/Empresas/ProOps/DEV/Personal-ProOps-app/package.json.
(Use `node --trace-warnings ...` to show where the warning was created)
✔ o fechamento abre O CICLO QUE FECHOU, não o corrente (1.078083ms)
✔ `ref` que não é mês é IGNORADO — a rota abre sem parâmetro (0.181792ms)
✔ `ref` nunca escolhe PARA ONDE se navega — só o `target` faz isso (0.075416ms)
✔ alvo fora da allowlist não navega (0.104208ms)
✔ `toString` não devolve uma FUNÇÃO para o router (0.077959ms)
✔ data ausente, vazio ou de tipo errado não navega (0.07775ms)
✔ os alvos que o servidor produz hoje todos resolvem (0.579417ms)
(node:88112) [MODULE_TYPELESS_PACKAGE_JSON] Warning: Module type of file:///Users/gabrielalmeidadias/Documents/Empresas/ProOps/DEV/Personal-ProOps-app/src/lib/push-targets-contract.test.ts is not specified and it doesn't parse as CommonJS.
Reparsing as ES module because module syntax was detected. This incurs a performance overhead.
To eliminate this warning, add "type": "module" to /Users/gabrielalmeidadias/Documents/Empresas/ProOps/DEV/Personal-ProOps-app/package.json.
(Use `node --trace-warnings ...` to show where the warning was created)
✔ os alvos de push do servidor e do app são exatamente os mesmos (1.384875ms)
✔ todo alvo que `target_for` devolve está na allowlist do app (0.169083ms)
✔ o fechamento de ciclo tem alvo próprio, e ele é `cycle` (0.107166ms)
✔ o `ref` só vira parâmetro de rota depois de passar por regex de mês (0.054ms)
(node:88113) [MODULE_TYPELESS_PACKAGE_JSON] Warning: Module type of file:///Users/gabrielalmeidadias/Documents/Empresas/ProOps/DEV/Personal-ProOps-app/src/lib/rascunho-no-ciclo.test.ts is not specified and it doesn't parse as CommonJS.
Reparsing as ES module because module syntax was detected. This incurs a performance overhead.
To eliminate this warning, add "type": "module" to /Users/gabrielalmeidadias/Documents/Empresas/ProOps/DEV/Personal-ProOps-app/package.json.
(Use `node --trace-warnings ...` to show where the warning was created)
✔ cada ocorrência vira uma linha com nome, e a parcela adiantada lê como dinheiro que fica (1.131458ms)
✔ o fechamento soma o efeito de antes no "comecei" e o de dentro em entrou/saiu (0.170542ms)
(node:88114) [MODULE_TYPELESS_PACKAGE_JSON] Warning: Module type of file:///Users/gabrielalmeidadias/Documents/Empresas/ProOps/DEV/Personal-ProOps-app/src/lib/rascunho.test.ts is not specified and it doesn't parse as CommonJS.
Reparsing as ES module because module syntax was detected. This incurs a performance overhead.
To eliminate this warning, add "type": "module" to /Users/gabrielalmeidadias/Documents/Empresas/ProOps/DEV/Personal-ProOps-app/package.json.
(Use `node --trace-warnings ...` to show where the warning was created)
✔ versão 2 volta como foi gravada; vazio grava texto vazio (0.743ms)
✔ formato estranho ou corrompido não quebra: vira vazio (0.076209ms)
✔ item estragado da versão 2 sai; o resto continua (0.08225ms)
✔ rascunho da versão 1 vira a versão 2 (0.146583ms)
✔ o motivo: a frase NOSSA passa, o texto cru do Postgres não (0.08025ms)
✔ F09 rascunho preserva UUID/null e descarta item com identidade inválida sem quebrar legado (0.194666ms)
(node:88115) [MODULE_TYPELESS_PACKAGE_JSON] Warning: Module type of file:///Users/gabrielalmeidadias/Documents/Empresas/ProOps/DEV/Personal-ProOps-app/src/lib/reabrir-ao-voltar.test.ts is not specified and it doesn't parse as CommonJS.
Reparsing as ES module because module syntax was detected. This incurs a performance overhead.
To eliminate this warning, add "type": "module" to /Users/gabrielalmeidadias/Documents/Empresas/ProOps/DEV/Personal-ProOps-app/package.json.
(Use `node --trace-warnings ...` to show where the warning was created)
✔ a folha só reabre depois de a tela ter saído do foco e voltado (1.177833ms)
(node:88116) [MODULE_TYPELESS_PACKAGE_JSON] Warning: Module type of file:///Users/gabrielalmeidadias/Documents/Empresas/ProOps/DEV/Personal-ProOps-app/src/lib/recurring-state.test.ts is not specified and it doesn't parse as CommonJS.
Reparsing as ES module because module syntax was detected. This incurs a performance overhead.
To eliminate this warning, add "type": "module" to /Users/gabrielalmeidadias/Documents/Empresas/ProOps/DEV/Personal-ProOps-app/package.json.
(Use `node --trace-warnings ...` to show where the warning was created)
✔ conversão encerra pelo corte antes da próxima mesmo com active preservado (0.578375ms)
✔ fim anterior a hoje encerra mesmo com next_run_at desatualizado (0.122208ms)
✔ fim hoje é inclusivo quando a próxima ainda cabe (0.083084ms)
✔ virada UTC não antecipa o fim no Brasil (0.084583ms)
✔ fim futuro com próxima válida mantém estado ativo ou pausado (0.083708ms)
✔ sem fim segue o estado persistido (0.083833ms)
✔ encerrada prevalece sobre pausa e erro antigo (0.090708ms)
✔ data pura da próxima mantém o dia local e timestamp inválido não inventa encerramento (0.08625ms)
(node:88117) [MODULE_TYPELESS_PACKAGE_JSON] Warning: Module type of file:///Users/gabrielalmeidadias/Documents/Empresas/ProOps/DEV/Personal-ProOps-app/src/lib/refresh-consistency.test.ts is not specified and it doesn't parse as CommonJS.
Reparsing as ES module because module syntax was detected. This incurs a performance overhead.
To eliminate this warning, add "type": "module" to /Users/gabrielalmeidadias/Documents/Empresas/ProOps/DEV/Personal-ProOps-app/package.json.
(Use `node --trace-warnings ...` to show where the warning was created)
✔ F06: padrões de categoria leem todas as páginas do workspace e não aceitam leitura incompleta (748.804ms)
✔ F06: edição de parcela exige as duas revisões e envia snapshot no comando idempotente (559.17375ms)
✔ F06: categoria salva configuração, rename e período numa única RPC e devolve contagem real (541.164541ms)
✔ F06: edição estrutural de compra não perde patch parcial nem muda nonce no retry (483.607583ms)
✔ F01: compra e taxa usam uma RPC atômica; perda da resposta repete a mesma intenção (316.413375ms)
✔ F01: edição envia a revisão lida e distingue método omitido de limpeza explícita (247.460167ms)
✔ F01: editar compra inteira envia forma e revisão e reutiliza a intenção no retry (229.824833ms)
✔ F01: duplicar deliberadamente depois do sucesso cria uma nova intenção (183.428375ms)
✔ F01: criação recorrente repete a intenção após perder resposta e renova após confirmação (177.430292ms)
✔ F01: editar juros consulta somente o vínculo explícito, mesmo com mesma conta e data (194.633667ms)
✔ F01: título de juros no pai não impede carregar sua taxa vinculada; filho explícito não procura outra taxa (183.673875ms)
✔ F01: linha filha de juros com título alterado não consulta como compra pai (174.704292ms)
✔ conversion retries after a committed response is lost reuse the request and result (168.175375ms)
✔ conversion shares concurrent identical intent but changes request for a new scope or entry (159.762542ms)
✔ converting a transaction to installments with an entry also keys response-loss retries (177.522333ms)
✔ settling a historical invoice refreshes history without realtime and invalidates inactive installment/report caches (177.758958ms)
✔ F09: save refreshes mounted category counts without realtime (184.225084ms)
✔ F09: resolved-save refreshes mounted category counts without realtime (181.255291ms)
✔ F09: resolved-cancellation refreshes mounted category counts without realtime (186.12875ms)
✔ financial mutation remains pending until active reads finish (183.592875ms)
✔ completed agent turn invalidates writable domains without relying on realtime (9.369542ms)
✔ every ledger mutation invalidates historical derived reads and search (192.147291ms)
✔ import create/approve/discard/update refresh batch history without waiting for realtime (240.2665ms)
✔ agent processing response preserves domain caches until completion (18.02625ms)
✔ criar conversa: onMutate volta a local para processing; onError marca failed, invalida a lista e abre o paywall (14.361875ms)
✔ realtime account change refreshes balances/forecast derived reads once per table (79.670875ms)
✔ native resume reloads fresh active data, skips disabled reads and does not fetch on initial active event (3.646834ms)
✔ native resume cancels an old inflight read before fetching current data (3.061792ms)
✔ realtime remount does not reuse a channel whose asynchronous removal is still pending (35.399084ms)
✔ 48 realtime row events coalesce and an event during refetch still gets a final fresh read (106.83475ms)
✔ Today routes an overdue invoice to invoice payment instead of writing its ID into transactions (15.90175ms)
✔ Today opens the pay confirmation for the standalone transaction and exposes pull to refresh (9.014375ms)
✔ mark paid rejects a zero-row write instead of reporting success (234.59425ms)
✔ toda chave de consulta financeira está em FINANCE_KEYS, ou tem motivo escrito (0.776292ms)
✔ a simulação é marcada velha na escrita, mas NÃO recalcula ali (o rascunho ainda tem a hipótese aplicada) (1.275083ms)
✔ excluir compra chama exclusão atômica de entrada e plano; erro do banco é propagado (217.635166ms)
✔ F07 hooks: consulta escopa workspace/data e resposta de outro workspace nunca vira reserva (28.927ms)
✔ F07 hooks: retry da escrita usa mesmo recibo e confirmação invalida a reserva (19.297625ms)
✔ F07 hooks: o dia validado pelo servidor não depende do fuso ou relógio do aparelho (28.975083ms)
✔ F07 hooks: resolução usa identidade original e cancelamento selado invalida a reserva sem gravar (20.740833ms)
✔ F08 hooks: one workspace RPC owns the complete horizon and previous query data is not a placeholder (28.68075ms)
✔ F10 hooks: versioned source/initial/date participates in key and the scoped complete RPC owns capacity (66.567666ms)
✔ F08 hooks: ambiguous outcomes do not invalidate a scenario; sealed cancellation and success do (23.56175ms)
✔ F08 fresh editor read preserves explicit workspace, draft and cancellation signal (26.334709ms)
(node:88118) [MODULE_TYPELESS_PACKAGE_JSON] Warning: Module type of file:///Users/gabrielalmeidadias/Documents/Empresas/ProOps/DEV/Personal-ProOps-app/src/lib/rrule-text.test.ts is not specified and it doesn't parse as CommonJS.
Reparsing as ES module because module syntax was detected. This incurs a performance overhead.
To eliminate this warning, add "type": "module" to /Users/gabrielalmeidadias/Documents/Empresas/ProOps/DEV/Personal-ProOps-app/package.json.
(Use `node --trace-warnings ...` to show where the warning was created)
✔ frequências simples (0.721667ms)
✔ dia do mês — a regra que a IA mais gera (0.135208ms)
✔ dias da semana (0.145208ms)
✔ intervalo maior que 1 (0.092917ms)
✔ aceita o prefixo RRULE: e ordem/caixa variadas (0.092166ms)
✔ o que não dá para interpretar volta cru, sem inventar (0.527667ms)
✔ último dia do mês não vira "todo dia -1" (0.082625ms)
(node:88119) [MODULE_TYPELESS_PACKAGE_JSON] Warning: Module type of file:///Users/gabrielalmeidadias/Documents/Empresas/ProOps/DEV/Personal-ProOps-app/src/lib/runtime-config.test.ts is not specified and it doesn't parse as CommonJS.
Reparsing as ES module because module syntax was detected. This incurs a performance overhead.
To eliminate this warning, add "type": "module" to /Users/gabrielalmeidadias/Documents/Empresas/ProOps/DEV/Personal-ProOps-app/package.json.
(Use `node --trace-warnings ...` to show where the warning was created)
✔ configuração do app config vence o fallback injetado pelo Metro (1.038292ms)
✔ fallback continua funcionando quando o app config ainda não tem a chave (0.113167ms)
(node:88120) [MODULE_TYPELESS_PACKAGE_JSON] Warning: Module type of file:///Users/gabrielalmeidadias/Documents/Empresas/ProOps/DEV/Personal-ProOps-app/src/lib/sealed-save.test.ts is not specified and it doesn't parse as CommonJS.
Reparsing as ES module because module syntax was detected. This incurs a performance overhead.
To eliminate this warning, add "type": "module" to /Users/gabrielalmeidadias/Documents/Empresas/ProOps/DEV/Personal-ProOps-app/package.json.
(Use `node --trace-warnings ...` to show where the warning was created)
✔ sealed controller coalesces a write with resolution and publishes immutable owned input (0.528167ms)
✔ unproven receipt keeps the exact UUID and payload until a confirmed retry (0.303084ms)
(node:88121) [MODULE_TYPELESS_PACKAGE_JSON] Warning: Module type of file:///Users/gabrielalmeidadias/Documents/Empresas/ProOps/DEV/Personal-ProOps-app/src/lib/search.test.ts is not specified and it doesn't parse as CommonJS.
Reparsing as ES module because module syntax was detected. This incurs a performance overhead.
To eliminate this warning, add "type": "module" to /Users/gabrielalmeidadias/Documents/Empresas/ProOps/DEV/Personal-ProOps-app/package.json.
(Use `node --trace-warnings ...` to show where the warning was created)
✔ tsquery: prefixo só no último termo (é o que faz buscar enquanto digita) (2.604042ms)
✔ tsquery: entrada vazia ou só pontuação vira string vazia, não query inválida (0.133875ms)
✔ tsquery: pontuação separa termos e não vaza para o operador (0.076458ms)
✔ tsquery: acento e maiúscula são preservados em minúscula (unaccent resolve no banco) (0.072417ms)
✔ tsquery: número entra como termo (0.087584ms)
✔ título é a primeira linha não vazia (0.7775ms)
✔ prévia não repete o título (0.120334ms)
✔ prévia e título não vazam a marcação de NENHUM bloco (0.115792ms)
✔ prévia não vaza a marcação do checklist (aparecia `- [x] leite - [ ] pão`) (0.101709ms)
✔ título de nota que começa com checklist mostra o texto, não a marcação (0.13275ms)
✔ o strip come a MARCAÇÃO, nunca o hífen que é texto (0.09575ms)
✔ prévia não repete a #tag, que já aparece na faixa de metadados (0.077542ms)
✔ prévia preserva # colado em palavra e cerquilha solta (não é tag) (0.081375ms)
✔ nome de pasta respeita o check do banco: lower, trim e 40 chars (0.134667ms)
✔ ilike: metacaractere do PostgREST vira espaço (`compra (mercado)` quebrava a query) (0.585209ms)
✔ ilike: acento, número e hífen sobrevivem (0.055625ms)
✔ ilike: só pontuação vira string vazia (0.04075ms)
✔ tag: acrescenta no fim e não duplica (nem trocando a caixa) (0.276875ms)
✔ tag: entrada suja vira tag válida, e o que o banco não reconhece é recusado (0.060542ms)
✔ tag: remover não deixa espaço duplo nem quebra o resto do texto (0.279542ms)
✔ tag: `#tag` colada em palavra não é tag (mesma regra do banco) (0.517083ms)
✔ prévia e título não vazam a marcação INLINE (`*negrito*`, `_itálico_`) (0.175875ms)
✔ o que não é marcação casada continua na tela (0.069167ms)
✔ notePreview com limite corta numa palavra inteira e marca o corte — a lista não vira a nota inteira (0.153959ms)
(node:88122) [MODULE_TYPELESS_PACKAGE_JSON] Warning: Module type of file:///Users/gabrielalmeidadias/Documents/Empresas/ProOps/DEV/Personal-ProOps-app/src/lib/serie.test.ts is not specified and it doesn't parse as CommonJS.
Reparsing as ES module because module syntax was detected. This incurs a performance overhead.
To eliminate this warning, add "type": "module" to /Users/gabrielalmeidadias/Documents/Empresas/ProOps/DEV/Personal-ProOps-app/package.json.
(Use `node --trace-warnings ...` to show where the warning was created)
✔ F06 série: leitura conserva snapshot do contrato ou ocorrência e legado não vira fixo (2.088541ms)
✔ F06 série: renomear conserva overrides; uma dimensão alterada publica seu par nas linhas e regra (1.3985ms)
✔ F06 série: mudança de previsibilidade propaga intenção mesmo quando contrato já tem o valor escolhido (0.12475ms)
✔ F06 série: converter gasto classificado em receita limpa os quatro campos (0.11275ms)
✔ F06 série: converter ocorrência legado em receita também limpa snapshot conhecido do contrato (0.105ms)
✔ Esta e as próximas: valor e vencimento mudados — o valor vai pelas linhas, o calendário pela regra (0.260667ms)
✔ Esta e as próximas sem mexer em nada não grava nada — nem o calendário vindo do WhatsApp (0.080125ms)
✔ Tipo, fim e "entra como pago" são da série; título e estabelecimento, das linhas (0.094375ms)
✔ A data do formulário é o vencimento da linha fora do cartão, e a compra no cartão (0.081708ms)
✔ A série no formulário: o próximo é o dia LOCAL, e a repetição sai da regra (0.351709ms)
✔ regra que o app não desenha fica própria: o formulário não a reescreve (0.14425ms)
✔ 30/09 continua dia 30 fixo sem a ação explícita de último dia (0.104334ms)
✔ calendário escolhe dia fixo até no dia 31; ação própria escolhe fim do mês (0.094208ms)
✔ Esta e as próximas numa ocorrência PAGA parte do próximo vencimento, não da data dela (0.240291ms)
✔ A data que o banco deslizou vira aviso; a mesma data, nada (8.288959ms)
✔ F09 snapshot da ocorrência substitui filho do contrato; patch difere omitido/null e alias (0.607208ms)
(node:88123) [MODULE_TYPELESS_PACKAGE_JSON] Warning: Module type of file:///Users/gabrielalmeidadias/Documents/Empresas/ProOps/DEV/Personal-ProOps-app/src/lib/session-gate.test.ts is not specified and it doesn't parse as CommonJS.
Reparsing as ES module because module syntax was detected. This incurs a performance overhead.
To eliminate this warning, add "type": "module" to /Users/gabrielalmeidadias/Documents/Empresas/ProOps/DEV/Personal-ProOps-app/package.json.
(Use `node --trace-warnings ...` to show where the warning was created)
✔ a primeira sessão resolvida é a abertura, não uma troca (0.643958ms)
✔ mesmo usuário (refresh de token, metadados do onboarding) passa direto (0.095875ms)
✔ entrar, sair e trocar de conta passam pela cortina (0.069333ms)
✔ sair cobre descendo e revela subindo até a capa do login (0.581625ms)
✔ troca direta de conta pode usar o botão; sem origem, desce do topo (0.678916ms)
✔ a tela antiga permanece visível enquanto a cortina chega; a nova só entra na revelação (0.602042ms)
✔ a origem lembrada vence depois de um tempo (0.217666ms)
✔ a abertura espera o teto curto, e o longo enquanto a trava pede a senha (0.091166ms)
✔ a marca fica um mínimo na tela, e não mais que isso (0.393291ms)
(node:88136) [MODULE_TYPELESS_PACKAGE_JSON] Warning: Module type of file:///Users/gabrielalmeidadias/Documents/Empresas/ProOps/DEV/Personal-ProOps-app/src/lib/settle-labels.test.ts is not specified and it doesn't parse as CommonJS.
Reparsing as ES module because module syntax was detected. This incurs a performance overhead.
To eliminate this warning, add "type": "module" to /Users/gabrielalmeidadias/Documents/Empresas/ProOps/DEV/Personal-ProOps-app/package.json.
(Use `node --trace-warnings ...` to show where the warning was created)
✔ receita se recebe, despesa se paga (1.07375ms)
✔ kind ausente cai no rótulo de despesa, não em texto vazio (0.109667ms)
✔ caixaLabels: receita CAI, despesa SAI (0.535958ms)
✔ receita não vence — ela é esperada (0.113875ms)
✔ no cartão a data é da fatura, e o rótulo diz isso (0.178084ms)
✔ fatura sem data ainda diz que é do cartão (0.066625ms)
✔ fora do cartão nada mudou (0.067875ms)
✔ nenhuma tela escreve "Paguei" à mão (14.677958ms)
✔ compra de cartão que já aconteceu não é previsto, mesmo pendente (0.119125ms)
✔ compra de cartão com data à frente continua previsto (0.087333ms)
✔ conta a pagar que venceu é ATRASADA, não prevista (0.054083ms)
✔ conta que vence hoje ainda é prevista — vencer hoje não é atrasar (0.044458ms)
✔ sem vencimento, quem decide é a data do lançamento (0.033625ms)
✔ receita que passou da data NÃO CAIU — ela não atrasa (0.030417ms)
✔ parcela de plano SEM cartão e com data passada lê atrasada (0.024875ms)
✔ lançamento efetivado não tem estado nenhum (0.026292ms)
✔ fora do cartão quem manda é o vencimento, mesmo com a data do lançamento à frente (0.034292ms)
(node:88137) [MODULE_TYPELESS_PACKAGE_JSON] Warning: Module type of file:///Users/gabrielalmeidadias/Documents/Empresas/ProOps/DEV/Personal-ProOps-app/src/lib/setup-steps.test.ts is not specified and it doesn't parse as CommonJS.
Reparsing as ES module because module syntax was detected. This incurs a performance overhead.
To eliminate this warning, add "type": "module" to /Users/gabrielalmeidadias/Documents/Empresas/ProOps/DEV/Personal-ProOps-app/package.json.
(Use `node --trace-warnings ...` to show where the warning was created)
✔ usuário novo tem os quatro passos abertos, e o último é conhecer o app (1.064208ms)
✔ telefone em branco não conta como WhatsApp ligado (0.112041ms)
✔ abrir o guia marca "Conhecer o app" (0.094ms)
✔ com tudo feito o progresso é completo (0.086333ms)
(node:88138) [MODULE_TYPELESS_PACKAGE_JSON] Warning: Module type of file:///Users/gabrielalmeidadias/Documents/Empresas/ProOps/DEV/Personal-ProOps-app/src/lib/simple-finance-ui.test.ts is not specified and it doesn't parse as CommonJS.
Reparsing as ES module because module syntax was detected. This incurs a performance overhead.
To eliminate this warning, add "type": "module" to /Users/gabrielalmeidadias/Documents/Empresas/ProOps/DEV/Personal-ProOps-app/package.json.
(Use `node --trace-warnings ...` to show where the warning was created)
✔ F01: título de juros no pai mantém campo e taxa no payload; vínculo explícito oculta campo da filha (104.790542ms)
✔ E se: Ver resultado funciona na primeira hipótese, com Adicionar mais uma disponível em paralelo (693.931541ms)
✔ E se: Adicionar mais uma prepara várias hipóteses sem fechar; Ver resultado inclui a última (634.727584ms)
✔ E se: adiantar vira UMA hipótese — o pagamento e um cancelamento por parcela, no dia de cada uma (494.87025ms)
✔ E se: trocar o mês do pagamento para depois das parcelas escolhidas DIMINUI a quantidade sozinho (333.868166ms)
✔ E se: editar uma entrada troca o valor e a forma no mesmo lugar da lista (250.554959ms)
✔ E se: Ver resultado depois de Somar não duplica a hipótese já adicionada (210.908083ms)
✔ new financing: Nome and Conta first, the name is required and the typed one is saved (91.547ms)
✔ "Total a pagar" divides by the count and saves the contract that the check accepts (83.7965ms)
✔ financiamento com entrada aceita 12 parcelas de um centavo sem comparar parcela com entrada (89.08075ms)
✔ financiamento com entrada conserva o piso de um centavo por parcela e rejeita valores inválidos (568.584125ms)
✔ paid history moves the anchor: the date asked is the NEXT one, and the first is derived (73.488166ms)
✔ history above the contract total settles on the total instead of blocking (22/09/2026) (75.9035ms)
✔ Dívidas: Editar e "Nova dívida" abrem o formulário único, e a dívida diz se tem passado (137.297583ms)
✔ editing the paid count keeps the contract calendar: the next date follows the anchor (74.328167ms)
✔ na ficha da dívida o Salvar pergunta só próximas ou todas: não há "esta" (28/09/2026) (74.653917ms)
✔ last-day choice from debt editor carries the due-day rule to future installments (70.604459ms)
✔ unchanged debt Save closes without asking and without writing (73.5825ms)
✔ long press on an active debt offers the full set, including delete for good (133.994208ms)
✔ archived debts have a place to come back from (130.079208ms)
✔ "Desfazer"/Desarquivar de uma dívida que já não existe não diz que ela voltou (127.189125ms)
✔ salvar a edição manda a versão que foi aberta, e a dívida que mudou no meio vira aviso (74.547166ms)
✔ without archived debts there is no empty "Arquivadas" row (131.495458ms)
✔ delete for good asks with the consequence first, then deletes (142.046166ms)
✔ a ficha da dívida é uma tela: Editar no topo e o resto no "…", com as ações do toque longo (287.349625ms)
✔ detalhe da dívida: "A seguir" começa na próxima, 20 por vez, e "Já pagas" vem da mais recente (152.6905ms)
✔ detalhe da dívida: juros de R$ 0,00 não viram linha vermelha; juros de verdade continuam (360.984375ms)
✔ por onde começar: dívida com juros ZERO diz "sem juros", como a linha dela (186.882709ms)
✔ editing the paid count of an OLD debt keeps the date its schedule shows (final review, 23/09/2026) (108.319833ms)
✔ editar com os pagamentos sem carregar diz por que o Salvar não liga, e tenta de novo (90.619125ms)
✔ as pagas não descem abaixo da maior parcela já paga pelo app (não só da contagem) (91.418709ms)
✔ diminuir as pagas de uma dívida com âncora nunca mostra uma próxima parcela no passado (129.06675ms)
✔ tocar no dia 28 de fevereiro escolhe dia fixo, e a ação explícita preserva fim do mês (208.173083ms)
✔ editing an OLD debt without its schedule loaded never invents an anchor (71.729708ms)
✔ detailed mode still exposes the financial inputs (73.806333ms)
✔ a debt without installments has no cadence, so it never demands a due day (69.294625ms)
✔ link antigo de Dívidas e Recorrentes (`?create=`, `?edit=`) abre o formulário único no lugar da lista (497.293125ms)
✔ aberto por link, como a primeira tela da pilha, fechar o formulário fica na lista (49.631541ms)
✔ e quem abriu o formulário PELA PRÓPRIA tela continua nela (50.114791ms)
✔ na ficha da dívida, pagar e fechar a folha fica na ficha — nada de voltar sozinho (134.902125ms)
✔ editing a legacy amortized financing preserves its mode and remaining-term semantics (72.053292ms)
✔ trocar cobrança de financiamento existente salva o modo e conserva o prazo restante (151.587166ms)
✔ trocar cobrança e valor com pagamento registrado não oferece reescrever o passado (78.2305ms)
✔ visible invoice settlement confirms then marks paid without issuing an account payment (46.067791ms)
✔ the docked card carries the invoice summary and the explaining lines (44.354875ms)
✔ Fatura: tudo que se faz com ela se desfaz — pagamento, quitar à mão e adiar (130.119167ms)
✔ a paid invoice does not expose settlement or payment buttons (62.188792ms)
✔ an asset with a valid name but no value cannot be saved (25.493041ms)
✔ Lançamentos abre julho pelo mês civil para incluir um vencimento de 31/07 em julho (325.064584ms)
✔ Lançamentos mantém Lançar no header sem cobrir a recorrência calculada (101.429917ms)
✔ Lançamentos com as bordas do período falhando mostra o erro, não um esqueleto eterno (93.176834ms)
✔ o "Tentar de novo" do período refaz as BORDAS, não o resumo buscado com o palpite (103.045042ms)
✔ Lançamentos com o período resolvido desenha o resumo, sem erro (89.602375ms)
✔ Lançamentos: a prevista mora na lista, no dia dela, e o toque a abre (28/09/2026) (90.874125ms)
✔ Lançamentos mostra a falha na leitura dos registros reais, mesmo com previstas (88.7925ms)
✔ Lançamentos mostra só uma falha quando a consulta das previsões falha (90.602208ms)
✔ Orçamentos com as bordas falhando avisa em "Sem limite", em vez de sumir com a seção (12.904208ms)
✔ Orçamentos com o período resolvido não mostra falha nenhuma (13.891708ms)
✔ Financeiro com as bordas falhando mostra o erro no herói, não um esqueleto eterno (37.554708ms)
✔ o "Tentar de novo" do herói refaz as bordas e nunca o resumo sem elas (39.052ms)
✔ trocando de mês, com as bordas ainda chegando, o herói espera em vez de desenhar zero (41.459209ms)
✔ Financeiro segura a primeira pintura enquanto as bordas do mês ANTERIOR chegam (90.282167ms)
✔ Financeiro com o período resolvido não mostra falha nem esqueleto no herói (42.903042ms)
✔ Hoje: o atrasado aparece no Seu dia e o botão dá baixa no lançamento certo, depois de confirmar o valor (72.371208ms)
✔ Hoje: "Recebi" pergunta quanto ENTROU; numa série, outro valor pode valer para as próximas (89.206875ms)
✔ Hoje: fatura atrasada leva para a fatura, nunca dá baixa de lançamento (77.734458ms)
✔ Hoje: compra que vai cair no cartão aparece nos próximos dias e abre a fatura (62.603083ms)
✔ Hoje: usuário novo vê os Primeiros passos (56.911417ms)
✔ Hoje: com os passos todos feitos o card não aparece (57.535667ms)
✔ Hoje: o Próximo passo espera os Primeiros passos acabarem (54.877667ms)
✔ Hoje: com os Primeiros passos feitos aparece o Próximo passo, e ele leva ao lugar (53.008458ms)
✔ Hoje: falha nas contas mostra o erro no Seu dia, e o "Tentar de novo" refaz as contas (57.310458ms)
✔ Hoje: dia sem nada diz "Nada para hoje" num vazio COMPACTO — o resto da tela continua embaixo (114.909834ms)
✔ Hoje: os blocos vão DIRETO para a cascata — um Fragment vazio era um vão de 24dp (52.164625ms)
✔ Hoje: cada leitura do card do dinheiro que falha aparece, e o "Tentar de novo" refaz só ela (53.613791ms)
✔ Hoje: sem o ciclo e sem próxima entrada, o card não inventa "1 dia" (52.625584ms)
✔ Hoje: sem as contas, os próximos dias dizem que falharam em vez de mostrar só o cartão (52.995166ms)
✔ Hoje: o que pede atenção mora no Seu dia e no card do dinheiro, cada um com o seu destino (54.300917ms)
✔ Hoje: lembrete que ficou de outro dia diz a data dele; o de hoje tem o AGORA antes (65.88575ms)
✔ Hoje: o dinheiro vem por dia, com o livre total na legenda, e tocar abre o menu de sempre (122.849833ms)
✔ Hoje: falha no dinheiro do dia diz que falhou, e o "Tentar de novo" refaz só ele (55.74575ms)
✔ Hoje: as notas fixadas aparecem; sem fixada, as últimas; e tocar abre a nota (241.304542ms)
✔ Hoje: "Em conta" soma exatamente as linhas que mostra, e cartão fica de fora (103.104959ms)
✔ Hoje: tocar numa conta abre o extrato DELA (95.872292ms)
✔ Hoje: falha nos saldos diz que falhou e refaz só os saldos (59.911625ms)
✔ Hoje: sem conta nenhuma a linha "Em conta" não afirma R$ 0,00 (66.002ms)
✔ Hoje: a semana vem no topo — três dias para trás pela régua do "saiu hoje", hoje no meio (52.660583ms)
✔ Hoje: a semana sem o gasto — ou sem os próximos dias — diz que falhou, e refaz só o que falhou (139.760334ms)
✔ Hoje: sem "por dia" a semana não desenha régua (66.488584ms)
✔ Financeiro: os atalhos do mosaico levam aos mesmos destinos de antes (64.426709ms)
✔ Financeiro: Entra e Sai abrem o ciclo filtrado pelo lado (51.853ms)
✔ Financeiro: o FAB continua oferecendo as três formas de lançar (39.104083ms)
✔ Hoje tablet reuses its real blocks and retains their destinations (58.315541ms)
✔ Financeiro tablet keeps the cycle, analysis and all management actions (39.598333ms)
✔ Cartões: "Importar fatura" se alcança com o DEDO (toque longo), não só pelo leitor de tela (13.301583ms)
✔ Importar: no Free o aviso do Pro É a etapa — sem conta, sem arquivo, "Ver planos" leva ao paywall (19.98675ms)
✔ Importar: enquanto o plano carrega, esqueleto — o botão não nasce ligado para o aviso entrar depois (16.626834ms)
✔ Importar: ?conta= de uma conta da pessoa já nasce escolhida e o arquivo está liberado (18.2425ms)
✔ Importar: ?conta= que não é da pessoa é ignorado — nada pré-escolhido, o arquivo espera a conta (16.048125ms)
✔ Lembretes: arrastar à direita pausa (até o fim, com Desfazer), à esquerda apaga (17.4255ms)
✔ Lançamentos: pendente arrasta Paguei à direita; efetivado arrasta Editar; Apagar à esquerda (170.29325ms)
✔ Paguei confirma valor e baixa numa única escrita, inclusive com correção (191.42825ms)
✔ Financeiro: o último lançamento arrasta Editar e Apagar (Ver detalhe é o toque) (44.843125ms)
✔ Fatura: a compra arrasta Editar e Apagar (38.378333ms)
✔ Contas: a conta arrasta Editar e Arquivar (Ver extrato é o toque) (42.703792ms)
✔ Projeção: a conta prevista arrasta Paguei à direita; Editar mora no Mais (a esquerda só tira da lista) (168.787959ms)
✔ Regras: a regra arrasta Editar e Apagar (16.748583ms)
✔ Dívidas: arrasta Pagar parcela à direita; Arquivar à esquerda vai até o fim (tem Desfazer) (113.743ms)
✔ Cartões: fatura aberta arrasta Importar fatura à direita e Arquivar à esquerda (8.797833ms)
✔ Cartões: "Paguei" abre a fatura já no pagamento, não só a fatura (11.013208ms)
✔ Recorrentes: arrasta Pausar (até o fim, com Desfazer) e Apagar; o resto no Mais (38.537ms)
✔ Metas: arrasta Guardar à direita e Arquivar à esquerda (74.720875ms)
✔ Nota: arrasta Fixar à direita e Arquivar à esquerda (os dois até o fim); o resto no Mais (11.654125ms)
✔ Nota colorida: o cartão INTEIRO é da cor, e sem cor própria herda a da pasta (44.277958ms)
✔ Pasta: arrasta Fixar à direita e Arquivar à esquerda (os dois até o fim); o resto no Mais (14.795292ms)
✔ Lixeira: Restaurar à direita, Apagar de vez à esquerda (Ver conteúdo é o toque) (17.896583ms)
✔ Arquivadas das notas: Desarquivar à direita, apagar à esquerda (21.385875ms)
✔ Conversa: arrasta Renomear à direita e Apagar à esquerda (2.880125ms)
✔ Importação: arrasta só Apagar registro à esquerda (retomar é o toque) (21.759ms)
✔ Orçamento: arrasta Editar limite à direita; o resto no Mais (12.933458ms)
✔ Aporte: no extrato da meta arrasta Apagar à esquerda, e ele confirma antes de mover dinheiro (66.2545ms)
✔ Parcelada: arrasta Editar a compra à direita e Apagar a compra inteira à esquerda; o resto no Mais (123.7005ms)
✔ Lançamentos: o valor da linha não encolhe a fonte (95.32475ms)
✔ Row: extrato deixa dinheiro quebrar de linha sem herdar ajuste de fonte do trailing (6.110417ms)
✔ Row: fonte de acessibilidade reserva uma linha completa antes de ajustar dinheiro grande (2.876792ms)
✔ Paywall: no plano que a pessoa já tem, o botão não oferece dias grátis (5.654875ms)
✔ Ciclo: dentro de cada grupo, do mais recente para o mais antigo, e 20 por vez com "Ver mais" (91.3565ms)
✔ Importar: a prévia desenha cada grupo aos poucos, e "Marcar todos" continua valendo para o grupo inteiro (16.833125ms)
✔ Importar: a linha se edita antes de importar — título, tipo e categoria (20.72375ms)
✔ Importar: "Está no app e não veio no arquivo" vem do mais recente para o mais antigo, aos poucos (18.6285ms)
✔ Projeção: "Atrasado" e os meses aparecem aos poucos, com "Ver mais" (317.819792ms)
✔ Recorrentes: cada seção aparece aos poucos, com "Ver mais" (44.894125ms)
✔ Metas: o extrato vem aos poucos, e o total do mês continua sendo o do mês inteiro (77.901292ms)
✔ Parcelada aberta: "A seguir" a partir da próxima, e "Pagas" da mais recente para a mais antiga (117.324375ms)
✔ Regras: a lista vem aos poucos, com "Ver mais" (19.403666ms)
✔ Categoria: a folha de "Todas…" mostra aos poucos, e a busca recomeça (186.268208ms)
✔ Lembretes: vêm do servidor em páginas; "Ver mais" busca a próxima (17.600958ms)
✔ Alertas e importações: o servidor manda 20; "Ver mais" pede mais 20 (31.609208ms)
✔ Notas arquivadas: com mais no servidor, "Ver mais" busca a próxima página (21.791666ms)
✔ Arquivadas: segurar a pasta apaga (com confirmação), segurar a nota manda à lixeira (23.19925ms)
✔ Hoje: muito atrasado vira UMA linha que abre no lugar, aos poucos, com "Ver mais" (56.637125ms)
✔ Busca: em "Tudo" cada tipo mostra 5 e "Ver mais" abre o tipo; dentro dele, "Ver mais" pede mais 20 (11.953834ms)
✔ Contas: dentro de cada seção, a conta mais recente primeiro (47.91775ms)
✔ Faturas: fatura FUTURA sem compra nenhuma não aparece em "Próximas faturas" (31.068583ms)
✔ Dinheiro não encolhe por padrão; encolhe só onde o bloco tem geometria fixa (24/09/2026) (14.4065ms)
✔ Importações: apagar o registro diz o que fica no financeiro sem "Os 0 lançamentos" (71.291083ms)
✔ Orçamentos: "Sem limite definido" mostra 5 e o resto vem pelo "Ver mais" (era corte calado) (13.315166ms)
✔ Últimos lançamentos: a linha recebe o toque do Link do iOS (24/09/2026) (2.0975ms)
✔ Todo filho de ItemLink repassa o onPress que o Link do iOS injeta (0.849834ms)
✔ Row: fonte máxima e painel estreito conservam título e valor dentro da largura medida (10.60225ms)
✔ Lançamentos: a linha diz a data da COMPRA, nunca o vencimento da fatura (24/09/2026) (109.354667ms)
✔ Lista principal vazia com seção secundária: a secundária em cima e o vazio COMPACTO embaixo (363.74675ms)
✔ Hoje: a dica do painel mora no card do dinheiro, e tocar no valor a encerra (46.11725ms)
✔ Hoje: sem conta na tela, a dica das contas não é montada (45.117083ms)
✔ Lançamentos: a dica do arrasto aponta para a primeira linha, e some com a lista vazia (147.269875ms)
✔ Guia: "Mostrar" de um gesto acende a dica e leva à tela dela (3.361833ms)
✔ Guia: item sem dica só leva à tela, sem acender nada (2.152125ms)
✔ Notas: a dica do arrasto aparece com notas na tela, e some com a lista vazia (46.86275ms)
✔ Notas: o arquivado tem porta no fim da aba, com a contagem, e ela some sem nada arquivado (47.0315ms)
✔ Card: os filhos têm respiro entre si — o texto e o botão não colam (design.md §2) (1.249666ms)
✔ Dívidas: parcela fixa paga com outro valor conta uma parcela e diz o encargo; fora do limite o botão espera (108.126625ms)
✔ Dívidas: "Usar este valor nas próximas" muda o contrato ANTES de pagar, e a parcela sai inteira no valor novo (120.924875ms)
✔ a prestação da agenda abre A dívida dela, na Hoje e na Projeção — não a lista (203.276834ms)
✔ Lançamento de parcela de dívida: embaixo do total, a parcela + o encargo; e o vínculo com a dívida (193.882416ms)
✔ Agente: as conversas recentes não desenham texto nem esqueleto enquanto carregam (7.634375ms)
✔ Financeiro: carregando o período, o rótulo do herói é forma — "Atualizando período" saiu (69.042625ms)
✔ Financeiro: com a série do mês chegando, Entra e Sai não deixam o rótulo sobre um vazio (73.992375ms)
✔ Orçamentos: com os limites chegando, nem o rótulo do destaque nem "Sem limite definido" (24.622833ms)
✔ Busca: na primeira busca, só o esqueleto até as três responderem — nada de seção pela metade (26.12975ms)
✔ Financeiro: a série do mês falhando mostra o erro no herói e refaz a série — nunca "R$ 0,00" (35.954125ms)
✔ Orçamentos: o resumo chegando não segura a tela — só "Sem limite definido" espera ele (9.196583ms)
✔ Notas: "Nova pasta" no "…" abre a folha ali mesmo, com e sem pastas, e o cabeçalho não leva botão (50.502666ms)
✔ Nova pasta: cria com o nome normalizado, recusa nome repetido e, dentro de uma pasta, cria subpasta (35.918834ms)
✔ Contas: ?create=1 abre "Nova conta" direto, e fechar ou salvar devolve para quem abriu (71.618959ms)
✔ Cadastrar conta ou cartão, de qualquer tela, abre o formulário já no tipo certo (48.09775ms)
✔ Parcelada sem conta: editar o nome salva sem exigir conta; com conta, a conta continua obrigatória (216.576417ms)
✔ Orçamentos: a categoria do limite é o seletor de categorias, com as do usuário e a que já veio (12.028125ms)
✔ Apagar lançamento: a recusa do banco aparece com a frase dele, a falha de rede segue genérica (112.84025ms)
✔ Dívida: tocar numa parcela paga abre o lançamento; numa futura, a tela da parcela (114.68875ms)
✔ Parcela da dívida: a próxima mostra valor e vencimento, e "Paguei esta parcela" volta para pagar (13.809417ms)
✔ Parcela antiga apenas declarada conserva seu valor no detalhe após editar parcelas futuras (6.375334ms)
✔ Contas: ?edit=<id> abre a edição daquela conta, com o título do tipo, e fechar devolve (40.543ms)
✔ Carteira: o cartão escolhido se edita e um novo se cria ali mesmo (0.18425ms)
✔ Fatura: "+" cria compra NESTE cartão; o "…" edita o cartão e leva às faturas dele (37.43575ms)
✔ Lançamentos de uma conta: o "…" edita a conta, e Lançar e Importar já vão para ela (78.789916ms)
✔ Hoje: "Lançar" cria lançamento, lembrete ou nota ali mesmo (48.440333ms)
✔ Organizar pastas: sem criar; Renomear abre a folha da pasta, que salva sem mexer na pasta-mãe (21.9375ms)
✔ Pasta: o "…" renomeia na folha da pasta e move sem ir a Organizar pastas (23.207125ms)
✔ Série: editar tem os campos da criação, e só o calendário mexido vai com regra e vencimento (752.949375ms)
✔ Dívida de parcela fixa também tem "Tipo" (e grava o escolhido) (66.097ms)
✔ Organizar pastas: "Sem pasta" abre as notas soltas (a aba Notas) (13.256708ms)
✔ Editar a compra: as já pagas se editam, o número muda com parcela paga, e data e conta só prendem pela fatura (224.273708ms)
✔ Dívidas: o "Paguei" tem a data do pagamento, e ela vai para o banco (110.323167ms)
✔ Orçamento: editar muda AQUELE limite — a categoria também, pela chave de quando abriu (9.99475ms)
✔ Conta: com lançamentos, o tipo só troca na mesma família; editando o cartão, os dias refazem as faturas abertas (38.445583ms)
✔ Dívida arquivada: Desarquivar à direita, Apagar por completo à esquerda (109.944208ms)
✔ Arquivados (contas, cartões, metas, bens): Desarquivar à direita, Apagar à esquerda, e apagar confirma (2.817875ms)
✔ Editar a conta abre no saldo ATUAL e grava a diferença no inicial (28/09/2026) (36.165917ms)
✔ Histórico de alertas: não lido até a pessoa marcar; Lida à direita, Limpar à esquerda, e o menu faz todas (11.910125ms)
✔ Ciclo aberto pela Projeção com um adiantamento: o pagamento e a parcela que deixa de sair entram na lista, sem salvar (82.894083ms)
✔ Ciclo aberto de outro lugar não usa o rascunho do aparelho (83.354166ms)
✔ Projeção: com hipótese no rascunho, o erro da simulação aparece na linha; ela arrasta Aplicar e Tirar (149.228583ms)
✔ Rascunho da versão 1: a parcelada sem conta não aplica (o formulário ficaria sem a conta); o adiantamento nunca aplica (313.115958ms)
✔ Recorrente aberta pelo Aplicar: conta e frequência chegam, e salvar tira a hipótese PELO ID (123.40325ms)
✔ Financiamento aberto pelo Aplicar: parcela, parcelas, conta e a próxima parcela preenchidas; salvar tira a hipótese (68.310916ms)
✔ Ciclo pela Projeção com hipótese: lê por simular e marca a linha que veio dela (86.562417ms)
✔ Ciclo com hipótese: leitura que falhou DENTRO do simular mostra o erro, não esqueleto para sempre (81.535042ms)
✔ Desfazer o "Tirar" devolve SÓ o que saiu — não traz de volta o que saiu depois (já aplicado) (165.399916ms)
✔ Projeção mês a mês: os dois "hoje" dizem o que são, e o rodapé nomeia o fim real do horizonte (150.383084ms)
✔ Dinheiro de DESTAQUE (money, heroMoney) encolhe sozinho: ocupa a linha e não tem para onde descer (19.234834ms)
✔ Hipótese que o banco recusou: a linha diz o motivo NOSSO e nunca o texto cru do Postgres (135.2645ms)
✔ E se: no teto de 30 hipóteses, "Nova hipótese" diz o limite em vez de abrir a folha (133.234708ms)
✔ E se: o erro da simulação ANTERIOR não aparece enquanto a nova calcula (o índice já mudou) (144.930583ms)
✔ Folha da hipótese: Sai oferece as quatro formas; Entra só "Uma vez" e "Repete"; financiamento sem cartão (31.305458ms)
✔ Onde muda: conta negativa, cartão acima do limite e cartão sem limite, cada um com a frase (13.838542ms)
✔ E se: UM botão "Nova hipótese"; nada de "Adicionar como…" nem "Aplicar todas" (181.037792ms)
✔ E se: a linha da hipótese aplica pelo formulário com tudo e tira PELO ID (177.021417ms)
✔ E se: as hipóteses completas vão à simulação com o detalhe por conta; a incompleta não (165.479416ms)
✔ E se: com hipótese, "Onde muda" aparece com as contas que mudam e leva ao detalhe (163.408833ms)
✔ E se: rascunho da versão 1 no aparelho continua abrindo; a parcelada sem conta pede a conta (162.904875ms)
✔ E se: a folha cria a hipótese com conta, forma e data, e "Ver resultado" só com ela completa (231.151042ms)
✔ E se: "Ver o ciclo" leva as hipóteses pelo aparelho, não pela rota (164.589625ms)
✔ Detalhe da hipótese — conta: hoje, menor (e o dia) e fim, antes → depois; e as hipóteses dela (66.59225ms)
✔ Detalhe da hipótese — cartão sem limite: diz e oferece cadastrar; com limite estourado: quanto (207.487666ms)
✔ Detalhe da hipótese — conta que não existe mais, rascunho vazio e erro da leitura (129.040833ms)
✔ E se: só com hipótese incompleta nada é simulado e o "Onde muda" não fica em esqueleto (revisão final) (294.086625ms)
✔ Aplicar recorrente e financiamento abre o formulário único no tipo certo, com a hipótese nos corpos (60.12025ms)
✔ Hoje: o Seu dia mostra a MESMA contagem da aba — é dele que o número fala (48.720875ms)
✔ FormularioDaSerie: cria, e "Salvar e criar outro" avisa o hospedeiro sem fechar (249.881334ms)
✔ FormularioDaSerie: editando com a série ainda não carregada, espera — nunca vira criação (234.2225ms)
✔ FormularioDaDivida: o comum vira Nome, Conta que paga e Valor da parcela; criar outro avisa o hospedeiro (70.831792ms)
✔ FormularioDaDivida: editando com a dívida ainda não carregada, espera — nunca vira criação (144.715958ms)
✔ FormularioDaDivida: convertendo, Salvar entrega o financiamento ao hospedeiro com as pagas SEM a linha convertida (64.582834ms)
✔ F01: detalhe da taxa encaminha edição à compra e não cria taxa avulsa pelo menu (57.843167ms)
✔ F01: o link da hipótese entrega a forma de pagamento ao formulário único (31.563875ms)
✔ F01: aplicar hipótese de financiamento conserva a forma no inicializador específico (31.000459ms)
✔ F01: financiamento conserva a forma entre formatos e grava o padrão do contrato (78.986ms)
✔ F01: trocar a forma em financiamento não apaga campos; origem incompatível impede gravação (78.998291ms)
✔ Formato do lançamento: abre as três escolhas acessíveis e devolve a escolha ao recolher o menu (17.733459ms)
✔ Formato do lançamento: a opção escolhida e o controle fecham sem solicitar mudança (44.992166ms)
✔ Formato do lançamento: cada alternativa devolve seu tipo ao hospedeiro (42.334708ms)
✔ Formato do lançamento: a escolha muda imediatamente uma vez, sem aguardar o menu (39.857459ms)
✔ Formato do lançamento: pode reabrir logo após escolher e mudar novamente, sem escolhas duplicadas (13.914167ms)
✔ Campos da série: Tipo mantém o padrão de confirmação da criação e o escolhido na edição (78.203166ms)
✔ Campos da série: Repete preserva campos e marca apenas a agenda que foi alterada (34.93825ms)
✔ Campos da série: fechar Tipo pela opção atual preserva a confirmação escolhida na criação (89.073375ms)
✔ Campos da série: fechar Repete pela frequência atual não refaz a agenda na edição (116.860208ms)
✔ Lançar: abre no tipo pedido, o seletor troca o corpo e leva os campos comuns (32.372083ms)
✔ Lançar: voltar a um tipo devolve TUDO que foi digitado nele, não só os campos comuns (29.878ms)
✔ Lançar: "Salvar e criar outro" remonta o corpo limpo, mantendo tipo, conta e data (32.975125ms)
✔ Lançar: editando e trocando o tipo, o salvar PERGUNTA o alcance e converte; voltar ao tipo original é edição comum (65.351667ms)
✔ Lançar: converter Só esta em financiamento abre a nova ficha e remove o detalhe antigo da pilha (36.487375ms)
✔ Lançar: cada alcance bem-sucedido abre a série de resultado, inclusive Manter (136.872958ms)
✔ Lançar: parcelada convertida abre um lançamento do resultado, e não o ID do plano (33.822375ms)
✔ Lançar: a dívida CARREGADA com parcela paga tem passado, mesmo com `passado=0` na rota (30.8565ms)
✔ Lançar: a conversão que o banco recusa mostra a frase dele e não fecha (32.104833ms)
✔ Lançar: editando um lançamento, o corpo é o que espera o registro; a opção destrutiva confirma antes (29.814041ms)
✔ Lançar: o "Aplicar" de uma compra parcelada abre "Uma vez" com as parcelas dela; sem parcelas, à vista (64.051291ms)
✔ Lançar: o estabelecimento viaja entre os tipos e a série nasce com ele (160.062292ms)
✔ Lançar: convertendo um lançamento PAGO em financiamento, "Parcelas já pagas" avisa que ele já conta (287.746875ms)
✔ Lançar: converter de novo enquanto a primeira conversão está no banco não grava duas vezes, e os corpos esperam (34.849834ms)
✔ Lançar: com "salvando" do hospedeiro, a série e a dívida desligam Salvar e "Salvar e criar outro" (833.459084ms)
✔ Lançar: os três corpos têm a MESMA moldura na tela — calha, largura, laterais e pé seguros (5.211833ms)
✔ Lançar: os formatos entram completos numa moldura comum sem fade independente do formulário (145.043417ms)
✔ Toda entrada de criar/editar lançamento, recorrente e dívida abre o formulário único (55.115208ms)
✔ Links antigos continuam abrindo o formulário certo (2.501375ms)
✔ Lançar: link sem `papel` (o antigo, a Projeção) usa o do próprio lançamento na conversão (52.286042ms)
✔ Categorias: uso e cor, cria pelo "+" e oferece detalhes e edição no toque (19.205833ms)
✔ Categorias: apagar diz quantos lançamentos ficam sem categoria e quantos orçamentos saem (22.399375ms)
✔ Folha de categoria: renomear para um nome que existe pergunta antes de juntar, e só junta com o sim (34.033833ms)
✔ Folha de categoria: sem nome não salva; criando um nome que já existe, conserva a aparência dela (31.690292ms)
✔ F06 categoria: padrões independentes salvam com CAS e só novos cadastros não pede histórico (55.699167ms)
✔ F06 categoria: nome existente adota configuração própria e aparência externa não prova padrões (69.245833ms)
✔ F06 categoria: histórico parcial, impossível ou invertido impede salvar (143.242625ms)
✔ F06 categoria: confirma período, explica manuais e anuncia contagem real do backfill (32.181166ms)
✔ F06 categoria: erro conserva rascunho e intenção; alteração do payload gera nova intenção (37.422667ms)
✔ F06 categoria: juntar descarta backfill, explica receptor e reusa intenção de merge no retry (32.422084ms)
✔ Seletor de categoria: chips com ícone e cor, "Nova" cria e já escolhe, "Gerenciar categorias" leva à tela (454.996292ms)
✔ Categorias se alcança pelo Gerenciar, pelo Perfil e pelo menu das Finanças (0.172125ms)
✔ Formato do lançamento: fechar pelo controle conserva o tipo e não espera uma barreira do corpo (20.153667ms)
✔ Formato do lançamento: reduzir movimento mantém o callback imediato e uma opção por tipo (19.181625ms)
✔ Lançar: formato muda no toque, preserva os campos comuns e evita refocar ao montar o corpo seguinte (95.982875ms)
✔ Lançar: leitores do corpo que saiu não sobrescrevem o rascunho ativo durante o crossfade (44.574583ms)
✔ Lançar: escolher o tipo atual não relê nem remonta, e callback após desmontagem não troca o corpo (54.860292ms)
✔ Recorrente encerrada não anuncia próxima cobrança, nem oferece editar ou retomar (72.445125ms)
✔ Link antigo da recorrência encerrada mostra histórico, sem montar edição ou oferecer conversão (193.058833ms)
✔ F06: grupos independentes combinam pagamento e previsões, contam um critério por grupo e ocultam total global (296.859125ms)
✔ F06: links atualizam cada dimensão na tela montada; ausência conserva e vazio limpa só seu grupo (133.657875ms)
✔ F06: dimensão inválida bloqueia leitura, cache e refresh; cancelar preserva erro e Aplicar recupera (203.535625ms)
✔ F06: classificar com Receitas ou Transferências conserva Tipo e exclui previstas (203.024333ms)
✔ F05: métodos múltiplos seguem query, folha, previstas e resumo sem exibir total global (106.429667ms)
✔ F05: link altera tela montada; ausência conserva método e vazio limpa somente este grupo (114.68325ms)
✔ F05: link malformado mostra recuperação e bloqueia leitura ampliada, Aplicar resolve (113.807917ms)
✔ F05: método combina com datas abertas e erro continua erro, sem previstas de cache (118.209375ms)
✔ Notas arquivadas: resumo único conserva busca/data e a limpeza restaura o contexto (67.240666ms)
✔ Notas lixeira: resumo único conserva busca/data e a limpeza restaura o contexto (49.923375ms)
✔ Notas pasta: resumo único conserva busca/data e a limpeza restaura o contexto (65.284666ms)
✔ Notas: abrir filtros antes do debounce conserva busca atual; aplicar/limpar cancela termos antigos (65.705209ms)
✔ Barra compacta revela todos os critérios ao leitor de tela, conserva nomes e esconde dinheiro (13.118666ms)
✔ Lembretes: critérios têm uma entrada única e resumo; limpar no vazio continua sendo contextual (35.66025ms)
✔ Importações: barra compacta conserva formato/conta e aplicar reinicia a paginação (31.083875ms)
✔ Lançamentos: um único editor conserva todos os critérios e resume o recorte sem repetir controles (215.990125ms)
✔ Lançamentos: resumo financeiro e rótulo acessível respeitam ocultação de valores (111.475667ms)
✔ F05: ocultar valores protege o rótulo acessível das linhas gravadas e previstas (312.135083ms)
✔ F05: ocultar valores protege o rótulo acessível do destaque no detalhe (119.605875ms)
✔ Ocorrências usam o mês civil para retornar de um período personalizado (109.661833ms)
✔ Lançamentos: data inicial sozinha consulta intervalo aberto (celular) (111.317583ms)
✔ Lançamentos: data final sozinha consulta intervalo aberto (celular) (103.224958ms)
✔ Lançamentos: data inicial sozinha consulta intervalo aberto (tablet) (112.741083ms)
✔ Lançamentos: data final sozinha consulta intervalo aberto (tablet) (125.945667ms)
✔ Lançamentos: intervalo aberto ignora previsões em cache e em trânsito; duas datas restauram cálculo (269.316834ms)
✔ Lançamentos: período personalizado distingue anos nos dias e rótulos acessíveis (extrato) (348.046834ms)
✔ Lançamentos: período personalizado distingue anos nos dias e rótulos acessíveis (ocorrências) (294.922833ms)
✔ Lançamentos: consulta aberta não aguarda mês, ciclo ou resumo de outra janela (616.126125ms)
✔ Lançamentos: erro antigo de previsão não esconde vazio aberto nem cria retry; refresh consulta só registros (730.97325ms)
✔ Parceladas: filtrar quitadas expande resultados e oculta o resumo global; limpar restaura (245.435542ms)
✔ Parceladas: busca e intervalo mostram compra terminada sem exigir expansão manual (196.965791ms)
✔ Recorrentes: encerrada e pausada têm resultados sem vazio de ativas nem resumo global (77.7575ms)
✔ Dívidas: busca, conta e primeiro vencimento filtram arquivos e abrem resultados; data nula não casa (220.113167ms)
✔ Lançar: entrada paga é passado mesmo com zero prestações e rota passado=0 (162.003542ms)
✔ Lançar: consulta da entrada pendente ou com erro não permite converter sem conhecer o histórico (115.678ms)
✔ Lançar: dívida/transação/plano ainda pendentes ou com erro não autorizam apagar histórico (308.161042ms)
✔ Lançar: parcela histórica carregada supera passado=0 mesmo sem entrada (103.98775ms)
✔ conta recusa centavos fracionários, não finitos e acima do inteiro seguro antes de gravar (65.349292ms)
✔ editar cartão com dívida não altera o saldo inicial pelo saldo negativo da fatura (70.386583ms)
✔ campos compartilhados respeitam tipos elegíveis e travam todos os valores sem criar conta pagadora (22.262ms)
✔ contas usa criação idempotente e recusa toque duplo no mesmo formulário (54.79825ms)
✔ sucesso de uma criação fechada não fecha nem anuncia sucesso de uma nova abertura (46.2615ms)
✔ cadastro de origem bloqueia salvar dos três corpos sem anunciar mutação em andamento (855.601958ms)
✔ callback capturado antes do cadastro não grava enquanto salvarBloqueado estiver ativo (728.586917ms)
✔ gravação real continua carregando nos três corpos, separada do bloqueio do cadastro (494.917708ms)
✔ F06 baseline da série: aceita estadoGuardado legado com campos planos (166.109584ms)
✔ F06 baseline da série: realtime não transforma classificação concorrente em edição (future) (188.13175ms)
✔ F06 baseline da série: resposta perdida e realtime conservam intenção no retry (future) (158.874375ms)
✔ F06 baseline da série: estadoGuardado preserva o registro inicial depois de remontar (future) (266.376708ms)
✔ F06 baseline da série: realtime não transforma classificação concorrente em edição (all) (135.452625ms)
✔ F06 baseline da série: resposta perdida e realtime conservam intenção no retry (all) (137.21125ms)
✔ F06 baseline da série: estadoGuardado preserva o registro inicial depois de remontar (all) (264.520167ms)
✔ F06 formato financiamento: conserva padrões da categoria no campo, prévia e salvar (79.104125ms)
✔ F06 formato financiamento: conserva previsibilidade manual sem classificação no campo, prévia e salvar (75.677375ms)
✔ F06 formato financiamento: conserva necessidade manual sem classificação no campo, prévia e salvar (96.406292ms)
✔ F06 formato financiamento: conserva previsibilidade explícita no campo, prévia e salvar (92.339375ms)
✔ F06 formato financiamento: consulta de padrões pending bloqueia criação e prévia (95.377791ms)
✔ F06 formato financiamento: consulta de padrões error bloqueia criação e prévia (89.873334ms)
✔ F06 formato financiamento: editar sem categoria nunca adota categoria comum implicitamente (88.996209ms)
✔ F06 formato financiamento: editar sem workspace nunca adota categoria comum implicitamente (64.908ms)
✔ F06 formato financiamento: editar com workspace próprio nunca adota categoria comum implicitamente (65.307042ms)
✔ F06 volta de formato: uma conserva previsibilidade NULL explícita em todos os formatos visitados (880.229125ms)
✔ F06 volta de formato: uma conserva necessidade NULL explícita em todos os formatos visitados (861.934916ms)
✔ F06 volta de formato: uma conserva previsibilidade explícita em todos os formatos visitados (971.945041ms)
✔ F06 volta de formato: uma conserva necessidade explícita em todos os formatos visitados (1011.092541ms)
✔ F06 volta de formato: recorrente conserva previsibilidade NULL explícita em todos os formatos visitados (916.646416ms)
✔ F06 volta de formato: recorrente conserva necessidade NULL explícita em todos os formatos visitados (1090.507125ms)
✔ F06 volta de formato: recorrente conserva previsibilidade explícita em todos os formatos visitados (1055.090417ms)
✔ F06 volta de formato: recorrente conserva necessidade explícita em todos os formatos visitados (950.288459ms)
✔ F06 volta de formato: financiamento conserva previsibilidade NULL explícita em todos os formatos visitados (801.998333ms)
✔ F06 volta de formato: financiamento conserva necessidade NULL explícita em todos os formatos visitados (798.2845ms)
✔ F06 volta de formato: financiamento conserva previsibilidade explícita em todos os formatos visitados (780.341583ms)
✔ F06 volta de formato: financiamento conserva necessidade explícita em todos os formatos visitados (775.467375ms)
✔ F06 volta de formato: uma recalcula apenas sugestões para a categoria própria restaurada (564.584792ms)
✔ F06 volta de formato: recorrente recalcula apenas sugestões para a categoria própria restaurada (439.0235ms)
✔ F06 volta de formato: série adota último padrão escolhido sem substituir baseline congelado (future) (198.787667ms)
✔ F06 volta de formato: série adota último padrão escolhido sem substituir baseline congelado (all) (201.296417ms)
✔ F06 extracted controls preserve labels, options and whitelist each independent dimension (2.874209ms)
✔ F07: reserva nova explica configuração, base zero não salva e cancelamento não cria saldo (42.362667ms)
✔ F07: erro de reserva com cache anterior oculta cobertura e refaz somente sua consulta (18.142791ms)
✔ F07: atualização em background não substitui revisão e valores do editor aberto (20.701416ms)
✔ F07: conta e investimento separam só os valores escolhidos após confirmar disponibilidade (23.317333ms)
✔ F07: retirar disponibilidade confirmada bloqueia salvar sem alterar o valor digitado (18.550292ms)
✔ F07: alocação acima do saldo livre explica limite e só libera ao corrigir o valor (20.777208ms)
✔ F07: adicionar fonte exclui cartão, arquivada, saldo vazio, saldo comprometido e vínculo duplicado (20.0115ms)
✔ F07: retirar vínculo libera apenas a reserva e preserva conta e saldo existentes (19.691083ms)
✔ F07: histórico com gasto sem necessidade não oferece revisão nem envia mês como revisado (17.7315ms)
✔ F07: histórico com revisão incompleta nunca afirma cobertura ou alvo coberto (18.46025ms)
✔ F07: histórico com base revisada zero nunca afirma cobertura ou alvo coberto (18.266542ms)
✔ F07: histórico com necessidade sem classificação nunca afirma cobertura ou alvo coberto (15.947458ms)
✔ F07: meta sem origem exige confirmação consciente e envia o total exato conferido (19.030709ms)
✔ F07: ocultar valores mascara cobertura, textos, acessibilidade e todos os Money reais da reserva (51.742666ms)
✔ F07: salvar pendente impede fechamento, edição e segunda gravação antes da confirmação (24.285167ms)
✔ F07: tentativa ambígua mantém editor travado e Confirmar tentativa reenvia entrada exata (22.26625ms)
✔ F07: cancelar rascunho de fontes e reabrir descarta mudanças sem qualquer mutação (25.905792ms)
✔ F07: conflito HTTP PT409 libera fechamento e orienta reabrir com revisão atual (22.725625ms)
✔ F07: a folha de edição pertence à tela, fora dos painéis que desmontam ao redimensionar (17.807333ms)
✔ F07: cobertura conserva décimos inteiros e não arredonda proteção para cima (19.983916ms)
✔ F07: falha de rede explica recuperação sem expor endereço e exceção nativa (20.260333ms)
✔ F07: conferência terminal permite encerrar sem salvar e só fecha após comprovante (23.06675ms)
✔ F07: conferir tentativa já salva recupera sucesso e falha de conferência mantém rascunho (20.868ms)
✔ F08 editor: fresh requested workspace opens once and closing ignores a late snapshot (34.053375ms)
✔ F08 editor: draft and snapshot survive query updates and width changes (31.532459ms)
✔ F08 editor: error cannot present or save a previous scenario (31.425667ms)
✔ F08 editor: fetching cannot present or save a previous scenario (32.172709ms)
✔ F08 editor: pending cannot present or save a previous scenario (30.458292ms)
✔ F08 editor: revision cannot present or save a previous scenario (29.575875ms)
✔ F08 editor: fingerprint cannot present or save a previous scenario (31.882167ms)
✔ F08 editor: a confirmed CAS refusal removes the old scenario until a fresh reopening (31.977125ms)
✔ F08 editor: retrying a transient preview error preserves the editable draft (37.791708ms)
✔ F08 result: recalculation preserves its component and measured space without showing old financial readings (39.68925ms)
✔ F08 result: a refused or failed scenario does not pretend to keep loading (33.421833ms)
✔ F08 editor: actual excluded fields disappear and retoggle preserves its own monthly draft (37.981208ms)
✔ F08 editor: an ambiguous attempt freezes editing and close; retry uses the confirmed immutable input (36.6905ms)
✔ F08 sheet: actual workspace cycle controls the ruler, independent of default profile capability (31.898167ms)
✔ F08 result: conceal suppresses derived numbers, pressure date, comparison chart and accessibility values (45.54025ms)
✔ F08 goals menu forwards the selected goal workspace instead of the default summary workspace (66.63225ms)
✔ F10 editor: source mode preserves monthly/deadline drafts and sends only the chosen input (36.581209ms)
✔ F10 editor: zero explains the missing amount and cannot save; initial-only plan can complete (39.55075ms)
✔ F10 summary: civil 31 calendar and last exact cents come from current draft, conceal hides sensitive output (63.170958ms)
✔ F10 cards: forecast uses the chosen calendar rather than goal deadline, and concealing removes the date (100.610083ms)
✔ F10 cards: initial-only intent has its own forecast, and legacy mode does not promise an uncapped conclusion (92.926708ms)
(node:88139) [MODULE_TYPELESS_PACKAGE_JSON] Warning: Module type of file:///Users/gabrielalmeidadias/Documents/Empresas/ProOps/DEV/Personal-ProOps-app/src/lib/sql-test-isolation.test.ts is not specified and it doesn't parse as CommonJS.
Reparsing as ES module because module syntax was detected. This incurs a performance overhead.
To eliminate this warning, add "type": "module" to /Users/gabrielalmeidadias/Documents/Empresas/ProOps/DEV/Personal-ProOps-app/package.json.
(Use `node --trace-warnings ...` to show where the warning was created)
✔ SQL preview tests start with repeatable read before the runner acquires its transaction id (75.419209ms)
✔ default SQL tests retain their existing isolation and always roll back (52.1825ms)
✔ unknown SQL runner flags fail before any connection (72.383458ms)
(node:88140) [MODULE_TYPELESS_PACKAGE_JSON] Warning: Module type of file:///Users/gabrielalmeidadias/Documents/Empresas/ProOps/DEV/Personal-ProOps-app/src/lib/subcategories.test.ts is not specified and it doesn't parse as CommonJS.
Reparsing as ES module because module syntax was detected. This incurs a performance overhead.
To eliminate this warning, add "type": "module" to /Users/gabrielalmeidadias/Documents/Empresas/ProOps/DEV/Personal-ProOps-app/package.json.
(Use `node --trace-warnings ...` to show where the warning was created)
✔ changing parent clears detail; equivalent aliases preserve it; null never invents detail (0.869792ms)
✔ read decoder returns independent closed copies and accepts income parents (0.570125ms)
✔ read refuses extra (0.204042ms)
✔ read refuses bad id (0.064792ms)
✔ read refuses bad workspace (0.053875ms)
✔ read refuses whitespace name (0.043625ms)
✔ read refuses uppercase name (0.042583ms)
✔ read refuses empty parent (0.043292ms)
✔ read refuses uppercase parent (0.045583ms)
✔ read refuses long parent (0.089875ms)
✔ read refuses long name (0.048667ms)
✔ read refuses null revision (0.042292ms)
✔ read refuses zero revision (0.032291ms)
✔ read refuses coerced revision (0.037833ms)
✔ read refuses unsafe revision (0.027792ms)
✔ read refuses negative count (0.034042ms)
✔ read refuses decimal count (0.034542ms)
✔ read refuses coerced count (0.026625ms)
✔ read refuses unsafe count (0.026458ms)
✔ read refuses malformed state and duplicate identity or folded namespaces (0.106166ms)
✔ name limits count Unicode codepoints and UUID aliases normalize (0.135375ms)
✔ explicit detail resolves only current matching workspace and parent, as a copy (0.134916ms)
✔ save builder normalizes user names without mutating caller and admits create, edit, merge (0.124166ms)
✔ save refuses extra (0.0395ms)
✔ save refuses action (0.035ms)
✔ save refuses workspace (0.024125ms)
✔ save refuses missing id pair (0.019875ms)
✔ save refuses missing revision pair (0.022625ms)
✔ save refuses zero revision (0.0175ms)
✔ save refuses bad id (0.0165ms)
✔ save refuses blank name (0.018833ms)
✔ save refuses coerced name (0.0235ms)
✔ save refuses long Unicode name (0.018583ms)
✔ save refuses merge create (0.020958ms)
✔ save refuses merge same source (0.025917ms)
✔ save refuses merge without revision (0.020959ms)
✔ save refuses merge revision without id (0.018ms)
✔ save refuses merge zero revision (0.01575ms)
✔ save refuses coerced revision (0.014208ms)
✔ commands require every field, delete accepts only its own closed shape (0.097959ms)
✔ write result validates saved, merged and deleted invariants and copies result (0.127166ms)
✔ breakdown preserves Sem detalhe and closes exactly in safe integer cents (0.141958ms)
(node:88141) [MODULE_TYPELESS_PACKAGE_JSON] Warning: Module type of file:///Users/gabrielalmeidadias/Documents/Empresas/ProOps/DEV/Personal-ProOps-app/src/lib/subcategory-debt-form-ui.test.ts is not specified and it doesn't parse as CommonJS.
Reparsing as ES module because module syntax was detected. This incurs a performance overhead.
To eliminate this warning, add "type": "module" to /Users/gabrielalmeidadias/Documents/Empresas/ProOps/DEV/Personal-ProOps-app/package.json.
(Use `node --trace-warnings ...` to show where the warning was created)
✔ category aliases preserve detail; changing parent clears it and child changes preserve manual classification (274.289708ms)
✔ creation/preview carries optional UUID/null and omission remains a legacy omission (288.876958ms)
✔ paid contract asks scope for category/detail metadata and preserves versions and archived origin (157.785375ms)
✔ saved draft and route preserve explicit null while omitted child is never coerced into own undefined (252.39075ms)
✔ returning from another format adopts the common parent and child together, including explicit null (296.291125ms)
✔ explicit null parent in a saved draft remains null when legacy common metadata is omitted (164.207709ms)
✔ detail-only edit asks scope and does not change category, financial fields or classifications (101.310125ms)
✔ editing never reads details in default workspace when the contract workspace is missing (65.210625ms)
(node:88180) [MODULE_TYPELESS_PACKAGE_JSON] Warning: Module type of file:///Users/gabrielalmeidadias/Documents/Empresas/ProOps/DEV/Personal-ProOps-app/src/lib/subcategory-field-ui.test.ts is not specified and it doesn't parse as CommonJS.
Reparsing as ES module because module syntax was detected. This incurs a performance overhead.
To eliminate this warning, add "type": "module" to /Users/gabrielalmeidadias/Documents/Empresas/ProOps/DEV/Personal-ProOps-app/package.json.
(Use `node --trace-warnings ...` to show where the warning was created)
✔ Sem detalhe comes first; parent namespace filters actual selector and read errors hide old choices (40.363958ms)
✔ committed inline creation selects only its current record/parent visit (49.322334ms)
✔ stale selector handler cannot choose an old parent child into a new parent (21.97625ms)
✔ late creation after leaving presence cannot select on the returning visit (22.237917ms)
✔ resolving an earlier record creation confirms catalog without selecting into a later record (6.043458ms)
✔ unmounted inline creation never selects on confirmation (12.963334ms)
(node:88200) [MODULE_TYPELESS_PACKAGE_JSON] Warning: Module type of file:///Users/gabrielalmeidadias/Documents/Empresas/ProOps/DEV/Personal-ProOps-app/src/lib/subcategory-import-ui.test.ts is not specified and it doesn't parse as CommonJS.
Reparsing as ES module because module syntax was detected. This incurs a performance overhead.
To eliminate this warning, add "type": "module" to /Users/gabrielalmeidadias/Documents/Empresas/ProOps/DEV/Personal-ProOps-app/package.json.
(Use `node --trace-warnings ...` to show where the warning was created)
✔ rule parent alias keeps child and changing parent clears it while save preserves fields (117.202875ms)
✔ rule stale child callback from closed editor cannot select into reopened rule (12.974625ms)
✔ import keeps editor open and blocks stale detail during parent mutation (39.919417ms)
✔ late failed parent mutation cannot roll back a reopened import visit (59.39725ms)
✔ rule parent change blocks old child callback even before React renders (63.976583ms)
✔ late successful rule save never closes the returning visit (38.765834ms)
✔ import missing source workspace never enables or writes detail in default workspace (45.8615ms)
✔ rule explicit Sem detalhe persists null and blocks an immediate double save (17.666875ms)
✔ import alias preserves child and failed parent change restores both fields (32.449ms)
✔ import immediate repeated detail taps send one mutation and failure restores choice (10.731042ms)
✔ legacy rule omission stays omitted while source without workspace never falls back to default (43.371292ms)
(node:88202) [MODULE_TYPELESS_PACKAGE_JSON] Warning: Module type of file:///Users/gabrielalmeidadias/Documents/Empresas/ProOps/DEV/Personal-ProOps-app/src/lib/subcategory-manager-ui.test.ts is not specified and it doesn't parse as CommonJS.
Reparsing as ES module because module syntax was detected. This incurs a performance overhead.
To eliminate this warning, add "type": "module" to /Users/gabrielalmeidadias/Documents/Empresas/ProOps/DEV/Personal-ProOps-app/package.json.
(Use `node --trace-warnings ...` to show where the warning was created)
✔ manager sends captured revision, preserves editor on resize, and refuses externally changed snapshot (69.587084ms)
✔ save ambiguity freezes fields and close, retries same intent, then accepts matching late receipt (54.158333ms)
✔ collision merge requires explicit confirmation and freezes both revisions; stale confirmation cannot write (45.346333ms)
✔ delete confirmation sends closed delete payload and stale row handlers cannot edit a new visit (31.615292ms)
✔ old completion or resolution cannot close a later visit; read failure hides stale catalog (8.7355ms)
✔ confirmed CAS refusal releases close without adopting a newer revision; terminal resolution releases frozen fields (53.749084ms)
✔ late resolution and unmount callbacks never close a newer editor; changed merge receiver invalidates confirmation (25.457792ms)
✔ confirmation captured for a prior editor in the same visit cannot delete after choosing another child (59.748667ms)
✔ inline create uses concrete catalog workspace and null source revision without inventing a parent entity (31.414292ms)
(node:88203) [MODULE_TYPELESS_PACKAGE_JSON] Warning: Module type of file:///Users/gabrielalmeidadias/Documents/Empresas/ProOps/DEV/Personal-ProOps-app/src/lib/subcategory-read-ui.test.ts is not specified and it doesn't parse as CommonJS.
Reparsing as ES module because module syntax was detected. This incurs a performance overhead.
To eliminate this warning, add "type": "module" to /Users/gabrielalmeidadias/Documents/Empresas/ProOps/DEV/Personal-ProOps-app/package.json.
(Use `node --trace-warnings ...` to show where the warning was created)
✔ UUID link scopes recorded and expected reads, suppresses global summary, and offers named filter (450.558958ms)
✔ none is explicit null, reset removes it, and malformed links never broaden reads (497.571333ms)
✔ missing, wrong-parent and unconfirmed catalog identities cannot expose an unfiltered list (561.321292ms)
✔ changing parent drops inherited identity; aliases preserve it; explicit none remains meaningful (113.320584ms)
✔ transaction subtitles display child name and never the UUID (101.112708ms)
✔ transaction detail displays the resolved child name and stays clean for legacy null (133.21225ms)
✔ collapsed breakdown reads only on expansion and keeps Sem detalhe alongside exact total (4.005875ms)
✔ privacy hides child/workspace/count and different scope collapses without retained old lines (3.704209ms)
✔ mounted links hydrate new identities and catalog removal blocks cached rows (111.60075ms)
✔ expected and in-transit rows obey the same child filter including Sem detalhe (98.483ms)
✔ a failed breakdown ignores cached successful data and offers the scoped retry (3.592959ms)
(node:88208) [MODULE_TYPELESS_PACKAGE_JSON] Warning: Module type of file:///Users/gabrielalmeidadias/Documents/Empresas/ProOps/DEV/Personal-ProOps-app/src/lib/subcategory-save.test.ts is not specified and it doesn't parse as CommonJS.
Reparsing as ES module because module syntax was detected. This incurs a performance overhead.
To eliminate this warning, add "type": "module" to /Users/gabrielalmeidadias/Documents/Empresas/ProOps/DEV/Personal-ProOps-app/package.json.
(Use `node --trace-warnings ...` to show where the warning was created)
✔ double tap coalesces and owns immutable normalized intent despite caller mutation (1.475334ms)
✔ transport ambiguity retains exact normalized payload and UUID on reordered retry (0.191334ms)
✔ initial SQL 22023 releases intent after definite rejection (0.131083ms)
✔ initial SQL 23514 releases intent after definite rejection (0.102375ms)
✔ initial SQL 42501 releases intent after definite rejection (0.090167ms)
✔ initial SQL P0001 releases intent after definite rejection (0.078459ms)
✔ initial SQL 40001 releases intent after definite rejection (0.0795ms)
✔ initial SQL 40P01 releases intent after definite rejection (0.064125ms)
✔ initial SQL PT409 releases intent after definite rejection (0.079416ms)
✔ SQL {"code":"22023"} after lost response cannot disprove commit (0.170083ms)
✔ SQL {"code":"23514"} after lost response cannot disprove commit (0.081ms)
✔ SQL {"code":"42501"} after lost response cannot disprove commit (0.075791ms)
✔ SQL {"code":"P0001"} after lost response cannot disprove commit (0.063583ms)
✔ SQL {"code":"40001"} after lost response cannot disprove commit (0.049625ms)
✔ SQL {"code":"40P01"} after lost response cannot disprove commit (0.04175ms)
✔ SQL {"code":"PT409","message":"other conflict"} after lost response cannot disprove commit (0.052042ms)
✔ sealed-first save PT409 Detalhe alterado. Abra novamente confirms refusal after ambiguity (0.077292ms)
✔ sealed-first save PT409 Detalhe receptor alterado. Abra novamente confirms refusal after ambiguity (0.046875ms)
✔ sealed-first save PT409 Já existe um detalhe com esse nome nesta categoria. Confira para juntar confirms refusal after ambiguity (0.057917ms)
✔ malformed or mismatched receipt null cannot release intent (0.10725ms)
✔ malformed or mismatched receipt {"workspace_id":"22222222-2222-4222-8222-222222222222","subcategory_id":"33333333-3333-4333-8333-333333333333","edit_revision":8,"merged":false,"deleted":false,"affected_records":2} cannot release intent (0.066ms)
✔ malformed or mismatched receipt {"workspace_id":"11111111-1111-4111-8111-111111111111","subcategory_id":"44444444-4444-4444-8444-444444444444","edit_revision":8,"merged":false,"deleted":false,"affected_records":2} cannot release intent (0.049083ms)
✔ malformed or mismatched receipt {"workspace_id":"11111111-1111-4111-8111-111111111111","subcategory_id":"33333333-3333-4333-8333-333333333333","edit_revision":7,"merged":false,"deleted":false,"affected_records":2} cannot release intent (0.040041ms)
✔ malformed or mismatched receipt {"workspace_id":"11111111-1111-4111-8111-111111111111","subcategory_id":"33333333-3333-4333-8333-333333333333","edit_revision":8,"merged":true,"deleted":false,"affected_records":2} cannot release intent (0.057583ms)
✔ malformed or mismatched receipt {"workspace_id":"11111111-1111-4111-8111-111111111111","subcategory_id":"33333333-3333-4333-8333-333333333333","edit_revision":null,"merged":false,"deleted":true,"affected_records":2} cannot release intent (0.053958ms)
✔ malformed or mismatched receipt {"workspace_id":"11111111-1111-4111-8111-111111111111","subcategory_id":"33333333-3333-4333-8333-333333333333","edit_revision":8,"merged":false,"deleted":false,"affected_records":2,"extra":true} cannot release intent (0.048583ms)
✔ malformed or mismatched receipt {"workspace_id":"11111111-1111-4111-8111-111111111111","subcategory_id":"33333333-3333-4333-8333-333333333333","edit_revision":8,"merged":false,"deleted":false,"affected_records":"2"} cannot release intent (0.0365ms)
✔ malformed or mismatched receipt {"workspace_id":"11111111-1111-4111-8111-111111111111","subcategory_id":"33333333-3333-4333-8333-333333333333","edit_revision":8,"merged":false,"deleted":false,"affected_records":9007199254740992} cannot release intent (0.037709ms)
✔ malformed or mismatched receipt {"workspace_id":"22222222-2222-4222-8222-222222222222","cancelled":true} cannot release intent (0.038667ms)
✔ malformed or mismatched receipt {"workspace_id":"11111111-1111-4111-8111-111111111111","cancelled":false} cannot release intent (0.038584ms)
✔ malformed or mismatched receipt {"workspace_id":"11111111-1111-4111-8111-111111111111","cancelled":true,"extra":1} cannot release intent (0.036708ms)
✔ resolution coalesces with submit and accepts only matching terminal cancellation (0.113416ms)
✔ resolution recovers delayed commit without rewriting; PT409 alone in resolve remains ambiguous (0.098584ms)
✔ create, merge and delete demand exact receipt identity, flags and next revision (0.225417ms)
✔ malformed intent and revision overflow never dispatch; invalid request UUID is refused (0.079291ms)
✔ delayed send can return terminal cancellation and friendly errors hide transport internals (0.148917ms)
✔ a transport-thrown cancellation error is not a sealed terminal receipt (0.091791ms)
(node:88209) [MODULE_TYPELESS_PACKAGE_JSON] Warning: Module type of file:///Users/gabrielalmeidadias/Documents/Empresas/ProOps/DEV/Personal-ProOps-app/src/lib/tablet-chart-source.test.ts is not specified and it doesn't parse as CommonJS.
Reparsing as ES module because module syntax was detected. This incurs a performance overhead.
To eliminate this warning, add "type": "module" to /Users/gabrielalmeidadias/Documents/Empresas/ProOps/DEV/Personal-ProOps-app/package.json.
(Use `node --trace-warnings ...` to show where the warning was created)
✔ measured sparkline waits for its own card width and updates after resize (62.798375ms)
✔ finance chart and invoice face do not derive their width from the whole tablet window (0.527542ms)
(node:88210) [MODULE_TYPELESS_PACKAGE_JSON] Warning: Module type of file:///Users/gabrielalmeidadias/Documents/Empresas/ProOps/DEV/Personal-ProOps-app/src/lib/tablet-finance-routes.test.ts is not specified and it doesn't parse as CommonJS.
Reparsing as ES module because module syntax was detected. This incurs a performance overhead.
To eliminate this warning, add "type": "module" to /Users/gabrielalmeidadias/Documents/Empresas/ProOps/DEV/Personal-ProOps-app/package.json.
(Use `node --trace-warnings ...` to show where the warning was created)
✔ cycle detail keeps one financial source while composing a tablet decision pane (0.798541ms)
✔ annual report puts year-end evidence beside the categories without changing export or year selection (0.217ms)
✔ net worth keeps the trend beside the account and asset evidence (0.184542ms)
✔ forecast presents the measured curve beside its scenario while preserving model and horizon actions (0.637417ms)
(node:88224) [MODULE_TYPELESS_PACKAGE_JSON] Warning: Module type of file:///Users/gabrielalmeidadias/Documents/Empresas/ProOps/DEV/Personal-ProOps-app/src/lib/tablet-finance-task-routes.test.ts is not specified and it doesn't parse as CommonJS.
Reparsing as ES module because module syntax was detected. This incurs a performance overhead.
To eliminate this warning, add "type": "module" to /Users/gabrielalmeidadias/Documents/Empresas/ProOps/DEV/Personal-ProOps-app/package.json.
(Use `node --trace-warnings ...` to show where the warning was created)
✔ task list routes keep compact content and expose measured tablet workspaces (1.198166ms)
✔ task surfaces preserve their mutation and navigation contracts (0.957958ms)
✔ transaction form stays a bounded keyboard aware single column (0.46ms)
(node:88234) [MODULE_TYPELESS_PACKAGE_JSON] Warning: Module type of file:///Users/gabrielalmeidadias/Documents/Empresas/ProOps/DEV/Personal-ProOps-app/src/lib/tablet-motion-source.test.ts is not specified and it doesn't parse as CommonJS.
Reparsing as ES module because module syntax was detected. This incurs a performance overhead.
To eliminate this warning, add "type": "module" to /Users/gabrielalmeidadias/Documents/Empresas/ProOps/DEV/Personal-ProOps-app/package.json.
(Use `node --trace-warnings ...` to show where the warning was created)
✔ the Android pill enters on app reveal and moves the selected icon with its circle (0.947792ms)
✔ preview tab taps update params in place so the pill does not remount mid-flight (0.224625ms)
✔ a stalled cover snaps closed before the shown session is replaced (0.722875ms)
✔ logout covers downward and reveals upward, with the session changed while hidden (0.324875ms)
✔ the session curtain does not duplicate or animate the auth brand (0.501625ms)
✔ logout starts covering before signOut and reuses that cover in the session gate (0.325625ms)
✔ auth cap recomputes its matching curve after a tablet resize and the form stays readable (0.228416ms)
(node:88235) [MODULE_TYPELESS_PACKAGE_JSON] Warning: Module type of file:///Users/gabrielalmeidadias/Documents/Empresas/ProOps/DEV/Personal-ProOps-app/src/lib/tablet-notes-deep-routes.test.ts is not specified and it doesn't parse as CommonJS.
Reparsing as ES module because module syntax was detected. This incurs a performance overhead.
To eliminate this warning, add "type": "module" to /Users/gabrielalmeidadias/Documents/Empresas/ProOps/DEV/Personal-ProOps-app/package.json.
(Use `node --trace-warnings ...` to show where the warning was created)
✔ notes recovery routes use the measured tablet workspace and keep a compact fallback (0.93475ms)
✔ notes deep editor and folder stay readable when a tablet window is wide (0.863292ms)
(node:88236) [MODULE_TYPELESS_PACKAGE_JSON] Warning: Module type of file:///Users/gabrielalmeidadias/Documents/Empresas/ProOps/DEV/Personal-ProOps-app/src/lib/tablet-notes-routes.test.ts is not specified and it doesn't parse as CommonJS.
Reparsing as ES module because module syntax was detected. This incurs a performance overhead.
To eliminate this warning, add "type": "module" to /Users/gabrielalmeidadias/Documents/Empresas/ProOps/DEV/Personal-ProOps-app/package.json.
(Use `node --trace-warnings ...` to show where the warning was created)
✔ folder organizer is the whole tree, and renaming opens the same sheet as creating (0.91325ms)
(node:88237) [MODULE_TYPELESS_PACKAGE_JSON] Warning: Module type of file:///Users/gabrielalmeidadias/Documents/Empresas/ProOps/DEV/Personal-ProOps-app/src/lib/tablet-planning-routes.test.ts is not specified and it doesn't parse as CommonJS.
Reparsing as ES module because module syntax was detected. This incurs a performance overhead.
To eliminate this warning, add "type": "module" to /Users/gabrielalmeidadias/Documents/Empresas/ProOps/DEV/Personal-ProOps-app/package.json.
(Use `node --trace-warnings ...` to show where the warning was created)
✔ budgets keeps the compact reading order and exposes category context in a measured tablet split (0.6875ms)
✔ goals keeps contribution and archive actions while placing the aggregate beside the goal list on tablets (0.236208ms)
✔ debts keeps payment and destructive confirmations while putting payoff strategy beside the debt list on tablets (0.242875ms)
(node:88238) [MODULE_TYPELESS_PACKAGE_JSON] Warning: Module type of file:///Users/gabrielalmeidadias/Documents/Empresas/ProOps/DEV/Personal-ProOps-app/src/lib/tablet-wallet-invoices.test.ts is not specified and it doesn't parse as CommonJS.
Reparsing as ES module because module syntax was detected. This incurs a performance overhead.
To eliminate this warning, add "type": "module" to /Users/gabrielalmeidadias/Documents/Empresas/ProOps/DEV/Personal-ProOps-app/package.json.
(Use `node --trace-warnings ...` to show where the warning was created)
✔ wallet keeps the real flight routes while opting into a measured tablet workspace (0.9455ms)
✔ invoice history uses a bounded tablet list and truthful selected invoice context (0.3115ms)
(node:88239) [MODULE_TYPELESS_PACKAGE_JSON] Warning: Module type of file:///Users/gabrielalmeidadias/Documents/Empresas/ProOps/DEV/Personal-ProOps-app/src/lib/tela-pronta.test.ts is not specified and it doesn't parse as CommonJS.
Reparsing as ES module because module syntax was detected. This incurs a performance overhead.
To eliminate this warning, add "type": "module" to /Users/gabrielalmeidadias/Documents/Empresas/ProOps/DEV/Personal-ProOps-app/package.json.
(Use `node --trace-warnings ...` to show where the warning was created)
✔ sem consulta nenhuma a tela está pronta (3.56725ms)
✔ uma buscando segura a tela inteira (0.095ms)
✔ todas prontas abrem o portão (0.052667ms)
✔ query DESLIGADA não pode prender a tela no skeleton para sempre (0.051125ms)
✔ sem rede a tela abre e mostra o estado dela, não um skeleton eterno (0.051083ms)
✔ refetch de fundo NÃO traz o skeleton de volta (0.045125ms)
✔ consulta que FALHOU libera a tela para ela mostrar o erro, não um skeleton eterno (0.04525ms)
(node:88240) [MODULE_TYPELESS_PACKAGE_JSON] Warning: Module type of file:///Users/gabrielalmeidadias/Documents/Empresas/ProOps/DEV/Personal-ProOps-app/src/lib/themed-text.test.ts is not specified and it doesn't parse as CommonJS.
Reparsing as ES module because module syntax was detected. This incurs a performance overhead.
To eliminate this warning, add "type": "module" to /Users/gabrielalmeidadias/Documents/Empresas/ProOps/DEV/Personal-ProOps-app/package.json.
(Use `node --trace-warnings ...` to show where the warning was created)
✔ o texto é medido de novo quando a escala da fonte do sistema muda (83.315458ms)
(node:88241) [MODULE_TYPELESS_PACKAGE_JSON] Warning: Module type of file:///Users/gabrielalmeidadias/Documents/Empresas/ProOps/DEV/Personal-ProOps-app/src/lib/today-sections.test.ts is not specified and it doesn't parse as CommonJS.
Reparsing as ES module because module syntax was detected. This incurs a performance overhead.
To eliminate this warning, add "type": "module" to /Users/gabrielalmeidadias/Documents/Empresas/ProOps/DEV/Personal-ProOps-app/package.json.
(Use `node --trace-warnings ...` to show where the warning was created)
✔ Agora tem o atrasado, o que vence hoje e o que chega hoje; atrasado primeiro (0.901ms)
✔ Próximos dias agrupa por dia, respeita a janela e nunca repete o que está em Agora (5.460417ms)
✔ compra no cartão de hoje não vira pendência (0.070625ms)
✔ o texto e o tom de cada item dizem o que aconteceu (0.160667ms)
✔ lembrete de outro dia não é "de hoje" — o "Para hoje" listava 03/09 em 28/09 (2.485959ms)
✔ o AGORA fica entre o lembrete que passou e o que vem, e o que vem é o próximo (0.35375ms)
✔ com todos os lembretes já passados o AGORA vai para o fim; sem lembrete não há AGORA (0.210375ms)
✔ 2+ atrasados viram UMA linha recolhida; aberta, mostra cada um com Ver mais; 1 só não vira resumo (0.462542ms)
✔ o número da aba Hoje é o que o Seu dia tem para resolver: atrasado, o que vence hoje e o lembrete de hoje (0.598084ms)
✔ "por dia" é UMA conta: o card da Hoje e o widget dividem igual (0.273916ms)
✔ a semana tem hoje no meio: o que saiu para trás, o previsto para a frente (0.29875ms)
✔ semana sem nada ainda tem teto (nunca divide por zero) e sem "por dia" não tem régua (0.139792ms)
✔ a frase do dia diz quando, quanto e o estado — "dentro" não se escreve, a entrada vai à parte (0.366291ms)
✔ um dia enorme não esmaga a régua: o teto para em 3× o "por dia" (0.73675ms)
(node:88242) [MODULE_TYPELESS_PACKAGE_JSON] Warning: Module type of file:///Users/gabrielalmeidadias/Documents/Empresas/ProOps/DEV/Personal-ProOps-app/src/lib/use-dicas.test.ts is not specified and it doesn't parse as CommonJS.
Reparsing as ES module because module syntax was detected. This incurs a performance overhead.
To eliminate this warning, add "type": "module" to /Users/gabrielalmeidadias/Documents/Empresas/ProOps/DEV/Personal-ProOps-app/package.json.
(Use `node --trace-warnings ...` to show where the warning was created)
✔ usar antes de o disco responder não se perde, nem apaga o que já estava encerrado (77.407125ms)
✔ sem nada gravado e sem mudança pendente, ler não grava nada (46.192167ms)
(node:88243) [MODULE_TYPELESS_PACKAGE_JSON] Warning: Module type of file:///Users/gabrielalmeidadias/Documents/Empresas/ProOps/DEV/Personal-ProOps-app/src/lib/use-folder-menu.test.ts is not specified and it doesn't parse as CommonJS.
Reparsing as ES module because module syntax was detected. This incurs a performance overhead.
To eliminate this warning, add "type": "module" to /Users/gabrielalmeidadias/Documents/Empresas/ProOps/DEV/Personal-ProOps-app/package.json.
(Use `node --trace-warnings ...` to show where the warning was created)
✔ segurar a pasta oferece Apagar, e apagar confirma antes (61.961416ms)
✔ segurar a pasta também renomeia e move — sem ir a Organizar pastas (25/09/2026) (13.180584ms)
(node:88245) [MODULE_TYPELESS_PACKAGE_JSON] Warning: Module type of file:///Users/gabrielalmeidadias/Documents/Empresas/ProOps/DEV/Personal-ProOps-app/src/lib/use-preferencia.test.ts is not specified and it doesn't parse as CommonJS.
Reparsing as ES module because module syntax was detected. This incurs a performance overhead.
To eliminate this warning, add "type": "module" to /Users/gabrielalmeidadias/Documents/Empresas/ProOps/DEV/Personal-ProOps-app/package.json.
(Use `node --trace-warnings ...` to show where the warning was created)
✔ a régua escolhida volta no próximo processo, e cada tela tem a sua (60.371084ms)
✔ o toque antes de o disco responder vale, e não apaga o que já estava gravado (15.499ms)
✔ outra conta no mesmo aparelho não herda a escolha (5.495416ms)
✔ valor gravado que a tela não aceita mais, ou disco corrompido, cai no padrão (17.623417ms)
✔ mudar por FUNÇÃO lê o valor gravado na hora: duas mudanças do mesmo render valem as duas (5.582417ms)
✔ useRascunho v2: adicionar, trocar e tirar partem do GRAVADO (duas mudanças do mesmo render valem as duas) (13.732542ms)
(node:88249) [MODULE_TYPELESS_PACKAGE_JSON] Warning: Module type of file:///Users/gabrielalmeidadias/Documents/Empresas/ProOps/DEV/Personal-ProOps-app/src/lib/widget-snapshot.test.ts is not specified and it doesn't parse as CommonJS.
Reparsing as ES module because module syntax was detected. This incurs a performance overhead.
To eliminate this warning, add "type": "module" to /Users/gabrielalmeidadias/Documents/Empresas/ProOps/DEV/Personal-ProOps-app/package.json.
(Use `node --trace-warnings ...` to show where the warning was created)
✔ o livre é caixa menos o que vence antes da próxima entrada — o número da Hoje (12.505375ms)
✔ o atrasado é UM resumo; a lista é só o que vai vencer, com o selo de data (0.47425ms)
✔ a lista tem teto e conta o que sobrou (0.432875ms)
✔ o veredito é o da Hoje: atrasado ganha de tudo (0.332209ms)
✔ esconder saldo vale no widget: nenhum valor sai no retrato (0.163334ms)
✔ saiu da conta: o widget para de mostrar o dinheiro (0.056083ms)
✔ veredito sem obrigação: por dia só a partir de R$ 1,00 (0.054792ms)
✔ o que vai para o widget do iOS não leva null em nível nenhum (0.2205ms)
ℹ tests 2195
ℹ suites 0
ℹ pass 2195
ℹ fail 0
ℹ cancelled 0
ℹ skipped 0
ℹ todo 0
ℹ duration_ms 59393.267792
