
> app-proops@1.0.0 test
> node --test

✔ registra o modulo Android local usado pelo instalador de APK (1.214625ms)
✔ expoe a consulta da permissao especial e a URI segura do FileProvider (0.402375ms)
✔ registra o módulo de privacidade nas duas plataformas (0.748166ms)
✔ iOS cobre só no segundo plano de verdade, nunca no inactive do Face ID (0.571625ms)
✔ Android desliga a foto dos recentes e reaplica numa atividade recriada (0.176458ms)
✔ produção e staging não levam x86: 67 MB que nenhum celular usa (0.637084ms)
✔ development mantém as quatro — o emulador da máquina pode ser x86_64 (0.090709ms)
✔ sem a propriedade no template, o plugin acrescenta em vez de sumir (0.096833ms)
✔ aplicar duas vezes não duplica a propriedade (0.075583ms)
✔ o tema aponta fundo da janela, fundo da tarefa e acento para as cores do app (15.378209ms)
✔ aplicar duas vezes não duplica item (0.18175ms)
✔ as cores são as do tema claro e do escuro do app (0.388041ms)
✔ declara uma única permissão e um FileProvider privado para os APKs (1.45175ms)
✔ gera de forma idempotente um caminho restrito ao cache de atualizações (4.81225ms)
✔ o tema do app aponta o estilo de texto para o que quebra pelo avanço (11.784625ms)
✔ o estilo desliga a caixa de tinta e herda o TextView do AppCompat (0.189959ms)
✔ o item existente do tema continua lá (0.13975ms)
✔ aplicar duas vezes não duplica estilo nem item (0.163208ms)
✔ força o work-runtime-ktx na 2.8.1, uma vez só (prebuild roda de novo) (0.306833ms)
✔ gera apenas os campos do contrato e normaliza o sha256 (2.89225ms)
✔ recusa versionCode que não pode representar uma versão Android válida (0.391875ms)
✔ recusa versão sem semver, download fora de HTTPS e hash inválido (0.3835ms)
✔ limita as notas para manter o manifesto muito abaixo do teto lido pelo app (0.1505ms)
✔ extrai o APK de um único build concluído (1.319959ms)
✔ aceita a chave legada buildUrl e um objeto sem envelope de lista (0.126292ms)
✔ recusa saída ambígua, build incompleto e artefato inseguro (0.330292ms)
✔ real APK xmltree resolves runtime resource and literal JSON channel (1.799542ms)
✔ local receipt records actual APK evidence and CI provenance without EAS metadata (1.049334ms)
✔ APK applicationId mismatch blocks local attestation (0.243917ms)
✔ APK appVersion mismatch blocks local attestation (0.169667ms)
✔ APK runtimeVersion mismatch blocks local attestation (0.134584ms)
✔ APK updatesUrl mismatch blocks local attestation (0.131541ms)
✔ APK channel mismatch blocks local attestation (0.495917ms)
✔ APK updatesEnabled mismatch blocks local attestation (0.122ms)
✔ missing runtime resource, ambiguous resource and absent metadata fail closed (0.307792ms)
✔ missing or mismatched CI provenance and checksum fail closed (0.383959ms)
✔ local APK receipt permits compatible OTA and blocks divergent native fingerprint (0.429041ms)
✔ receipt identity comes from checked-in production profile and resolved Expo config (1.254417ms)
✔ profile channel drift fails closed (0.94325ms)
✔ profile environment drift fails closed (0.173375ms)
✔ profile env drift fails closed (0.126708ms)
✔ profile env drift fails closed (0.425291ms)
✔ profile android drift fails closed (0.13325ms)
✔ profile extends drift fails closed (0.100208ms)
✔ wrong update project and Android runtime overrides fail closed (0.203625ms)
✔ finished build evidence binds source, runtime, channel and verified APK checksum (0.190083ms)
✔ EAS status mismatch cannot attest receipt (0.191542ms)
✔ EAS runtime mismatch cannot attest receipt (0.206ms)
✔ EAS updateChannel mismatch cannot attest receipt (0.112875ms)
✔ EAS gitCommitHash mismatch cannot attest receipt (0.098084ms)
✔ EAS appIdentifier mismatch cannot attest receipt (0.093709ms)
✔ EAS app mismatch cannot attest receipt (0.140916ms)
✔ missing EAS metadata is rejected rather than inferred from source (0.113958ms)
✔ compatible JS update reaches publication once without rebuilding (1.024166ms)
✔ incompatible fingerprint never publishes (0.537334ms)
✔ incompatible runtimeVersion never publishes (0.110875ms)
✔ incompatible environment never publishes (0.077791ms)
✔ incompatible channel never publishes (0.073708ms)
✔ incompatible applicationId never publishes (0.064833ms)
✔ incompatible publicEnvironmentHash never publishes (0.072458ms)
✔ incompatible fingerprintVersion never publishes (0.060917ms)
✔ missing receipt, wrong source or tag fail closed (2.887958ms)
✔ changed native source package.json blocks even an unchanged fingerprint (0.327833ms)
✔ changed native source package-lock.json blocks even an unchanged fingerprint (0.520458ms)
✔ changed native source app.json blocks even an unchanged fingerprint (0.097209ms)
✔ changed native source app.config.js blocks even an unchanged fingerprint (0.064375ms)
✔ changed native source eas.json blocks even an unchanged fingerprint (0.079167ms)
✔ changed native source plugins/with-native.js blocks even an unchanged fingerprint (0.05975ms)
✔ changed native source modules/example/index.ts blocks even an unchanged fingerprint (0.055792ms)
✔ changed native source android/app/src/Main.kt blocks even an unchanged fingerprint (0.052333ms)
✔ changed native source .fingerprintignore blocks even an unchanged fingerprint (0.208375ms)
✔ changed native source fingerprint.config.js blocks even an unchanged fingerprint (0.10225ms)
✔ JS and documentation changes preserve the publication path (0.10925ms)
✔ unattested source receipt never authorizes publication (0.155ms)
✔ extrai pacote e versões da saída real do aapt2 (1.814333ms)
✔ tolera atributos extras e ordem diferente (0.119125ms)
✔ recusa saída sem a linha package ou sem campo obrigatório (0.28975ms)
✔ recusa atributos duplicados em vez de escolher silenciosamente (0.085959ms)
✔ normaliza impressões com ou sem separadores (1.215667ms)
✔ extrai somente o certificado dos signers do APK (0.8025ms)
✔ aceita exatamente o signer esperado e recusa chave diferente ou múltipla (0.353791ms)
(node:75249) [MODULE_TYPELESS_PACKAGE_JSON] Warning: Module type of file:///Users/gabrielalmeidadias/Documents/Empresas/ProOps/DEV/Personal-ProOps-app/src/components/finance/date-picker-field.test.ts is not specified and it doesn't parse as CommonJS.
Reparsing as ES module because module syntax was detected. This incurs a performance overhead.
To eliminate this warning, add "type": "module" to /Users/gabrielalmeidadias/Documents/Empresas/ProOps/DEV/Personal-ProOps-app/package.json.
(Use `node --trace-warnings ...` to show where the warning was created)
✔ month-end control stays visible while the calendar is collapsed and toggles to fixed month-end (91.652458ms)
✔ month-end control is omitted when the date field has no monthly action (19.168875ms)
✔ month-end control follows the month shown in the open calendar, not the saved date (29.00925ms)
✔ month-end control jumps to the first allowed month when the saved date is before the minimum (14.860167ms)
✔ selecting a day closes the calendar, blocks stale calendar callbacks, and leaves month-end available (13.154958ms)
✔ reopening remounts the calendar for the saved month and rejects callbacks from the previous opening (16.1685ms)
(node:75250) [MODULE_TYPELESS_PACKAGE_JSON] Warning: Module type of file:///Users/gabrielalmeidadias/Documents/Empresas/ProOps/DEV/Personal-ProOps-app/src/design/adaptive-auth.test.ts is not specified and it doesn't parse as CommonJS.
Reparsing as ES module because module syntax was detected. This incurs a performance overhead.
To eliminate this warning, add "type": "module" to /Users/gabrielalmeidadias/Documents/Empresas/ProOps/DEV/Personal-ProOps-app/package.json.
(Use `node --trace-warnings ...` to show where the warning was created)
✔ tablet authentication keeps the form and actions in one centered task (0.858416ms)
(node:75252) [MODULE_TYPELESS_PACKAGE_JSON] Warning: Module type of file:///Users/gabrielalmeidadias/Documents/Empresas/ProOps/DEV/Personal-ProOps-app/src/design/adaptive-sheet.test.ts is not specified and it doesn't parse as CommonJS.
Reparsing as ES module because module syntax was detected. This incurs a performance overhead.
To eliminate this warning, add "type": "module" to /Users/gabrielalmeidadias/Documents/Empresas/ProOps/DEV/Personal-ProOps-app/package.json.
(Use `node --trace-warnings ...` to show where the warning was created)
✔ tablet sheets use a bounded task surface in both orientations (0.572ms)
✔ o diálogo do tablet cabe DENTRO da área segura (barra de tarefas, status, recortes) (0.079209ms)
✔ o vão sob o diálogo é o que o teclado cobre fora dele (0.049167ms)
✔ toda folha com campo tem UM mecanismo de teclado: a rolagem (0.346583ms)
✔ shared sheets use native iPad form presentation and Android tablet dialog semantics (0.3315ms)
(node:75253) [MODULE_TYPELESS_PACKAGE_JSON] Warning: Module type of file:///Users/gabrielalmeidadias/Documents/Empresas/ProOps/DEV/Personal-ProOps-app/src/design/adaptive-window.test.ts is not specified and it doesn't parse as CommonJS.
Reparsing as ES module because module syntax was detected. This incurs a performance overhead.
To eliminate this warning, add "type": "module" to /Users/gabrielalmeidadias/Documents/Empresas/ProOps/DEV/Personal-ProOps-app/package.json.
(Use `node --trace-warnings ...` to show where the warning was created)
✔ classifies the available window width at both breakpoints (0.561542ms)
✔ returns to the compact composition after a window shrinks (0.053208ms)
✔ rejects invalid window widths instead of choosing a tablet layout (0.044292ms)
✔ keeps a single readable pane when both pane minimums cannot fit (0.563208ms)
✔ uses two bounded panes only when both minimums fit (0.166416ms)
✔ normalizes invalid container measurements (0.077375ms)
✔ keeps compact roots at their existing width and pill clearance (0.079583ms)
✔ keeps bottom pill clearance on medium and expanded Android roots (0.06825ms)
✔ does not invent an Android pill inset for pushed routes or iPad (0.073291ms)
✔ Today uses measured content width to decide its editorial split (0.125458ms)
✔ Finance chart fits inside the measured hero panel at phone and tablet widths (0.094834ms)
✔ library and reading panes only split when both reading minimums fit (0.105875ms)
✔ an invoice card skeleton uses the bounded reading column, not the full tablet window (0.059667ms)
✔ o pé da rolagem soma a área segura no iOS: a última linha não fica sob a barra de abas (0.05375ms)
(node:75254) [MODULE_TYPELESS_PACKAGE_JSON] Warning: Module type of file:///Users/gabrielalmeidadias/Documents/Empresas/ProOps/DEV/Personal-ProOps-app/src/design/card-flight.test.ts is not specified and it doesn't parse as CommonJS.
Reparsing as ES module because module syntax was detected. This incurs a performance overhead.
To eliminate this warning, add "type": "module" to /Users/gabrielalmeidadias/Documents/Empresas/ProOps/DEV/Personal-ProOps-app/package.json.
(Use `node --trace-warnings ...` to show where the warning was created)
✔ o quadro de uma caixa em pé usa a ALTURA como lado longo e gira 90° (0.566666ms)
✔ o voo começa na origem, termina no pouso e só levanta no meio (0.110333ms)
✔ o quique da mola não traz o arco de volta (0.039958ms)
✔ a caixa arrastada desce e encolhe em volta do centro (0.045833ms)
✔ o índice arredonda e fica preso nas pontas (0.049708ms)
✔ item no centro é identidade; vizinho em repouso é plano, menor e apagado (0.066708ms)
✔ a proporção cai com a fonte e nunca passa a do cartão de verdade (0.04475ms)
✔ a tinta da face segue o contraste: clara no roxo, escura no amarelo (1.481667ms)
✔ todo emissor tem texto principal e secundário legíveis (≥ 4,5:1) em todo o metal (3.507875ms)
✔ os tokens da face usam a mesma opacidade e o mesmo brilho que a conta de contraste (0.563834ms)
✔ o deslize anda no máximo um cartão e respeita a intenção do dedo (0.112583ms)
✔ além das pontas o carrossel cede um terço do dedo (0.070166ms)
✔ o toque acha o cartão que está debaixo do dedo, com o carrossel onde ele está (0.098667ms)
✔ a face comporta o conteúdo MEDIDO em cada tamanho de fonte do iPhone (0.079ms)
(node:75255) [MODULE_TYPELESS_PACKAGE_JSON] Warning: Module type of file:///Users/gabrielalmeidadias/Documents/Empresas/ProOps/DEV/Personal-ProOps-app/src/design/contrast.test.ts is not specified and it doesn't parse as CommonJS.
Reparsing as ES module because module syntax was detected. This incurs a performance overhead.
To eliminate this warning, add "type": "module" to /Users/gabrielalmeidadias/Documents/Empresas/ProOps/DEV/Personal-ProOps-app/package.json.
(Use `node --trace-warnings ...` to show where the warning was created)
✔ contraste da paleta light (0.714583ms)
✔ contraste da paleta dark (0.517625ms)
✔ os dois temas declaram os mesmos papéis de cor (0.1645ms)
✔ contrast() confere com a referência WCAG (0.052042ms)
(node:75256) [MODULE_TYPELESS_PACKAGE_JSON] Warning: Module type of file:///Users/gabrielalmeidadias/Documents/Empresas/ProOps/DEV/Personal-ProOps-app/src/design/donut-math.test.ts is not specified and it doesn't parse as CommonJS.
Reparsing as ES module because module syntax was detected. This incurs a performance overhead.
To eliminate this warning, add "type": "module" to /Users/gabrielalmeidadias/Documents/Empresas/ProOps/DEV/Personal-ProOps-app/package.json.
(Use `node --trace-warnings ...` to show where the warning was created)
✔ as fatias seguem a ordem do maior e cobrem a volta com respiro (0.666917ms)
✔ acima de seis, o resto vira "outras" no último tom (0.086958ms)
✔ uma fatia só fecha a volta (0.045958ms)
✔ zero e negativo não entram (0.038791ms)
✔ o toque acha a fatia pelo ângulo e ignora o furo (0.092ms)
✔ a fatia com cor de categoria usa a cor, ela viaja com a categoria na ordenação, e "outras" fica no cinza (0.067125ms)
(node:75257) [MODULE_TYPELESS_PACKAGE_JSON] Warning: Module type of file:///Users/gabrielalmeidadias/Documents/Empresas/ProOps/DEV/Personal-ProOps-app/src/design/note-face.test.ts is not specified and it doesn't parse as CommonJS.
Reparsing as ES module because module syntax was detected. This incurs a performance overhead.
To eliminate this warning, add "type": "module" to /Users/gabrielalmeidadias/Documents/Empresas/ProOps/DEV/Personal-ProOps-app/package.json.
(Use `node --trace-warnings ...` to show where the warning was created)
✔ negrito sobe o peso, itálico escolhe a face inclinada (0.696958ms)
✔ negrito dentro de um título (600) sobe para 700 — senão não faz nada visível (0.107375ms)
✔ mono ganha da combinação inteira (0.07225ms)
✔ riscado é decoração, não família (0.145333ms)
(node:75258) [MODULE_TYPELESS_PACKAGE_JSON] Warning: Module type of file:///Users/gabrielalmeidadias/Documents/Empresas/ProOps/DEV/Personal-ProOps-app/src/design/note-surface.test.ts is not specified and it doesn't parse as CommonJS.
Reparsing as ES module because module syntax was detected. This incurs a performance overhead.
To eliminate this warning, add "type": "module" to /Users/gabrielalmeidadias/Documents/Empresas/ProOps/DEV/Personal-ProOps-app/package.json.
(Use `node --trace-warnings ...` to show where the warning was created)
✔ light: as oito cores pintam o cartão e o texto continua legível (1.278084ms)
✔ dark: as oito cores pintam o cartão e o texto continua legível (0.224833ms)
(node:75259) [MODULE_TYPELESS_PACKAGE_JSON] Warning: Module type of file:///Users/gabrielalmeidadias/Documents/Empresas/ProOps/DEV/Personal-ProOps-app/src/design/preview-account-balances.test.ts is not specified and it doesn't parse as CommonJS.
Reparsing as ES module because module syntax was detected. This incurs a performance overhead.
To eliminate this warning, add "type": "module" to /Users/gabrielalmeidadias/Documents/Empresas/ProOps/DEV/Personal-ProOps-app/package.json.
(Use `node --trace-warnings ...` to show where the warning was created)
✔ preview account balances satisfy the same cash contract as production (0.363292ms)
(node:75260) [MODULE_TYPELESS_PACKAGE_JSON] Warning: Module type of file:///Users/gabrielalmeidadias/Documents/Empresas/ProOps/DEV/Personal-ProOps-app/src/design/preview-finance-analysis.test.ts is not specified and it doesn't parse as CommonJS.
Reparsing as ES module because module syntax was detected. This incurs a performance overhead.
To eliminate this warning, add "type": "module" to /Users/gabrielalmeidadias/Documents/Empresas/ProOps/DEV/Personal-ProOps-app/package.json.
(Use `node --trace-warnings ...` to show where the warning was created)
✔ analysis QA seeds exact hook keys and internally consistent money (2.537292ms)
(node:75261) [MODULE_TYPELESS_PACKAGE_JSON] Warning: Module type of file:///Users/gabrielalmeidadias/Documents/Empresas/ProOps/DEV/Personal-ProOps-app/src/design/preview-finance-cache.test.ts is not specified and it doesn't parse as CommonJS.
Reparsing as ES module because module syntax was detected. This incurs a performance overhead.
To eliminate this warning, add "type": "module" to /Users/gabrielalmeidadias/Documents/Empresas/ProOps/DEV/Personal-ProOps-app/package.json.
(Use `node --trace-warnings ...` to show where the warning was created)
✔ preview seeds the period queries Finance actually requests (2.520541ms)
(node:75263) [MODULE_TYPELESS_PACKAGE_JSON] Warning: Module type of file:///Users/gabrielalmeidadias/Documents/Empresas/ProOps/DEV/Personal-ProOps-app/src/design/preview-root.test.ts is not specified and it doesn't parse as CommonJS.
Reparsing as ES module because module syntax was detected. This incurs a performance overhead.
To eliminate this warning, add "type": "module" to /Users/gabrielalmeidadias/Documents/Empresas/ProOps/DEV/Personal-ProOps-app/package.json.
(Use `node --trace-warnings ...` to show where the warning was created)
✔ QA deep links select only the five tab roots (0.339041ms)
✔ QA can open the real invoice route without exposing pushed-route chrome (0.074667ms)
(node:75264) [MODULE_TYPELESS_PACKAGE_JSON] Warning: Module type of file:///Users/gabrielalmeidadias/Documents/Empresas/ProOps/DEV/Personal-ProOps-app/src/design/reorder-math.test.ts is not specified and it doesn't parse as CommonJS.
Reparsing as ES module because module syntax was detected. This incurs a performance overhead.
To eliminate this warning, add "type": "module" to /Users/gabrielalmeidadias/Documents/Empresas/ProOps/DEV/Personal-ProOps-app/package.json.
(Use `node --trace-warnings ...` to show where the warning was created)
✔ a posição soma as alturas medidas mais o respiro (0.700916ms)
✔ altura ainda não medida conta zero e não estoura (0.091292ms)
✔ o slot sai do CENTRO do item arrastado, não do topo (0.524459ms)
✔ arrastar para fora das pontas gruda na primeira e na última (0.075333ms)
✔ a grade é aritmética exata: índice vira linha e coluna (0.546666ms)
✔ na grade o slot é o ladrilho mais próximo, preso dentro dos dados (0.079958ms)
✔ só o irmão ENTRE a origem e o destino anda, e anda UM slot (0.081625ms)
✔ sem arrasto em curso ninguém se mexe (0.062834ms)
✔ o item arrastado acaba exatamente no slot que o leque abriu (0.149167ms)
✔ no meio da tela o auto-scroll fica parado (0.142917ms)
✔ perto do topo ele sobe, e mais rápido quanto mais perto (0.108208ms)
✔ o pé da faixa desconta a DOCK — senão o dedo nunca alcança (0.061958ms)
(node:75265) [MODULE_TYPELESS_PACKAGE_JSON] Warning: Module type of file:///Users/gabrielalmeidadias/Documents/Empresas/ProOps/DEV/Personal-ProOps-app/src/design/sparkline-geometry.test.ts is not specified and it doesn't parse as CommonJS.
Reparsing as ES module because module syntax was detected. This incurs a performance overhead.
To eliminate this warning, add "type": "module" to /Users/gabrielalmeidadias/Documents/Empresas/ProOps/DEV/Personal-ProOps-app/package.json.
(Use `node --trace-warnings ...` to show where the warning was created)
✔ a escala põe as pontas no respiro e o maior valor mais alto (0.350042ms)
✔ série plana não divide por zero (0.052209ms)
✔ comparison shares the vertical scale and preserves the chronological width (0.045333ms)
✔ menos de dois pontos ou largura zero não têm escala (0.037584ms)
✔ o índice do dedo prende nas pontas (0.047583ms)
✔ o rótulo fica dentro da largura (0.038667ms)
(node:75266) [MODULE_TYPELESS_PACKAGE_JSON] Warning: Module type of file:///Users/gabrielalmeidadias/Documents/Empresas/ProOps/DEV/Personal-ProOps-app/src/design/tab-pill.test.ts is not specified and it doesn't parse as CommonJS.
Reparsing as ES module because module syntax was detected. This incurs a performance overhead.
To eliminate this warning, add "type": "module" to /Users/gabrielalmeidadias/Documents/Empresas/ProOps/DEV/Personal-ProOps-app/package.json.
(Use `node --trace-warnings ...` to show where the warning was created)
✔ a folga deixa o círculo encostar no respiro da pílula, nunca passar dele (0.336458ms)
✔ dentro da faixa a posição da mola passa intacta (0.056542ms)
✔ slot pequeno demais não dá folga negativa (0.034334ms)
✔ a distância da aba satura em um slot (0.043583ms)
✔ o alvo ocupa o slot no celular, mas não a faixa vazia entre ícones no tablet (0.04175ms)
✔ rótulos vizinhos nunca ficam a menos do vão mínimo, em nenhuma largura de celular (0.076625ms)
✔ com espaço sobrando, o rótulo segue a fonte do sistema até 1,15× (0.035041ms)
(node:75267) [MODULE_TYPELESS_PACKAGE_JSON] Warning: Module type of file:///Users/gabrielalmeidadias/Documents/Empresas/ProOps/DEV/Personal-ProOps-app/src/design/tablet-accounts.test.ts is not specified and it doesn't parse as CommonJS.
Reparsing as ES module because module syntax was detected. This incurs a performance overhead.
To eliminate this warning, add "type": "module" to /Users/gabrielalmeidadias/Documents/Empresas/ProOps/DEV/Personal-ProOps-app/package.json.
(Use `node --trace-warnings ...` to show where the warning was created)
✔ accounts keeps the ledger primary and decision support secondary on tablets (0.887542ms)
✔ accounts tablet support does not duplicate ledger sections (0.126166ms)
(node:75268) [MODULE_TYPELESS_PACKAGE_JSON] Warning: Module type of file:///Users/gabrielalmeidadias/Documents/Empresas/ProOps/DEV/Personal-ProOps-app/src/design/tablet-cards.test.ts is not specified and it doesn't parse as CommonJS.
Reparsing as ES module because module syntax was detected. This incurs a performance overhead.
To eliminate this warning, add "type": "module" to /Users/gabrielalmeidadias/Documents/Empresas/ProOps/DEV/Personal-ProOps-app/package.json.
(Use `node --trace-warnings ...` to show where the warning was created)
✔ cards keeps compact reading order and composes a measured tablet decision workspace (0.858584ms)
(node:75269) [MODULE_TYPELESS_PACKAGE_JSON] Warning: Module type of file:///Users/gabrielalmeidadias/Documents/Empresas/ProOps/DEV/Personal-ProOps-app/src/design/tablet-transactions.test.ts is not specified and it doesn't parse as CommonJS.
Reparsing as ES module because module syntax was detected. This incurs a performance overhead.
To eliminate this warning, add "type": "module" to /Users/gabrielalmeidadias/Documents/Empresas/ProOps/DEV/Personal-ProOps-app/package.json.
(Use `node --trace-warnings ...` to show where the warning was created)
✔ transaction workspace keeps the native ledger below the safe two-pane width (0.622333ms)
✔ transactions uses a virtualized ledger beside contextual controls only in wide windows (1.180417ms)
(node:75270) [MODULE_TYPELESS_PACKAGE_JSON] Warning: Module type of file:///Users/gabrielalmeidadias/Documents/Empresas/ProOps/DEV/Personal-ProOps-app/src/design/tile-math.test.ts is not specified and it doesn't parse as CommonJS.
Reparsing as ES module because module syntax was detected. This incurs a performance overhead.
To eliminate this warning, add "type": "module" to /Users/gabrielalmeidadias/Documents/Empresas/ProOps/DEV/Personal-ProOps-app/package.json.
(Use `node --trace-warnings ...` to show where the warning was created)
✔ tamanho normal: Entra e Sai cabem lado a lado (0.579459ms)
✔ valor que precisaria encolher mais que o limite pede a linha inteira (0.092625ms)
✔ palavra que não cabe na metade pede a linha inteira (nunca "Orçament/os") (0.068ms)
✔ a fileira empilha TODOS quando o maior mínimo não cabe na metade — e só então (0.097958ms)
(node:75271) [MODULE_TYPELESS_PACKAGE_JSON] Warning: Module type of file:///Users/gabrielalmeidadias/Documents/Empresas/ProOps/DEV/Personal-ProOps-app/src/design/wallet-stage.test.ts is not specified and it doesn't parse as CommonJS.
Reparsing as ES module because module syntax was detected. This incurs a performance overhead.
To eliminate this warning, add "type": "module" to /Users/gabrielalmeidadias/Documents/Empresas/ProOps/DEV/Personal-ProOps-app/package.json.
(Use `node --trace-warnings ...` to show where the warning was created)
✔ the wallet keeps phone geometry and bounds the tablet carousel (0.565209ms)
✔ the measured stage is centered and a resize follows the current card (0.873333ms)
(node:75272) [MODULE_TYPELESS_PACKAGE_JSON] Warning: Module type of file:///Users/gabrielalmeidadias/Documents/Empresas/ProOps/DEV/Personal-ProOps-app/src/design/wave-math.test.ts is not specified and it doesn't parse as CommonJS.
Reparsing as ES module because module syntax was detected. This incurs a performance overhead.
To eliminate this warning, add "type": "module" to /Users/gabrielalmeidadias/Documents/Empresas/ProOps/DEV/Personal-ProOps-app/package.json.
(Use `node --trace-warnings ...` to show where the warning was created)
✔ cobrir: em 1 não há nada na tela, em 0 a tela inteira está coberta (0.375542ms)
✔ revelar: em 0 a tela inteira está coberta, em 1 não há nada (0.05625ms)
✔ as duas fases andam para CIMA: a borda sobe enquanto a cobertura cresce e enquanto some (0.072583ms)
✔ a curva é mais funda no meio do caminho do que nas pontas (0.036375ms)
✔ o círculo cobre a tela inteira a partir de qualquer origem (0.579625ms)
✔ a curva de tempo vai de 0 a 1 sem sair do intervalo (0.040542ms)
✔ a capa para com a linha de base em 17% da altura (0.090417ms)
✔ a altura da capa é o ponto mais baixo da borda (o fundo da barriga) (0.173584ms)
(node:75273) [MODULE_TYPELESS_PACKAGE_JSON] Warning: Module type of file:///Users/gabrielalmeidadias/Documents/Empresas/ProOps/DEV/Personal-ProOps-app/src/lib/abas.test.ts is not specified and it doesn't parse as CommonJS.
Reparsing as ES module because module syntax was detected. This incurs a performance overhead.
To eliminate this warning, add "type": "module" to /Users/gabrielalmeidadias/Documents/Empresas/ProOps/DEV/Personal-ProOps-app/package.json.
(Use `node --trace-warnings ...` to show where the warning was created)
✔ A rota (tabs) tem o título da aba ativa — é o que o "voltar" do iOS lê (0.296125ms)
✔ As duas tab bars leem o rótulo da mesma lista (0.486375ms)
(node:75274) [MODULE_TYPELESS_PACKAGE_JSON] Warning: Module type of file:///Users/gabrielalmeidadias/Documents/Empresas/ProOps/DEV/Personal-ProOps-app/src/lib/account-cash.test.ts is not specified and it doesn't parse as CommonJS.
Reparsing as ES module because module syntax was detected. This incurs a performance overhead.
To eliminate this warning, add "type": "module" to /Users/gabrielalmeidadias/Documents/Empresas/ProOps/DEV/Personal-ProOps-app/package.json.
(Use `node --trace-warnings ...` to show where the warning was created)
✔ o total é a soma EXATA das linhas mostradas (0.708167ms)
✔ cartão e investimento ficam de fora — não são caixa (0.340958ms)
✔ o lançamento SEM conta entra como linha, e por isso o total continua fechando (0.066541ms)
✔ o que ainda vai cair não entra no total — ele vira aReceber (0.043167ms)
✔ conta zerada e sem nada a receber não vira linha (0.06675ms)
(node:75275) [MODULE_TYPELESS_PACKAGE_JSON] Warning: Module type of file:///Users/gabrielalmeidadias/Documents/Empresas/ProOps/DEV/Personal-ProOps-app/src/lib/account-creation.test.ts is not specified and it doesn't parse as CommonJS.
Reparsing as ES module because module syntax was detected. This incurs a performance overhead.
To eliminate this warning, add "type": "module" to /Users/gabrielalmeidadias/Documents/Empresas/ProOps/DEV/Personal-ProOps-app/package.json.
(Use `node --trace-warnings ...` to show where the warning was created)
✔ F02: a lost response freezes the original request; changing fields cannot create a second account (847.306958ms)
✔ F02: concurrent identical submissions share one request and a frozen input snapshot (496.531875ms)
✔ F02: proven SQL rollbacks release the attempt; transport and malformed responses retain it (3536.91825ms)
✔ F02: archived/unavailable acknowledgments retain identity and invalidate financial caches without clearing others (882.557125ms)
✔ F02: incomplete or invalid current account rows retain the original attempt for replay (5750.640792ms)
✔ F02: acknowledgment validates current shape without undoing a later rename, type or signed balance edit (440.164208ms)
✔ F02: replay confirms current nullable card days after a lost response without replacing the original payload (893.584708ms)
✔ F02: rollback de um retry não descarta a intenção de um envio anterior sem confirmação (1267.832291ms)
(node:75276) [MODULE_TYPELESS_PACKAGE_JSON] Warning: Module type of file:///Users/gabrielalmeidadias/Documents/Empresas/ProOps/DEV/Personal-ProOps-app/src/lib/account-form.test.ts is not specified and it doesn't parse as CommonJS.
Reparsing as ES module because module syntax was detected. This incurs a performance overhead.
To eliminate this warning, add "type": "module" to /Users/gabrielalmeidadias/Documents/Empresas/ProOps/DEV/Personal-ProOps-app/package.json.
(Use `node --trace-warnings ...` to show where the warning was created)
✔ shared account defaults are fresh, zero-valued and respect the chosen type (0.36425ms)
✔ account editing initializes current balance and preserves the existing initial adjustment (0.156ms)
✔ account validation rejects fractional unsafe or negative money and unsafe adjustment (0.347792ms)
✔ card days are integers 1 through 31, limit safe nonnegative and rate a percentage (0.139209ms)
✔ noncard payload clears card fields and only checking uses a negative sign (0.058708ms)
✔ duplicate name error differs from network and preserves intentional domain errors (0.078667ms)
✔ new cards discard hidden bank balances and card edits preserve their seed despite debt (0.071125ms)
✔ bank to card without transactions preserves the existing signed seed instead of discarding cash (0.077292ms)
✔ card to checking without transactions preserves signed balance and clears card-specific fields (0.098ms)
✔ editing a negative account cannot silently flip its sign by selecting an unsigned type (0.178542ms)
(node:75277) [MODULE_TYPELESS_PACKAGE_JSON] Warning: Module type of file:///Users/gabrielalmeidadias/Documents/Empresas/ProOps/DEV/Personal-ProOps-app/src/lib/account-picker-query.test.ts is not specified and it doesn't parse as CommonJS.
Reparsing as ES module because module syntax was detected. This incurs a performance overhead.
To eliminate this warning, add "type": "module" to /Users/gabrielalmeidadias/Documents/Empresas/ProOps/DEV/Personal-ProOps-app/package.json.
(Use `node --trace-warnings ...` to show where the warning was created)
✔ F03: muitas instâncias do seletor compartilham uma RPC por recurso no cache real (873.653291ms)
✔ F03: recurso desabilitado não busca nem mesmo quando o outro recurso está montado (462.502042ms)
(node:75278) [MODULE_TYPELESS_PACKAGE_JSON] Warning: Module type of file:///Users/gabrielalmeidadias/Documents/Empresas/ProOps/DEV/Personal-ProOps-app/src/lib/accounts.test.ts is not specified and it doesn't parse as CommonJS.
Reparsing as ES module because module syntax was detected. This incurs a performance overhead.
To eliminate this warning, add "type": "module" to /Users/gabrielalmeidadias/Documents/Empresas/ProOps/DEV/Personal-ProOps-app/package.json.
(Use `node --trace-warnings ...` to show where the warning was created)
✔ o cartão diz que é cartão — foi o que custou R$ 4.000 em produção (1.609958ms)
✔ nome que já diz o tipo não repete (0.11625ms)
✔ os outros tipos também aparecem — a regra não é só sobre cartão (0.087375ms)
✔ sem conta e tipo desconhecido não quebram a tela (0.073834ms)
✔ O saldo de UMA conta: dinheiro mostra o confirmado; cartão, o total (24/09/2026) (0.56075ms)
✔ editar o saldo atual anda o inicial pela diferença, e sem mexer não muda nada (0.091583ms)
✔ filtros e formulários distinguem cartão, conta histórica e ausência com o mesmo seletor (0.319ms)
✔ F02: confirma origem por UUID e compatibilidade atual, sem adotar por nome (0.15325ms)
✔ F02: resultado tardio, arquivado, apagado ou com identidade divergente não sobrescreve origem (0.132875ms)
✔ F03: saldo é confirmado com sinal; limite vem de todas as obrigações, não da fatura visível (0.274709ms)
✔ F03: zero explícito é um valor; limite ausente não é zero nem ilimitado (0.169125ms)
✔ F03: carregamento, erro e pausa conservam opções sem inventar dinheiro (0.184ms)
✔ F03: refetch tem valor sinalizado; erro posterior não apresenta cache antigo como atual (0.077375ms)
✔ F03: inteiro seguro é obrigatório; strings SQL inteiras são aceitas sem perda (0.261ms)
✔ F03: ocultação fixa protege saldo, sinal e limite sem chamar o formatador (0.139792ms)
✔ F03: conta arquivada não recebe número atual e consulta por ID distingue nomes iguais (0.093792ms)
✔ F03: exposição legada incompleta não anuncia limite disponível canônico (0.067916ms)
✔ F03: contrato de qualidade inválido não apresenta número como confirmado (0.191917ms)
(node:75279) [MODULE_TYPELESS_PACKAGE_JSON] Warning: Module type of file:///Users/gabrielalmeidadias/Documents/Empresas/ProOps/DEV/Personal-ProOps-app/src/lib/agent-chat.test.ts is not specified and it doesn't parse as CommonJS.
Reparsing as ES module because module syntax was detected. This incurs a performance overhead.
To eliminate this warning, add "type": "module" to /Users/gabrielalmeidadias/Documents/Empresas/ProOps/DEV/Personal-ProOps-app/package.json.
(Use `node --trace-warnings ...` to show where the warning was created)
✔ newClientMessageId monta um UUID v4 a partir dos 16 bytes recebidos (6.883583ms)
✔ os bits de versão e variant são aplicados mesmo com bytes todos 0xff (0.125917ms)
✔ bytes diferentes geram ids diferentes (0.063792ms)
✔ só os 16 bytes entram: a mesma semente devolve o mesmo id (0.051917ms)
✔ defaultRandomBytes prefere o CSPRNG quando ele existe (0.06225ms)
✔ sem CSPRNG cai no fallback e ainda preenche os 16 bytes (2.220459ms)
✔ o retry reaproveita o UUID já guardado na mensagem falha (0.113167ms)
✔ mensagem vazia ou só com espaço não envia (0.102542ms)
✔ mensagem no limite envia e acima não (0.086875ms)
✔ o limite conta o texto TRIMADO, que é o que o servidor recebe (0.108917ms)
✔ título vazio ou acima de 80 não salva (0.079333ms)
✔ páginas de conversas concatenam sem duplicar id (0.545375ms)
✔ a conversa repetida fica com a versão MAIS NOVA (0.058833ms)
✔ página antiga entra ANTES sem mudar a ordem (0.123958ms)
✔ sequence repetido não duplica (0.055417ms)
✔ mensagem local sem sequence sobrevive à chegada da página (0.053334ms)
✔ isNearChatEnd distingue 80px do fim (0.054625ms)
✔ gravação com apenas ruído de fundo não é enviada ao transcritor (0.073708ms)
✔ 402 abre paywall e não oferece nova tentativa (0.0585ms)
✔ 409 mantém o composer bloqueado e é retentável (0.0385ms)
✔ 429 é retentável sem paywall (0.035875ms)
✔ falha de rede é retentável (0.036666ms)
✔ 422 e 404 não são retentáveis: repetir dá o mesmo erro (0.040291ms)
✔ 500 é retentável (0.0405ms)
✔ pergunta já resolvida desabilita TODOS os controles (0.05375ms)
✔ payload sem pending_id não tem controle para habilitar (0.045041ms)
✔ turno em andamento também desabilita (0.046916ms)
✔ 200 não renova nada (0.130167ms)
✔ 401 renova UMA vez e repete com o token novo (0.068625ms)
✔ 401 no retry encerra a sessão e NÃO tenta uma terceira vez (0.088916ms)
✔ refresh que falha encerra a sessão sem tentar de novo (0.06425ms)
✔ erro que não é 401 passa direto, sem renovar (0.118167ms)
✔ composer bloqueia vazio, acima do limite e turno ativo, mas deixa corrigir proposta aberta (0.059667ms)
✔ a conversa criada vira a rota do id, não uma tela nova (0.036584ms)
✔ confirmação simples vira approve e reject (0.167583ms)
✔ candidatos viram choose com o id que o servidor congelou (0.080709ms)
✔ lista longa vira linhas com descrição (0.0605ms)
✔ opção de OUTRA pergunta é descartada (0.082833ms)
✔ payload sem pendente não rende botão nenhum (0.050083ms)
✔ a lista de cartões do rascunho vira botões (0.13375ms)
✔ o sufixo do rascunho não é interpretado na tela (0.073417ms)
✔ botão de OUTRO rascunho é descartado (0.06225ms)
✔ um payload não empresta o id do outro (0.050541ms)
✔ pergunta de rascunho respondida deixa os controles inertes (0.054125ms)
✔ resolvido e expirado deixam os controles inertes (0.044167ms)
✔ o negrito do WhatsApp vira trecho, não asterisco na tela (0.155458ms)
✔ asterisco solto continua sendo asterisco (0.071791ms)
✔ o par não atravessa quebra de linha (0.042792ms)
✔ o preview da lista sai sem a marcação (0.058167ms)
✔ abrirConversaNova navega no mesmo toque, mesmo com o envio nunca resolvendo (0.137291ms)
✔ a semente tem o formato do useInfiniteQuery e a mensagem local sem sequence (0.849542ms)
✔ histórico: cache vazio busca; só a mensagem local não busca; com servidor busca (0.090708ms)
✔ aplicarTurno troca a local pela do servidor sem duplicar e sem apagar resposta do agente (0.1715ms)
✔ aplicarTurno encaixa na página MAIS NOVA (a primeira), não na mais antiga (0.064375ms)
✔ marcarTurnoLocal muda só a mensagem daquele turno (0.107084ms)
✔ retry: sem nada do servidor recria com o mesmo id; depois, envia (0.067375ms)
✔ falha do turno: 404 sai sem retry, 422 sem retry, rede com texto de rede (0.121333ms)
✔ título provisório segue a regra do servidor: 1ª linha não vazia, colapsada, 48 (0.145375ms)
✔ duplo toque no mesmo quadro abre UMA conversa só (0.125417ms)
✔ trava do toque libera no próximo quadro mesmo se o envio lançar (0.276959ms)
✔ compositor trava enquanto a conversa não existe no servidor (0.21025ms)
✔ marcarTurnoLocal renova o created_at quando o patch traz um (0.060333ms)
✔ not_configured não vira "sem conexão" com retry (0.073ms)
✔ marcarTurnoLocal reabre também a mensagem que o servidor já gravou (0.054541ms)
(node:75301) [MODULE_TYPELESS_PACKAGE_JSON] Warning: Module type of file:///Users/gabrielalmeidadias/Documents/Empresas/ProOps/DEV/Personal-ProOps-app/src/lib/agent-navigation.test.ts is not specified and it doesn't parse as CommonJS.
Reparsing as ES module because module syntax was detected. This incurs a performance overhead.
To eliminate this warning, add "type": "module" to /Users/gabrielalmeidadias/Documents/Empresas/ProOps/DEV/Personal-ProOps-app/package.json.
(Use `node --trace-warnings ...` to show where the warning was created)
✔ components/app-tabs.tsx tem os cinco destinos na ordem canônica (0.698958ms)
✔ components/app-tabs.tsx declara cada destino uma vez só (0.214625ms)
✔ components/app-tabs.android.tsx tem os cinco destinos na ordem canônica (0.069875ms)
✔ components/app-tabs.android.tsx declara cada destino uma vez só (0.62075ms)
✔ components/app-tabs.web.tsx tem os cinco destinos na ordem canônica (0.401375ms)
✔ components/app-tabs.web.tsx declara cada destino uma vez só (0.152291ms)
✔ o Android navega para os cinco hrefs, na mesma ordem (0.122625ms)
✔ a pílula inferior do Android recebe a seleção da rota em qualquer largura (0.194458ms)
✔ a vitrine visual monta as cinco raízes (0.4535ms)
✔ a vitrine Android mostra a mesma pílula inferior das raízes (0.174625ms)
✔ a aba do agente usa os SF Symbols que estão no mapa do Icon (0.238417ms)
✔ a lista lateral da aba do Agente EMPURRA a conversa (com replace ela sumia com as abas) (0.182ms)
(node:75302) [MODULE_TYPELESS_PACKAGE_JSON] Warning: Module type of file:///Users/gabrielalmeidadias/Documents/Empresas/ProOps/DEV/Personal-ProOps-app/src/lib/agent-sql-columns.test.ts is not specified and it doesn't parse as CommonJS.
Reparsing as ES module because module syntax was detected. This incurs a performance overhead.
To eliminate this warning, add "type": "module" to /Users/gabrielalmeidadias/Documents/Empresas/ProOps/DEV/Personal-ProOps-app/package.json.
(Use `node --trace-warnings ...` to show where the warning was created)
✔ todo insert do agente escreve em coluna que existe (16.392709ms)
(node:75303) [MODULE_TYPELESS_PACKAGE_JSON] Warning: Module type of file:///Users/gabrielalmeidadias/Documents/Empresas/ProOps/DEV/Personal-ProOps-app/src/lib/ai-channel-contract.test.ts is not specified and it doesn't parse as CommonJS.
Reparsing as ES module because module syntax was detected. This incurs a performance overhead.
To eliminate this warning, add "type": "module" to /Users/gabrielalmeidadias/Documents/Empresas/ProOps/DEV/Personal-ProOps-app/package.json.
(Use `node --trace-warnings ...` to show where the warning was created)
✔ o serviço Python exige o canal e grava as duas colunas (0.374667ms)
(node:75304) [MODULE_TYPELESS_PACKAGE_JSON] Warning: Module type of file:///Users/gabrielalmeidadias/Documents/Empresas/ProOps/DEV/Personal-ProOps-app/src/lib/alert-history.test.ts is not specified and it doesn't parse as CommonJS.
Reparsing as ES module because module syntax was detected. This incurs a performance overhead.
To eliminate this warning, add "type": "module" to /Users/gabrielalmeidadias/Documents/Empresas/ProOps/DEV/Personal-ProOps-app/package.json.
(Use `node --trace-warnings ...` to show where the warning was created)
✔ combina o mesmo alerta entregue por push e WhatsApp (1.110708ms)
✔ não combina alertas de workspaces diferentes (0.113459ms)
✔ mantém uma entrega antiga sem canal reconhecido (0.087917ms)
✔ o número do sino: visíveis e não lidos, com marco e lista nos dois lados (0.187792ms)
✔ abrir o histórico marca o mais novo da lista, fora de ordem ou não (0.091333ms)
(node:75305) [MODULE_TYPELESS_PACKAGE_JSON] Warning: Module type of file:///Users/gabrielalmeidadias/Documents/Empresas/ProOps/DEV/Personal-ProOps-app/src/lib/alert-preferences-contract.test.ts is not specified and it doesn't parse as CommonJS.
Reparsing as ES module because module syntax was detected. This incurs a performance overhead.
To eliminate this warning, add "type": "module" to /Users/gabrielalmeidadias/Documents/Empresas/ProOps/DEV/Personal-ProOps-app/package.json.
(Use `node --trace-warnings ...` to show where the warning was created)
✔ desligar aviso financeiro não apaga a capacidade de push (0.327792ms)
(node:75306) [MODULE_TYPELESS_PACKAGE_JSON] Warning: Module type of file:///Users/gabrielalmeidadias/Documents/Empresas/ProOps/DEV/Personal-ProOps-app/src/lib/anti-slop.test.ts is not specified and it doesn't parse as CommonJS.
Reparsing as ES module because module syntax was detected. This incurs a performance overhead.
To eliminate this warning, add "type": "module" to /Users/gabrielalmeidadias/Documents/Empresas/ProOps/DEV/Personal-ProOps-app/package.json.
(Use `node --trace-warnings ...` to show where the warning was created)
✔ nenhuma cor hardcoded fora de constants/theme.ts (62.085417ms)
✔ nenhum fontSize solto fora de design/tokens.ts (21.92225ms)
✔ nenhum fontWeight solto — peso é FAMÍLIA, não número (17.56775ms)
✔ nenhuma face do tipo antigo sobrou (30.355667ms)
✔ campo de ação como FUNDO é tintFill, nunca tint (20.896542ms)
✔ rgba/hsl literais também não passam (18.041375ms)
✔ nenhum onAuthStateChange fora de hooks/use-session.tsx (27.165583ms)
✔ nenhum rótulo truncado — texto quebra, layout cede (20.232292ms)
✔ nenhum Canvas do Skia fora de ui/skia-canvas.tsx (23.197333ms)
✔ SkiaCanvas lê PixelRatio no carregamento do módulo, não a cada render (0.254375ms)
✔ nenhuma chamada a Edge Function no app (15.992333ms)
✔ nenhuma leitura do app usa RPC de projeção linha-por-dia (24.501459ms)
✔ hint de Field cabe em duas linhas (19.185792ms)
✔ botão ghost só como par do primário (27.027667ms)
✔ placeholder de busca cabe em uma linha (34.564208ms)
✔ nenhuma tela compõe variante de texto com spread de Type (5.579042ms)
✔ nenhum glifo de texto fazendo papel de ícone (16.456125ms)
✔ nenhuma tela desenha o próprio campo de texto (32.179209ms)
✔ nenhuma tela monta lista de conta à mão (61.766333ms)
✔ nenhuma tela declara HeaderActions e HeaderMenu juntos (5.66625ms)
✔ useRecentTransactions só lista o que já aconteceu (0.321417ms)
✔ mês de ciclo nunca vem de currentMonth() (80.889292ms)
✔ todo Sheet abre com TaskHeader (13.093125ms)
✔ nenhuma tela monta headerLeft (16.555833ms)
✔ nenhuma tela desenha o próprio botão de fechar (26.378666ms)
✔ Segmented não passa de 4 opções (16.814375ms)
✔ toda tela de conteúdo usa <Screen> (4.4835ms)
✔ createAnimatedComponent(Pressable) só com estilo estático (12.842584ms)
✔ o resumo e a lista de lançamentos leem a mesma janela (16.048875ms)
✔ o portão de carregamento só aceita consulta, nunca booleano (17.9525ms)
✔ valor em texto visível passa por Money ou useBRL (47.845459ms)
✔ toda face de Fonts está carregada no _layout raiz (13.893084ms)
✔ a paleta de nota e o CHECK do banco dizem a mesma coisa (0.906125ms)
✔ header translúcido na raiz, nenhum título grande, nenhuma tela opaca por cima (84.368583ms)
✔ nenhuma tela decide "previsto" pelo status (51.534875ms)
✔ LinearTransition só mora em components/motion/transicao.ts (16.608459ms)
✔ título de seção fica a Space.md do conteúdo, no Section e em volta de todo SectionHead e BlockHeader (15.038292ms)
✔ Switch de formulário só pelo SwitchRow (18.935625ms)
✔ frase com dinheiro não é montada em peças numa linha que quebra (20.792334ms)
✔ o título da linha de extrato tem o mesmo piso de largura do título da Row (0.154916ms)
✔ card que arrasta tem press-in: o filho do Deslizavel é PressableScale ou desenha o pressionado (29.48525ms)
✔ Placeholder é exemplo ("Ex.: …") ou instrução, nunca dado que parece preenchido (12.956042ms)
✔ Busca nativa do iOS não esconde a barra de navegação (o "(tabs)" de 24/09/2026) (0.089708ms)
✔ Botão do painel do arrasto é Tap simultâneo ao observador do dedo (iOS não recebia o toque) (0.154834ms)
✔ O item levantado no reordenar tem o raio do card: a sombra não desenha um quadrado (0.084333ms)
✔ Nenhum « » em texto do app: o termo vai em negrito ou a frase se reescreve (25.765917ms)
✔ O input invisível do Valor não prende o arrasto: não alinha o texto à direita (0.1315ms)
✔ Campo centralizado ou à direita não prende o arrasto no Android (TextField) (0.073208ms)
✔ O toast sobe acima do teclado: erro de formulário não some atrás dele (0.047375ms)
✔ Toda rolagem deixa o toque passar com o teclado aberto (keyboardShouldPersistTaps, nunca o padrão never) (10.410625ms)
✔ Pagamento de dívida não troca de tipo, não vira "vou pagar depois" nem sai de cartão no formulário (0.259334ms)
✔ Formulário distingue consulta pendente/erro antes de oferecer o seletor com cadastro contextual (0.161666ms)
✔ Formulário aberto por link remonta quando o registro muda (key pelo id) (31.545333ms)
✔ o nome que ficava entre « » vai em <Forte>, não solto na frase (27.502709ms)
✔ a cascata do Screen não embrulha o que não ocupa lugar na tela (0.117583ms)
✔ nome citado nem exemplo vão entre aspas: negrito onde o app desenha, frase nomeada no diálogo nativo (56.416833ms)
✔ o conteúdo que substitui o esqueleto nasce no lugar, sem voltar ao invisível (0.185916ms)
✔ as conversas do Agente são buscadas ao entrar na conta, com as MESMAS opções da aba (0.077916ms)
✔ toda tela de dados tem puxar para atualizar (2.876209ms)
✔ nenhum horário vira dia por slice (é o dia do UTC) (37.4685ms)
✔ vazio grande só onde ele é a única coisa da tela; com outra coisa, é compacto (8.038083ms)
✔ Ocorrência de série: uma data só (o vencimento), e o caminho para editar a série (0.645541ms)
✔ Em parcela, Editar abre o lançamento e oferece o alcance ao Salvar (1.007708ms)
✔ O dia de um timestamp na tela é o LOCAL, nunca o recorte do UTC (47.10975ms)
✔ Juros do Pix no crédito também se edita: abre com o juro que nasceu junto e acompanha a compra (0.428459ms)
✔ Pix no crédito para conta própria: a transferência do cartão tem juro, e ele é despesa no cartão (0.464709ms)
✔ Folha com rolagem usa SheetScroll, e o conteúdo dela não soma a área segura (22.713917ms)
✔ arrasto: esquerda só tira da lista, direita nunca apaga, e apagar se chama "Apagar" (16.563041ms)
✔ Formulários sem modo hipótese: a hipótese é feita na Projeção, e o formulário só APLICA (spec 2026-09-29) (0.615875ms)
✔ Lançamento aberto pelo "Aplicar" de uma rápida: os dois caminhos de salvar a tiram do rascunho (0.255625ms)
✔ Rascunho da Projeção: a fileira de ações QUEBRA a linha (0.120416ms)
✔ Projeção: "tenho hoje" e "em N dias" QUEBRAM a linha com fonte grande (0.113375ms)
✔ TaskHeader: ação longa desce de linha antes de espremer o título (0.08825ms)
✔ MoneyField: caixa e odômetro usam a mesma escala que cabe com Dynamic Type (0.069292ms)
✔ Lançamento: com a fileira de parcelas escondida, o erro dela aparece na Conta — Salvar nunca fica mudo (0.085333ms)
✔ Ladrilho: lado a lado, e a linha inteira só quando MEDIR que não cabe (0.112458ms)
✔ Legenda da curva do herói QUEBRA a linha em vez de partir a palavra (0.087375ms)
✔ BlockHeader: a contagem e a pílula crescem com a fonte (altura MÍNIMA, nunca fixa) (0.081833ms)
✔ CountUpMoney: quando o valor animado não cabe, o <Money> que o substitui ENCOLHE (nunca reticência) (0.039625ms)
✔ Atalhos do Agente: o botão tem a largura do texto (nunca "Lembret/e"), no máximo dois por linha (0.055958ms)
✔ Barra de abas do Android: parado, o círculo é do React; o Reanimated só desenha durante a troca (0.05275ms)
✔ Projeção: o caminho "detalhado" do E se saiu por inteiro (0.172875ms)
✔ Atalhos de lançamento: os menus "Lançar" são os mesmos no app inteiro (0.188708ms)
✔ A conversão passa pela RPC converter_registro e invalida o financeiro (0.137667ms)
✔ O lançamento é um corpo do formulário único: seletor no topo, criar outro no fim, e converte (0.142917ms)
✔ A tinta da categoria é cor de CONTEÚDO: sai da paleta das notas, nunca de tint/danger/warning (0.094834ms)
✔ Toda lista que desenha o ícone da categoria desenha a cor dela (useAparencia, não categoryIcon direto) (9.712417ms)
(node:75307) [MODULE_TYPELESS_PACKAGE_JSON] Warning: Module type of file:///Users/gabrielalmeidadias/Documents/Empresas/ProOps/DEV/Personal-ProOps-app/src/lib/anticipation.test.ts is not specified and it doesn't parse as CommonJS.
Reparsing as ES module because module syntax was detected. This incurs a performance overhead.
To eliminate this warning, add "type": "module" to /Users/gabrielalmeidadias/Documents/Empresas/ProOps/DEV/Personal-ProOps-app/package.json.
(Use `node --trace-warnings ...` to show where the warning was created)
✔ as últimas pegam do fim; as próximas, do começo (0.605959ms)
✔ pedir mais do que existe devolve todas; zero não devolve nada (0.843833ms)
✔ recorrente não tem fim: "as últimas" vira as próximas (0.104916ms)
✔ o valor sugerido é a soma dos valores presentes, em centavos inteiros (0.080541ms)
✔ a hipótese é um pagamento e um cancelamento por parcela, no dia de cada uma (0.2075ms)
✔ sem parcela ou sem valor, não há hipótese (0.073292ms)
✔ o horizonte precisa ir até a última parcela tirada (0.076375ms)
✔ a lista mostra um adiantamento como UMA hipótese, e tirar leva o grupo inteiro (0.152667ms)
✔ editar troca a hipótese no mesmo lugar da lista, e grupo sumido entra no fim (0.174875ms)
✔ a escolha do adiantamento viaja no draft do pagamento, para a edição voltar a ela (0.164583ms)
✔ 8 parcelas escolhidas em setembro assentam no que cabe em dezembro, sem erro (0.107917ms)
✔ cada mês à frente tira UMA parcela, e ir e voltar dá sempre o mesmo número (0.21225ms)
(node:75309) [MODULE_TYPELESS_PACKAGE_JSON] Warning: Module type of file:///Users/gabrielalmeidadias/Documents/Empresas/ProOps/DEV/Personal-ProOps-app/src/lib/aos-poucos.test.ts is not specified and it doesn't parse as CommonJS.
Reparsing as ES module because module syntax was detected. This incurs a performance overhead.
To eliminate this warning, add "type": "module" to /Users/gabrielalmeidadias/Documents/Empresas/ProOps/DEV/Personal-ProOps-app/package.json.
(Use `node --trace-warnings ...` to show where the warning was created)
✔ mostra o primeiro passo e conta o que falta (0.324959ms)
✔ o último passo mostra só o que sobra (0.056542ms)
✔ lista curta não tem "ver mais" (0.041834ms)
(node:75310) [MODULE_TYPELESS_PACKAGE_JSON] Warning: Module type of file:///Users/gabrielalmeidadias/Documents/Empresas/ProOps/DEV/Personal-ProOps-app/src/lib/app-update.test.ts is not specified and it doesn't parse as CommonJS.
Reparsing as ES module because module syntax was detected. This incurs a performance overhead.
To eliminate this warning, add "type": "module" to /Users/gabrielalmeidadias/Documents/Empresas/ProOps/DEV/Personal-ProOps-app/package.json.
(Use `node --trace-warnings ...` to show where the warning was created)
✔ o atualizador de APK pertence apenas ao pacote Android de produção (0.696542ms)
✔ parseia o contrato, ignora campos novos e normaliza o sha256 (0.689834ms)
✔ notas são opcionais para manter compatibilidade com manifestos antigos (0.134458ms)
✔ recusa HTML explicitamente antes de tentar baixar qualquer APK (0.279625ms)
✔ recusa campos obrigatórios inválidos (0.187834ms)
✔ limita o corpo durante a leitura, não só depois do download (2.8945ms)
✔ só versionCode estritamente maior é atualização (0.061541ms)
✔ progresso é inteiro, limitado e ausente sem tamanho total (0.047458ms)
✔ grava e calcula o SHA-256 no mesmo laço, emitindo só percentuais novos (0.433417ms)
✔ apaga o APK parcial quando o hash não confere (0.178125ms)
✔ a interface mostra as notas e só oferece a próxima etapa válida (0.997125ms)
(node:75311) [MODULE_TYPELESS_PACKAGE_JSON] Warning: Module type of file:///Users/gabrielalmeidadias/Documents/Empresas/ProOps/DEV/Personal-ProOps-app/src/lib/arrasto.test.ts is not specified and it doesn't parse as CommonJS.
Reparsing as ES module because module syntax was detected. This incurs a performance overhead.
To eliminate this warning, add "type": "module" to /Users/gabrielalmeidadias/Documents/Empresas/ProOps/DEV/Personal-ProOps-app/package.json.
(Use `node --trace-warnings ...` to show where the warning was created)
✔ cada ação vai para o lado marcado, na ordem declarada (1.275417ms)
✔ "Mais" aparece quando sobra ação sem lado, e "fora" não conta (0.104209ms)
✔ submenu sem lado conta para o "Mais" (é assim que "Mover para" chega) (0.080792ms)
✔ ação desligada ou sem onPress não entra no arrasto nem no "Mais" (0.08ms)
✔ até o fim aciona a opção da BORDA, qualquer que seja (24/09/2026) (0.088541ms)
✔ a ponta é a do painel DESENHADO: só "Mais" à esquerda, "Mais" é a ponta (0.116542ms)
✔ pouco arrastado: cada botão na largura natural, saindo de baixo do card em degraus (0.13875ms)
✔ aberto: os botões encostam um no outro, cada um na largura natural (0.07375ms)
✔ passando do painel, os botões esticam por igual e o conteúdo fica no meio de cada um (0.088625ms)
✔ até o fim, a ponta cobre o painel até o card, com o conteúdo colado na borda dele (0.140667ms)
✔ fechado, nada entra sob o card; um botão só é colado e ponta ao mesmo tempo (0.094375ms)
✔ temArrasto: só quando há algo para mostrar (0.110833ms)
✔ arrastar até o fim só vale depois do painel inteiro, e só onde há ponta (0.075833ms)
✔ um aberto por vez: abrir outro fecha o anterior, e o toque em outro só fecha (0.122875ms)
✔ card que saiu da tela não engole o primeiro toque da próxima (0.056292ms)
✔ até o fim olha o LADO: arrastar à esquerda nunca dispara a ação da direita (0.081333ms)
✔ a ponta da esquerda é o botão da BORDA (o último), não o primeiro (0.078875ms)
✔ o botão cresce com a fonte até 1,6× — acima disso o rótulo de uma palavra ainda cabe (0.057292ms)
✔ o ponto de abrir é meio botão, e de um lado só (0.047167ms)
✔ "até o fim" que a mola desligou há instantes ainda vale; de propósito, não (0.05575ms)
✔ ao soltar, vale o deslocamento REAL do soltar — o quadro pode não ter visto o fim (0.084542ms)
✔ no soltar, o deslocamento é o do dedo mais a posição em que o card já estava (0.062833ms)
✔ até o fim cabe no card: a folga encolhe até meio botão para ficar em 85% da largura (0.090125ms)
✔ soltar do lado oposto ao painel aberto nunca executa; do mesmo lado, continua valendo (0.056333ms)
✔ o painel entra por baixo do canto do card: a sobra é do botão colado nele, e da ponta até o fim (0.083625ms)
✔ fechado, nada aparece no canto do card: a sobra cresce com o que o card revelou (0.035958ms)
✔ o toque vira arrasto quando o dedo anda para o LADO — e aí o card não abre o item (0.049417ms)
✔ o card aberto sabe que está aberto: o toque nele só fecha (0.063209ms)
(node:75312) [MODULE_TYPELESS_PACKAGE_JSON] Warning: Module type of file:///Users/gabrielalmeidadias/Documents/Empresas/ProOps/DEV/Personal-ProOps-app/src/lib/auth-errors.test.ts is not specified and it doesn't parse as CommonJS.
Reparsing as ES module because module syntax was detected. This incurs a performance overhead.
To eliminate this warning, add "type": "module" to /Users/gabrielalmeidadias/Documents/Empresas/ProOps/DEV/Personal-ProOps-app/package.json.
(Use `node --trace-warnings ...` to show where the warning was created)
✔ sem erro, sem mensagem (0.3975ms)
✔ código errado e código expirado são frases diferentes (0.497ms)
✔ rate limit devolve os segundos que a API informou (0.17175ms)
✔ número inválido fala de DDD, não de token (0.082875ms)
✔ queda de rede tem saída própria (0.078583ms)
✔ erro imprevisto nunca vaza inglês (0.087ms)
✔ e-mail e senha errados não dizem qual dos dois (0.06775ms)
✔ cadastro por e-mail: confirmado, repetido e senha fraca têm frases próprias (0.078666ms)
✔ telefone já vinculado orienta entrar pela conta existente (0.085166ms)
✔ senha igual à antiga não vira "senha fraca" (0.122917ms)
✔ senha fraca diz o MOTIVO que o servidor deu (0.119625ms)
✔ teto de tempo do cliente e rede caída falam de conexão (0.063666ms)
(node:75313) [MODULE_TYPELESS_PACKAGE_JSON] Warning: Module type of file:///Users/gabrielalmeidadias/Documents/Empresas/ProOps/DEV/Personal-ProOps-app/src/lib/billing.test.ts is not specified and it doesn't parse as CommonJS.
Reparsing as ES module because module syntax was detected. This incurs a performance overhead.
To eliminate this warning, add "type": "module" to /Users/gabrielalmeidadias/Documents/Empresas/ProOps/DEV/Personal-ProOps-app/package.json.
(Use `node --trace-warnings ...` to show where the warning was created)
✔ o agente Python usa exatamente os mesmos produtos do app (1.262708ms)
✔ produto desconhecido nunca vira plano pago (0.133625ms)
✔ cada produto mapeia para o plano certo (0.080209ms)
✔ ids são únicos e existe mensal e anual para cada plano (0.117958ms)
(node:75314) [MODULE_TYPELESS_PACKAGE_JSON] Warning: Module type of file:///Users/gabrielalmeidadias/Documents/Empresas/ProOps/DEV/Personal-ProOps-app/src/lib/brl-worklet.test.ts is not specified and it doesn't parse as CommonJS.
Reparsing as ES module because module syntax was detected. This incurs a performance overhead.
To eliminate this warning, add "type": "module" to /Users/gabrielalmeidadias/Documents/Empresas/ProOps/DEV/Personal-ProOps-app/package.json.
(Use `node --trace-warnings ...` to show where the warning was created)
✔ brlWorklet é byte a byte igual a moneySign + formatBRL (135.383041ms)
✔ o separador vem do Intl, não de um espaço cravado (0.122458ms)
(node:75315) [MODULE_TYPELESS_PACKAGE_JSON] Warning: Module type of file:///Users/gabrielalmeidadias/Documents/Empresas/ProOps/DEV/Personal-ProOps-app/src/lib/budget-tight.test.ts is not specified and it doesn't parse as CommonJS.
Reparsing as ES module because module syntax was detected. This incurs a performance overhead.
To eliminate this warning, add "type": "module" to /Users/gabrielalmeidadias/Documents/Empresas/ProOps/DEV/Personal-ProOps-app/package.json.
(Use `node --trace-warnings ...` to show where the warning was created)
✔ o aviso conta o comprometido, o número mostrado é só o gasto (0.360625ms)
✔ abaixo do limiar não entra; sem limite não entra (0.258208ms)
✔ gasto mais comprometido acima do limite marca estouro, com números em string (0.04775ms)
(node:75316) [MODULE_TYPELESS_PACKAGE_JSON] Warning: Module type of file:///Users/gabrielalmeidadias/Documents/Empresas/ProOps/DEV/Personal-ProOps-app/src/lib/button-intrinsic-ui.test.ts is not specified and it doesn't parse as CommonJS.
Reparsing as ES module because module syntax was detected. This incurs a performance overhead.
To eliminate this warning, add "type": "module" to /Users/gabrielalmeidadias/Documents/Empresas/ProOps/DEV/Personal-ProOps-app/package.json.
(Use `node --trace-warnings ...` to show where the warning was created)
✔ Button opaco sm: altura natural acomoda fonte grande e várias linhas (189.12625ms)
✔ Button opaco md: altura natural acomoda fonte grande e várias linhas (59.296083ms)
✔ Button opaco lg: altura natural acomoda fonte grande e várias linhas (62.365541ms)
✔ Button vidro sm: altura natural acomoda fonte grande e várias linhas (38.745084ms)
✔ Button vidro md: altura natural acomoda fonte grande e várias linhas (20.170417ms)
✔ Button vidro lg: altura natural acomoda fonte grande e várias linhas (26.156917ms)
✔ Button: cápsula e centro do loader usam a altura atual ao crescer durante carregamento (15.210458ms)
✔ Button opaco: texto com muitas linhas mantém as tampas dentro de uma caixa mais alta que larga (19.139666ms)
✔ Button opaco: label maior reflow imediato sem camada absoluta ou largura antiga (82.983042ms)
✔ Button vidro: label maior reflow imediato sem camada absoluta ou largura antiga (19.665ms)
✔ Button preserva acessibilidade, bloqueio da acao, loader e largura externa durante carregamento (8.943542ms)
✔ Button conserva block, feedback e presenca inativa ao trocar rotulo (12.288209ms)
(node:75322) [MODULE_TYPELESS_PACKAGE_JSON] Warning: Module type of file:///Users/gabrielalmeidadias/Documents/Empresas/ProOps/DEV/Personal-ProOps-app/src/lib/calendar-intrinsic-ui.test.ts is not specified and it doesn't parse as CommonJS.
Reparsing as ES module because module syntax was detected. This incurs a performance overhead.
To eliminate this warning, add "type": "module" to /Users/gabrielalmeidadias/Documents/Empresas/ProOps/DEV/Personal-ProOps-app/package.json.
(Use `node --trace-warnings ...` to show where the warning was created)
✔ Calendar opaco: 5→6→5 semanas reflow antes do spring, mantendo cabeçalho e seleção de 31/08 (218.349875ms)
✔ Calendar vidro: 5→6→5 semanas reflow antes do spring, mantendo cabeçalho e seleção de 31/08 (51.585583ms)
✔ Calendar ajusta quatro semanas de fevereiro para cinco de março e volta sem envelope antigo (114.070916ms)
✔ Calendar preserva limites inclusivos, estilo selecionado e bloqueio de presença inativa (49.550375ms)
✔ DatePicker + Calendar + Presenca reais opaco: abertura libera altura animada antes de 5→6→5 semanas (82.952625ms)
✔ DatePicker + Calendar + Presenca reais vidro: abertura libera altura animada antes de 5→6→5 semanas (88.465375ms)
✔ DatePicker real conserva limites e rejeita callbacks da abertura anterior ao reabrir durante saída (52.067667ms)
(node:75323) [MODULE_TYPELESS_PACKAGE_JSON] Warning: Module type of file:///Users/gabrielalmeidadias/Documents/Empresas/ProOps/DEV/Personal-ProOps-app/src/lib/card-status.test.ts is not specified and it doesn't parse as CommonJS.
Reparsing as ES module because module syntax was detected. This incurs a performance overhead.
To eliminate this warning, add "type": "module" to /Users/gabrielalmeidadias/Documents/Empresas/ProOps/DEV/Personal-ProOps-app/package.json.
(Use `node --trace-warnings ...` to show where the warning was created)
✔ prazo lê a data pura, sem a hora de agora (0.631542ms)
✔ estado sai das datas: atrasada vence antes de fechada (0.129417ms)
✔ outras faturas: o que o limite usa fora da corrente e das atrasadas (0.138667ms)
✔ pilha: o escolhido vai para a frente e o resto fica na ordem original (0.939417ms)
(node:75324) [MODULE_TYPELESS_PACKAGE_JSON] Warning: Module type of file:///Users/gabrielalmeidadias/Documents/Empresas/ProOps/DEV/Personal-ProOps-app/src/lib/categorias.test.ts is not specified and it doesn't parse as CommonJS.
Reparsing as ES module because module syntax was detected. This incurs a performance overhead.
To eliminate this warning, add "type": "module" to /Users/gabrielalmeidadias/Documents/Empresas/ProOps/DEV/Personal-ProOps-app/package.json.
(Use `node --trace-warnings ...` to show where the warning was created)
✔ a linha da tabela manda; sem ela, o ícone adivinhado pelo nome e sem cor (1.083333ms)
✔ o nome gravado é minúsculo e sem espaço nas pontas (o CHECK do banco) (0.060625ms)
✔ todo ícone da grade existe no Android (MATERIAL) e tem nome para o leitor de tela (0.953ms)
(node:75334) [MODULE_TYPELESS_PACKAGE_JSON] Warning: Module type of file:///Users/gabrielalmeidadias/Documents/Empresas/ProOps/DEV/Personal-ProOps-app/src/lib/categories-merge.test.ts is not specified and it doesn't parse as CommonJS.
Reparsing as ES module because module syntax was detected. This incurs a performance overhead.
To eliminate this warning, add "type": "module" to /Users/gabrielalmeidadias/Documents/Empresas/ProOps/DEV/Personal-ProOps-app/package.json.
(Use `node --trace-warnings ...` to show where the warning was created)
✔ o que o usuário usa aparece — era o defeito (9.18125ms)
✔ acento e caixa não viram duas entradas (0.223625ms)
✔ a contagem é a soma das duas grafias (0.136125ms)
✔ a grafia da SUGESTÃO ganha da contagem — o erro de digitação não vira o chip principal (0.100167ms)
✔ sem sugestão para arbitrar, vence a mais usada (0.089583ms)
✔ empate vai para a forma acentuada (0.089125ms)
✔ sugestão nunca usada continua oferecida, mas atrás (0.088042ms)
✔ a categoria do lançamento aberto não some da lista (0.08575ms)
✔ busca ignora acento — quem digita "saude" acha "saúde" (0.163416ms)
(node:75336) [MODULE_TYPELESS_PACKAGE_JSON] Warning: Module type of file:///Users/gabrielalmeidadias/Documents/Empresas/ProOps/DEV/Personal-ProOps-app/src/lib/categories.test.ts is not specified and it doesn't parse as CommonJS.
Reparsing as ES module because module syntax was detected. This incurs a performance overhead.
To eliminate this warning, add "type": "module" to /Users/gabrielalmeidadias/Documents/Empresas/ProOps/DEV/Personal-ProOps-app/package.json.
(Use `node --trace-warnings ...` to show where the warning was created)
✔ o agente Python usa exatamente as mesmas categorias do app (1.011625ms)
✔ categorias são curtas, minúsculas e sem duplicata (0.083041ms)
✔ categorias de receita fazem parte da lista (0.052917ms)
(node:75337) [MODULE_TYPELESS_PACKAGE_JSON] Warning: Module type of file:///Users/gabrielalmeidadias/Documents/Empresas/ProOps/DEV/Personal-ProOps-app/src/lib/category-configuration.test.ts is not specified and it doesn't parse as CommonJS.
Reparsing as ES module because module syntax was detected. This incurs a performance overhead.
To eliminate this warning, add "type": "module" to /Users/gabrielalmeidadias/Documents/Empresas/ProOps/DEV/Personal-ProOps-app/package.json.
(Use `node --trace-warnings ...` to show where the warning was created)
✔ aparência de outro espaço não prova padrões da configuração padrão (0.670334ms)
✔ backfill exige duas datas reais em ordem e converte BR para ISO sem fuso (2.044083ms)
✔ retry conserva intenção; padrão, período, revisão e merge renovam a requisição (0.358167ms)
(node:75338) [MODULE_TYPELESS_PACKAGE_JSON] Warning: Module type of file:///Users/gabrielalmeidadias/Documents/Empresas/ProOps/DEV/Personal-ProOps-app/src/lib/category-detail-breakdown.test.ts is not specified and it doesn't parse as CommonJS.
Reparsing as ES module because module syntax was detected. This incurs a performance overhead.
To eliminate this warning, add "type": "module" to /Users/gabrielalmeidadias/Documents/Empresas/ProOps/DEV/Personal-ProOps-app/package.json.
(Use `node --trace-warnings ...` to show where the warning was created)
✔ exact breakdown preserves Sem detalhe and clones the closed read without deriving cents (1.744042ms)
✔ decoder rejects extra (0.109834ms)
✔ decoder rejects bad from (0.044375ms)
✔ decoder rejects reverse (0.039708ms)
✔ decoder rejects workspace (0.058334ms)
✔ decoder rejects kind (0.035541ms)
✔ decoder rejects parent (0.055416ms)
✔ decoder rejects decimal (0.037333ms)
✔ decoder rejects coercion (0.054375ms)
✔ decoder rejects wrong sum (0.088459ms)
✔ decoder rejects unsafe (0.041958ms)
✔ line decoder rejects extra (0.051417ms)
✔ line decoder rejects id (0.035583ms)
✔ line decoder rejects missing name (0.023125ms)
✔ line decoder rejects missing workspace (0.024667ms)
✔ line decoder rejects blank workspace (0.021375ms)
✔ line decoder rejects negative (0.033625ms)
✔ line decoder rejects count (0.034875ms)
✔ line decoder rejects coerced count (0.024334ms)
✔ duplicate child or null and false Sem detalhe labels are rejected; empty zero and income are valid (0.086292ms)
✔ filter catalog decodes every concrete workspace independently and never accepts mixed or repeated scopes (0.403167ms)
✔ route filter distinguishes absence, Sem detalhe and UUID; malformed input remains an explicit error (0.107166ms)
✔ overflow cannot masquerade as a safe parent total; safe maximum and leap dates remain exact (0.09175ms)
✔ catalog rejects a child UUID reused across independent workspaces (0.0615ms)
(node:75339) [MODULE_TYPELESS_PACKAGE_JSON] Warning: Module type of file:///Users/gabrielalmeidadias/Documents/Empresas/ProOps/DEV/Personal-ProOps-app/src/lib/category-detail-hook.test.ts is not specified and it doesn't parse as CommonJS.
Reparsing as ES module because module syntax was detected. This incurs a performance overhead.
To eliminate this warning, add "type": "module" to /Users/gabrielalmeidadias/Documents/Empresas/ProOps/DEV/Personal-ProOps-app/package.json.
(Use `node --trace-warnings ...` to show where the warning was created)
✔ read hook passes exact scope and abort signal, disables collapsed query, and has no old placeholder (50.928083ms)
✔ scope mismatch or transport error cannot be shown as another successful breakdown (67.97125ms)
✔ all-workspace catalog decoder is used behind an abortable membership-aware realtime query (13.65775ms)
(node:75340) [MODULE_TYPELESS_PACKAGE_JSON] Warning: Module type of file:///Users/gabrielalmeidadias/Documents/Empresas/ProOps/DEV/Personal-ProOps-app/src/lib/chip-motion-ui.test.ts is not specified and it doesn't parse as CommonJS.
Reparsing as ES module because module syntax was detected. This incurs a performance overhead.
To eliminate this warning, add "type": "module" to /Users/gabrielalmeidadias/Documents/Empresas/ProOps/DEV/Personal-ProOps-app/package.json.
(Use `node --trace-warnings ...` to show where the warning was created)
✔ Chip fallback colors follow one spring, retaining constant icon/material props and safe overshoot (124.279792ms)
✔ Chip glass colors follow one spring, retaining constant icon/material props and safe overshoot (27.59525ms)
✔ Chip preserves full keyed labels, selection/disabled semantics and one synchronous haptic/callback (10.667667ms)
(node:75341) [MODULE_TYPELESS_PACKAGE_JSON] Warning: Module type of file:///Users/gabrielalmeidadias/Documents/Empresas/ProOps/DEV/Personal-ProOps-app/src/lib/com-teto.test.ts is not specified and it doesn't parse as CommonJS.
Reparsing as ES module because module syntax was detected. This incurs a performance overhead.
To eliminate this warning, add "type": "module" to /Users/gabrielalmeidadias/Documents/Empresas/ProOps/DEV/Personal-ProOps-app/package.json.
(Use `node --trace-warnings ...` to show where the warning was created)
✔ promessa que nunca termina vira rejeição depois do teto (11.274458ms)
✔ promessa que resolve a tempo devolve o valor (2.07325ms)
✔ rejeição própria passa inteira — o teto não a mascara (0.287375ms)
✔ o timer morre quando a promessa resolve antes (0.279375ms)
(node:75343) [MODULE_TYPELESS_PACKAGE_JSON] Warning: Module type of file:///Users/gabrielalmeidadias/Documents/Empresas/ProOps/DEV/Personal-ProOps-app/src/lib/compra.test.ts is not specified and it doesn't parse as CommonJS.
Reparsing as ES module because module syntax was detected. This incurs a performance overhead.
To eliminate this warning, add "type": "module" to /Users/gabrielalmeidadias/Documents/Empresas/ProOps/DEV/Personal-ProOps-app/package.json.
(Use `node --trace-warnings ...` to show where the warning was created)
✔ F06 compra: leitura conserva snapshot e original, sem classificar parcelamento legado (1.571708ms)
✔ F06 compra: escopada e estrutural enviam só o par alterado, título conserva classificações (0.613375ms)
✔ F06 compra: revisão da parcela aplica intenção alterada ao contrato e conserva override intocado (0.285208ms)
✔ F06 compra: intenção da âncora propaga mesmo igual ao contrato e acompanha alterações posteriores na revisão (0.180709ms)
✔ Com parcela paga o número muda, só não fica abaixo da última paga nem vira à vista (1.023417ms)
✔ Data e conta mudam fora do cartão; com parcela paga na fatura, não (0.181042ms)
✔ As já pagas vão do piso (paga com a fatura) ao número de parcelas (0.159375ms)
✔ O total mínimo permite corrigir também as parcelas já pagas quando Todas for escolhido (0.138875ms)
✔ O salvar só manda as pagas quando elas mudaram (0.11775ms)
✔ Cada parcela digitada segue o número novo; as pagas não mudam de valor (0.139667ms)
✔ Ao escolher a compra toda no Salvar, o rascunho da parcela chega inteiro à revisão (0.455209ms)
✔ O total escolhido para esta ou futuras parcelas chega como total do plano, sem transformar em valor mensal (0.12075ms)
✔ Cada parcela aplica o valor digitado em cada linha do alcance, inclusive as pagas em Todas (0.124125ms)
✔ Quantidade é contrato: escopos limitados explicam a impossibilidade (0.080291ms)
✔ Com 3 pagas a data muda nos três alcances, a partir da parcela de referência (0.517625ms)
✔ Último dia de todo mês: regra no alcance, data própria em Só esta (0.251ms)
✔ Todas inclui parcela paga fora do cartão; fatura protegida continua bloqueada (0.089458ms)
✔ F09 compra roundtrip e alcance só carregam mudança de detalhe; pai incompatível limpa (0.601583ms)
✔ F09 revisão da parcela propaga detalhe alterado mesmo quando já coincide com contrato (0.102375ms)
✔ F09 intenção de detalhe da parcela não ressuscita filho após mudar pai na revisão (0.072709ms)
(node:75344) [MODULE_TYPELESS_PACKAGE_JSON] Warning: Module type of file:///Users/gabrielalmeidadias/Documents/Empresas/ProOps/DEV/Personal-ProOps-app/src/lib/confirmar-baixa.test.ts is not specified and it doesn't parse as CommonJS.
Reparsing as ES module because module syntax was detected. This incurs a performance overhead.
To eliminate this warning, add "type": "module" to /Users/gabrielalmeidadias/Documents/Empresas/ProOps/DEV/Personal-ProOps-app/package.json.
(Use `node --trace-warnings ...` to show where the warning was created)
✔ mesmo valor: só dá baixa, sem corrigir nada (1.409958ms)
✔ outro valor: corrige só este lançamento (0.1295ms)
✔ outro valor numa série com "nas próximas": corrige este e os próximos (0.083458ms)
✔ "nas próximas" sem série não existe: vale só este (0.076209ms)
✔ valor zero ou negativo não dá baixa (0.166083ms)
✔ parcela fixa: a mais é encargo, a menos é desconto, igual não tem diferença (0.10075ms)
✔ parcela fixa: da metade até menos do dobro; fora disso diz por quê (0.14725ms)
✔ pagamento de parcela fixa: valor novo dentro do limite pergunta se vale para as próximas (0.105708ms)
✔ pagamento de parcela fixa: fora do limite diz por quê, e vale em pagamento ANTIGO também (0.085209ms)
✔ dívida com juros: pagamento antigo pode mudar, mas o valor deve passar dos juros (0.133333ms)
✔ pagamento sem o histórico da dívida não muda de valor por aqui (0.079041ms)
✔ parcela fixa paga a mais: parcela + encargo (0.094833ms)
✔ parcela fixa paga a menos: parcela − desconto (0.063209ms)
✔ com juros: o que abate o saldo + os juros do mês (0.049291ms)
✔ sem diferença, sem histórico ou fora de dívida: nada embaixo do total (0.0505ms)
(node:75345) [MODULE_TYPELESS_PACKAGE_JSON] Warning: Module type of file:///Users/gabrielalmeidadias/Documents/Empresas/ProOps/DEV/Personal-ProOps-app/src/lib/count-up.test.ts is not specified and it doesn't parse as CommonJS.
Reparsing as ES module because module syntax was detected. This incurs a performance overhead.
To eliminate this warning, add "type": "module" to /Users/gabrielalmeidadias/Documents/Empresas/ProOps/DEV/Personal-ProOps-app/package.json.
(Use `node --trace-warnings ...` to show where the warning was created)
✔ o valor animado só fica com o TextInput quando cabe na fonte do sistema (18.569375ms)
(node:75358) [MODULE_TYPELESS_PACKAGE_JSON] Warning: Module type of file:///Users/gabrielalmeidadias/Documents/Empresas/ProOps/DEV/Personal-ProOps-app/src/lib/cycle-label.test.ts is not specified and it doesn't parse as CommonJS.
Reparsing as ES module because module syntax was detected. This incurs a performance overhead.
To eliminate this warning, add "type": "module" to /Users/gabrielalmeidadias/Documents/Empresas/ProOps/DEV/Personal-ProOps-app/package.json.
(Use `node --trace-warnings ...` to show where the warning was created)
✔ ciclo fechado devendo lidera com a DÍVIDA, e o caixa vai para o rodapé (0.702833ms)
✔ fatura ADIADA continua sendo "faltou pagar" (0.562833ms)
✔ ciclo fechado sem dívida lidera com o caixa (0.162416ms)
✔ ciclo aberto e previsto falam no futuro e usam o resultado (0.11275ms)
✔ os campos chegam como string do PostgREST e continuam somando (0.092333ms)
✔ a sub-linha escreve a LENTE — "na conta" / "da conta", nunca só "já saiu" (0.149833ms)
✔ zero realizado num ciclo ABERTO diz "nada ainda" — é informação, não ausência (0.07275ms)
✔ realizado == total some: repetir o <Money> ao lado é eco (§1) (0.071667ms)
✔ ciclo PREVISTO fica sem subtítulo (0.22ms)
✔ sem série (primeiro frame) não inventa sub-linha (0.124875ms)
✔ o valor passa pelo brl recebido — é o useBRL, que obedece ao esconder saldo (0.086666ms)
(node:75359) [MODULE_TYPELESS_PACKAGE_JSON] Warning: Module type of file:///Users/gabrielalmeidadias/Documents/Empresas/ProOps/DEV/Personal-ProOps-app/src/lib/cycle-routes.test.ts is not specified and it doesn't parse as CommonJS.
Reparsing as ES module because module syntax was detected. This incurs a performance overhead.
To eliminate this warning, add "type": "module" to /Users/gabrielalmeidadias/Documents/Empresas/ProOps/DEV/Personal-ProOps-app/package.json.
(Use `node --trace-warnings ...` to show where the warning was created)
✔ a parcela do cronograma abre A DÍVIDA CERTA, com o id (1.085541ms)
✔ fatura abre a FATURA; o pagamento dela abre o LANÇAMENTO (0.123875ms)
✔ o que é projetado da regra não tem destino (0.066708ms)
(node:75360) [MODULE_TYPELESS_PACKAGE_JSON] Warning: Module type of file:///Users/gabrielalmeidadias/Documents/Empresas/ProOps/DEV/Personal-ProOps-app/src/lib/data-da-compra.test.ts is not specified and it doesn't parse as CommonJS.
Reparsing as ES module because module syntax was detected. This incurs a performance overhead.
To eliminate this warning, add "type": "module" to /Users/gabrielalmeidadias/Documents/Empresas/ProOps/DEV/Personal-ProOps-app/package.json.
(Use `node --trace-warnings ...` to show where the warning was created)
✔ A data da compra de uma parcela é a da parcela 1, não a do mês em que ela cai (0.624458ms)
✔ Compra de outro ano leva o ano junto (0.096125ms)
✔ "Concluído" é o que já aconteceu — a mesma régua da pílula (0.664292ms)
(node:75361) [MODULE_TYPELESS_PACKAGE_JSON] Warning: Module type of file:///Users/gabrielalmeidadias/Documents/Empresas/ProOps/DEV/Personal-ProOps-app/src/lib/dates.test.ts is not specified and it doesn't parse as CommonJS.
Reparsing as ES module because module syntax was detected. This incurs a performance overhead.
To eliminate this warning, add "type": "module" to /Users/gabrielalmeidadias/Documents/Empresas/ProOps/DEV/Personal-ProOps-app/package.json.
(Use `node --trace-warnings ...` to show where the warning was created)
✔ localISODate formata a data local com zero à esquerda (1.5315ms)
✔ localISODate não desloca o dia como toISOString faria (0.095541ms)
✔ monthBounds cobre o mês inteiro, inclusive fevereiro (0.589917ms)
✔ formatDateBR devolve dd/mm/yyyy — a MESMA grafia de `isoToBR` (0.098ms)
✔ formatBRL trabalha em centavos inteiros (16.12725ms)
✔ conversão entre ISO e dd/mm/aaaa (0.161375ms)
✔ validação de data recusa dia que não existe (0.182291ms)
✔ validação de hora em 24h (0.161584ms)
✔ localDateTime monta o instante no fuso do aparelho (0.166417ms)
✔ data pura não anda um dia para trás em fuso negativo (0.124125ms)
✔ timestamptz continua sendo lido no fuso local (0.048375ms)
✔ data: `formatDateBR` e `isoToBR` escrevem a MESMA data igual (0.052208ms)
✔ relativeBR: os degraus que a lista de notas mostra (0.187792ms)
✔ greetingBR vira nas fronteiras da manhã, da tarde e da noite (0.039417ms)
✔ negativo sempre leva o sinal; `signed` decide só o + do positivo (0.032458ms)
✔ diasAte e somaDias são a mesma régua nos dois sentidos (0.108833ms)
✔ maskBRDate põe as barras e deixa apagar (0.07025ms)
✔ monthGrid põe cada dia na coluna do dia da semana (0.138542ms)
✔ ehUltimoDiaDoMes reconhece o fim de cada mês (0.062042ms)
✔ primeiroDiaDoMes aceita YYYY-MM e YYYY-MM-DD — o deep link manda o segundo (0.024792ms)
✔ mesmoMes casa qualquer dia do mês — o `startsWith` só acertava o dia 01 (0.0255ms)
✔ diaCurtoBR escreve o dia da semana e o mês abreviados (0.031958ms)
✔ rotuloDoDia usa palavra perto de hoje e a data curta longe (0.043083ms)
✔ horaBR não inventa hora (0.032375ms)
✔ emQuantoTempo fala em minutos até uma hora e em horas depois (0.044167ms)
✔ fimQueSegueOInicio: o fim anda junto só quando o início passaria dele (0.033167ms)
✔ horaComoData e timeBR fecham ida e volta; hora inválida não mexe no relógio (0.095625ms)
✔ dataLocalDe: o dia de um timestamp é o do RELÓGIO da pessoa, não o do UTC (0.604875ms)
(node:75362) [MODULE_TYPELESS_PACKAGE_JSON] Warning: Module type of file:///Users/gabrielalmeidadias/Documents/Empresas/ProOps/DEV/Personal-ProOps-app/src/lib/debt-history.test.ts is not specified and it doesn't parse as CommonJS.
Reparsing as ES module because module syntax was detected. This incurs a performance overhead.
To eliminate this warning, add "type": "module" to /Users/gabrielalmeidadias/Documents/Empresas/ProOps/DEV/Personal-ProOps-app/package.json.
(Use `node --trace-warnings ...` to show where the warning was created)
✔ a cadência anda para trás sem estourar o fim do mês (1.670417ms)
✔ "estou na nona parcela" devolve as oito anteriores, numeradas 1 a 8 (0.708375ms)
✔ pagamento registrado ganha a data e o valor REAIS, não a cadência (0.159125ms)
✔ estimativa declarada usa o valor salvo para seu número, mas o pagamento real prevalece (0.136625ms)
✔ vencimento histórico salvo permanece estável quando a próxima parcela muda (0.614416ms)
✔ data real do pagamento prevalece sobre a estimativa histórica salva (0.123333ms)
✔ nada pago, nada para trás (0.271ms)
✔ quitada não tem próxima parcela e ainda assim mostra o histórico (0.250667ms)
✔ linha do tempo agrupa por ano e marca paga, estimada, próxima e futura (0.866209ms)
✔ pagamento lançado com número acima das pagas aparece como PAGO, uma vez só, e a próxima é a seguinte (0.173208ms)
✔ a linha do tempo se divide em "a seguir" (a próxima primeiro) e "já pagas" (a mais recente primeiro) (0.131541ms)
✔ o pagamento lançado leva o id do lançamento até a linha do tempo — é por ele que a parcela paga abre (0.055125ms)
(node:75363) [MODULE_TYPELESS_PACKAGE_JSON] Warning: Module type of file:///Users/gabrielalmeidadias/Documents/Empresas/ProOps/DEV/Personal-ProOps-app/src/lib/debt-payment-scope.test.ts is not specified and it doesn't parse as CommonJS.
Reparsing as ES module because module syntax was detected. This incurs a performance overhead.
To eliminate this warning, add "type": "module" to /Users/gabrielalmeidadias/Documents/Empresas/ProOps/DEV/Personal-ProOps-app/package.json.
(Use `node --trace-warnings ...` to show where the warning was created)
✔ o patch de pagamento só contém campos alterados e mantém null explícito (0.683125ms)
✔ as versões seguem exatamente o escopo escolhido, inclusive o histórico em Todos (0.220625ms)
✔ F09 pagamento muda detalhe por alcance e troca de pai limpa UUID herdado (0.381ms)
(node:75364) [MODULE_TYPELESS_PACKAGE_JSON] Warning: Module type of file:///Users/gabrielalmeidadias/Documents/Empresas/ProOps/DEV/Personal-ProOps-app/src/lib/dicas.test.ts is not specified and it doesn't parse as CommonJS.
Reparsing as ES module because module syntax was detected. This incurs a performance overhead.
To eliminate this warning, add "type": "module" to /Users/gabrielalmeidadias/Documents/Empresas/ProOps/DEV/Personal-ProOps-app/package.json.
(Use `node --trace-warnings ...` to show where the warning was created)
✔ a dica da vez é a primeira do catálogo daquela tela que está na tela e não foi encerrada (0.7275ms)
✔ dica de algo que não está na tela não trava a próxima (sem cartão, vem a do gráfico) (0.139875ms)
✔ uma por visita: dispensou uma, a tela fica quieta até a próxima abertura do app (0.529083ms)
✔ a dica das listas é UMA: usada nas Notas, não aparece em Lançamentos (0.077417ms)
✔ "Mostrar" do guia reacende a dica, mesmo encerrada e com a tela quieta (0.117542ms)
✔ o catálogo: frase curta, uma tela pelo menos, ids únicos (0.134875ms)
✔ o guia tem porta para TODA dica, e o "Mostrar" dela leva à tela onde ela mora (0.163167ms)
✔ menos texto: título curto e uma linha de explicação, no guia inteiro (0.088625ms)
✔ todo gesto escondido tem dica: painel, gráfico, pilha, Carteira, contas, arrasto, ordem e pastas, fatura (0.120708ms)
✔ o passo "O que dá para fazer" do onboarding: seis linhas curtas, e foto e áudio só pelo WhatsApp (0.184791ms)
✔ nenhuma dica deixa uma palavra sozinha na linha do iPhone (0.084541ms)
(node:75365) [MODULE_TYPELESS_PACKAGE_JSON] Warning: Module type of file:///Users/gabrielalmeidadias/Documents/Empresas/ProOps/DEV/Personal-ProOps-app/src/lib/down-payment.test.ts is not specified and it doesn't parse as CommonJS.
Reparsing as ES module because module syntax was detected. This incurs a performance overhead.
To eliminate this warning, add "type": "module" to /Users/gabrielalmeidadias/Documents/Empresas/ProOps/DEV/Personal-ProOps-app/package.json.
(Use `node --trace-warnings ...` to show where the warning was created)
✔ entrada sai do total antes de dividir o restante, sem contar uma parcela (1.171625ms)
✔ entrada não altera os centavos das prestações ou o resto da última parcela (0.12525ms)
✔ entrada inválida nunca vira payload de pagamento (2.815167ms)
✔ entrada já vinculada não vira uma segunda compra parcelada ao editar (0.122041ms)
(node:75366) [MODULE_TYPELESS_PACKAGE_JSON] Warning: Module type of file:///Users/gabrielalmeidadias/Documents/Empresas/ProOps/DEV/Personal-ProOps-app/src/lib/edit-scope.test.ts is not specified and it doesn't parse as CommonJS.
Reparsing as ES module because module syntax was detected. This incurs a performance overhead.
To eliminate this warning, add "type": "module" to /Users/gabrielalmeidadias/Documents/Empresas/ProOps/DEV/Personal-ProOps-app/package.json.
(Use `node --trace-warnings ...` to show where the warning was created)
✔ occurrence: Salvar oferece exatamente um, futuras e todas (2.651333ms)
✔ installment: Salvar oferece exatamente um, futuras e todas (1.142916ms)
✔ payment: Salvar oferece exatamente um, futuras e todas (0.154625ms)
✔ reminder: Salvar oferece exatamente um, futuras e todas (0.297334ms)
✔ occurrence: editando o contrato não há "Só esta" — próximas e todas (0.193625ms)
✔ installment: editando o contrato não há "Só esta" — próximas e todas (0.049916ms)
✔ payment: editando o contrato não há "Só esta" — próximas e todas (0.530834ms)
✔ reminder: editando o contrato não há "Só esta" — próximas e todas (0.087167ms)
✔ as portas de CONTRATO não oferecem "Só esta"; a ocorrência aberta oferece (28/09/2026) (1.067833ms)
(node:75367) [MODULE_TYPELESS_PACKAGE_JSON] Warning: Module type of file:///Users/gabrielalmeidadias/Documents/Empresas/ProOps/DEV/Personal-ProOps-app/src/lib/emergency-reserve.test.ts is not specified and it doesn't parse as CommonJS.
Reparsing as ES module because module syntax was detected. This incurs a performance overhead.
To eliminate this warning, add "type": "module" to /Users/gabrielalmeidadias/Documents/Empresas/ProOps/DEV/Personal-ProOps-app/package.json.
(Use `node --trace-warnings ...` to show where the warning was created)
✔ decodes only the closed DTO, preserving signed and maximum safe cents (5.6765ms)
✔ rejects malformed state: unknown top field (0.116834ms)
✔ rejects malformed state: unknown nested field (0.055042ms)
✔ rejects malformed state: invalid workspace UUID (0.039167ms)
✔ rejects malformed state: invalid source UUID (0.047875ms)
✔ rejects malformed state: wrong variant UUID (0.040292ms)
✔ rejects malformed state: impossible as of (0.03475ms)
✔ rejects malformed state: invalid valuation date (0.07375ms)
✔ rejects malformed state: numeric DTO cents (0.058875ms)
✔ rejects malformed state: unsafe cents (0.077375ms)
✔ rejects malformed state: decimal cents (0.051125ms)
✔ rejects malformed state: negative allocation (0.038584ms)
✔ rejects malformed state: duplicate source (0.042ms)
✔ rejects malformed state: effective exceeds plan (0.030459ms)
✔ rejects malformed state: unconfirmed source counted (0.030667ms)
✔ rejects malformed state: archived source counted (0.032042ms)
✔ rejects malformed state: ineligible source counted (0.028292ms)
✔ rejects malformed state: effective exceeds available (0.0325ms)
✔ rejects malformed state: source total overflow (0.037458ms)
✔ rejects malformed state: aggregate planned overflow (0.034375ms)
✔ rejects malformed state: missing civil month (0.043208ms)
✔ rejects malformed state: repeated civil month (0.042791ms)
✔ rejects malformed state: current open month (0.047542ms)
✔ rejects malformed state: nonfirst day (0.049916ms)
✔ rejects malformed state: invalid fingerprint (0.039334ms)
✔ rejects malformed state: fractional count (0.040667ms)
✔ rejects malformed state: excess unknown count (0.059209ms)
✔ rejects malformed state: reviewed unclassified month (0.634084ms)
✔ rejects malformed state: zero expense with essential (0.124875ms)
✔ rejects malformed state: zero unclassified with money (0.067ms)
✔ rejects malformed state: unknown mode (0.040209ms)
✔ rejects malformed state: manual missing base (0.036ms)
✔ rejects malformed state: observed carries manual base (0.321291ms)
✔ rejects malformed state: zero target (0.064666ms)
✔ rejects malformed state: excess target (0.03325ms)
✔ rejects malformed state: negative revision (0.023167ms)
✔ civil months cross years without timezone shifting (0.06675ms)
✔ observed summary uses ceil essential mean with a reviewed zero month (0.913666ms)
✔ manual summary preserves cents, target and the partial backing gap (0.122167ms)
✔ summary explicitly reports not_configured with no invented coverage (0.097708ms)
✔ summary explicitly reports unreviewed with no invented coverage (0.082125ms)
✔ summary explicitly reports incomplete_classification with no invented coverage (0.056917ms)
✔ summary explicitly reports zero_base with no invented coverage (0.054917ms)
✔ reclassification invalidates previously usable observed base (0.082625ms)
✔ summary guards target multiplication and computes huge sum without money floats (0.122542ms)
✔ builder closes and sorts the command using the snapshot revision and fingerprints (0.397792ms)
✔ builder permits removing all links and observed mode discards hidden manual input (0.10975ms)
✔ builder refuses oversubscribed source (0.062167ms)
✔ builder refuses foreign source (0.033791ms)
✔ builder refuses duplicate source (0.033792ms)
✔ builder refuses zero allocation (0.029625ms)
✔ builder refuses unsafe allocation (0.039959ms)
✔ builder refuses unconfirmed liquidity (0.028833ms)
✔ builder refuses unknown review (0.035209ms)
✔ builder refuses duplicate review (0.037959ms)
✔ builder refuses zero manual base (0.028167ms)
✔ builder refuses target overflow (0.029167ms)
✔ builder refuses fractional months (0.027709ms)
✔ builder requires acknowledgement for unidentified legacy goal funds (0.032875ms)
✔ builder refuses inactive sources and months still awaiting classification (0.083334ms)
✔ double submit shares one promise and immutable payload until a matching receipt confirms it (0.42825ms)
✔ lost response keeps intent and UUID; later SQL refusal cannot release unknown commit (0.394917ms)
✔ initial definitive 22023 refusal frees corrected intent (0.099416ms)
✔ initial definitive 23514 refusal frees corrected intent (0.059875ms)
✔ initial definitive 42501 refusal frees corrected intent (0.047792ms)
✔ initial definitive P0001 refusal frees corrected intent (0.034125ms)
✔ malformed receipt null keeps request frozen (0.097875ms)
✔ malformed receipt {"workspace_id":"33333333-3333-4333-8333-333333333333","edit_revision":8} keeps request frozen (0.049875ms)
✔ malformed receipt {"workspace_id":"11111111-1111-4111-8111-111111111111","edit_revision":7} keeps request frozen (0.047ms)
✔ malformed receipt {"workspace_id":"11111111-1111-4111-8111-111111111111","edit_revision":8,"extra":true} keeps request frozen (0.053334ms)
✔ first configuration expects revision one and equivalent key ordering replays same intent (0.238958ms)
✔ builder refuses revisions whose next confirmation would be unsafe (0.127709ms)
✔ controller does not trust malformed SQLSTATE prefixes as definite rollback (0.137333ms)
✔ manual mode remains usable without a reviewed history or any identified backing (0.079417ms)
✔ archive or liquidity loss retains the plan but contributes zero coverage (0.083375ms)
✔ equivalent allocation and review ordering retries the frozen canonical command (0.1475ms)
✔ invalid command or request identity never reaches dispatch (0.111875ms)
✔ decoder rejects a manual base whose target cannot be represented safely (0.062834ms)
✔ decoder rejects a reviewed observed base whose target overflows (0.061791ms)
✔ decoder rejects 2000 cents instead of the exact prorated 2666 cents (0.048791ms)
✔ decoder rejects 2667 cents instead of the exact prorated 2666 cents (0.030834ms)
✔ decoder rejects 3000 cents instead of the exact prorated 2666 cents (0.039833ms)
✔ decoder requires full effective allocation when a liquid eligible source has full backing (0.046209ms)
✔ decoder computes prorated backing with integer arithmetic near the safe maximum (0.174417ms)
✔ zero allocation and lost eligibility have exact zero effective backing (0.092208ms)
✔ initial 40001 rollback releases the draft and request identity (0.181583ms)
✔ initial 40P01 rollback releases the draft and request identity (0.2385ms)
✔ a 40001 rollback after response loss retains the original attempt until receipt (0.222875ms)
✔ a 40P01 rollback after response loss retains the original attempt until receipt (0.097542ms)
✔ unproven 40003 refusal never releases an unknown commit (1.009417ms)
✔ unproven 40000 refusal never releases an unknown commit (0.58075ms)
✔ unproven 40ZZZ refusal never releases an unknown commit (0.065209ms)
✔ unproven 40001extra refusal never releases an unknown commit (0.070791ms)
✔ sealed-first 40001 CAS refusal disproves this request commit even after an earlier transport timeout (0.835584ms)
✔ sealed-first PT409 CAS refusal disproves this request commit even after an earlier transport timeout (0.096708ms)
✔ terminal resolution frees an unknown intent after sources change without a reserve revision (0.314542ms)
✔ resolution recovers a successful sealed receipt without repeating the write (0.121042ms)
✔ resolution lost response retains the intent and shares one in-flight operation (0.262375ms)
✔ unproven cancellation null cannot release the intent (0.137167ms)
✔ unproven cancellation {"workspace_id":"33333333-3333-4333-8333-333333333333","cancelled":true} cannot release the intent (0.076041ms)
✔ unproven cancellation {"workspace_id":"11111111-1111-4111-8111-111111111111","cancelled":false} cannot release the intent (0.067875ms)
✔ unproven cancellation {"workspace_id":"11111111-1111-4111-8111-111111111111","cancelled":true,"edit_revision":8} cannot release the intent (0.070625ms)
✔ unproven cancellation {"workspace_id":"11111111-1111-4111-8111-111111111111","cancelled":true,"extra":1} cannot release the intent (0.071333ms)
✔ a delayed save returning its sealed cancellation releases the request rather than inventing success (0.236ms)
(node:75368) [MODULE_TYPELESS_PACKAGE_JSON] Warning: Module type of file:///Users/gabrielalmeidadias/Documents/Empresas/ProOps/DEV/Personal-ProOps-app/src/lib/environment.test.ts is not specified and it doesn't parse as CommonJS.
Reparsing as ES module because module syntax was detected. This incurs a performance overhead.
To eliminate this warning, add "type": "module" to /Users/gabrielalmeidadias/Documents/Empresas/ProOps/DEV/Personal-ProOps-app/package.json.
(Use `node --trace-warnings ...` to show where the warning was created)
✔ produção não mostra rótulo; qualquer outro ambiente mostra (0.486458ms)
✔ ref desconhecido se identifica em vez de se passar por produção (0.049334ms)
✔ o ref é lido sem depender de caixa nem do sufixo do domínio (0.042125ms)
✔ login de teste só aparece em runtime dev fora de produção (0.046625ms)
(node:75369) [MODULE_TYPELESS_PACKAGE_JSON] Warning: Module type of file:///Users/gabrielalmeidadias/Documents/Empresas/ProOps/DEV/Personal-ProOps-app/src/lib/escrita.test.ts is not specified and it doesn't parse as CommonJS.
Reparsing as ES module because module syntax was detected. This incurs a performance overhead.
To eliminate this warning, add "type": "module" to /Users/gabrielalmeidadias/Documents/Empresas/ProOps/DEV/Personal-ProOps-app/package.json.
(Use `node --trace-warnings ...` to show where the warning was created)
✔ lançamento: uma linha, com source app; juros do Pix vira a segunda linha no cartão (1.243ms)
✔ parcelada: a RPC muda com o último dia; os argumentos são os da RPC (0.166292ms)
✔ recorrente: a âncora é o próximo vencimento (0.09425ms)
✔ financiamento: a linha é a entrada, sem id nem versão (0.09275ms)
✔ F09 juros técnicos não herdam detalhe da compra, legado segue omitido (0.097458ms)
(node:75370) [MODULE_TYPELESS_PACKAGE_JSON] Warning: Module type of file:///Users/gabrielalmeidadias/Documents/Empresas/ProOps/DEV/Personal-ProOps-app/src/lib/expense-classification-filters.test.ts is not specified and it doesn't parse as CommonJS.
Reparsing as ES module because module syntax was detected. This incurs a performance overhead.
To eliminate this warning, add "type": "module" to /Users/gabrielalmeidadias/Documents/Empresas/ProOps/DEV/Personal-ProOps-app/package.json.
(Use `node --trace-warnings ...` to show where the warning was created)
✔ classificação deduplica e ordena cada dimensão sem alterar a escolha original (0.662ms)
✔ dimensões fechadas recusam valores trocados, null, arrays esparsos e injeção (1.20025ms)
✔ links aceitam vírgulas ou parâmetros repetidos e produzem seleções canônicas (0.259042ms)
✔ um componente inválido bloqueia o link inteiro em vez de ampliar o recorte (0.203084ms)
✔ cada expressão reúne conhecidos e null por OR sem misturar dimensões (0.189833ms)
(node:75371) [MODULE_TYPELESS_PACKAGE_JSON] Warning: Module type of file:///Users/gabrielalmeidadias/Documents/Empresas/ProOps/DEV/Personal-ProOps-app/src/lib/expense-classification-input.test.ts is not specified and it doesn't parse as CommonJS.
Reparsing as ES module because module syntax was detected. This incurs a performance overhead.
To eliminate this warning, add "type": "module" to /Users/gabrielalmeidadias/Documents/Empresas/ProOps/DEV/Personal-ProOps-app/package.json.
(Use `node --trace-warnings ...` to show where the warning was created)
✔ quatro combinações do formulário são o mesmo snapshot na prévia e nas escritas canônicas (2.370792ms)
✔ dimensão explicitamente limpa é publicada sem acrescentar dimensão omitida (0.230666ms)
✔ sem snapshot legado não ganha nenhuma coluna de classificação (0.182167ms)
✔ receitas e transferências limpam snapshots existentes; a compra mantém classificação de gasto (0.186333ms)
✔ taxa do Pix não herda classificação principal e preserva saída legada ausente (0.188541ms)
✔ trocar formato conserva rascunho imutável e criar outro remove snapshot (0.143416ms)
✔ escritas fechadas rejeitam dimensão pela metade, enums/fontes inválidos e undefined explícito (0.589958ms)
✔ adaptadores de registros não removem uma dimensão presente nem reclassificam outra (0.098ms)
(node:75372) [MODULE_TYPELESS_PACKAGE_JSON] Warning: Module type of file:///Users/gabrielalmeidadias/Documents/Empresas/ProOps/DEV/Personal-ProOps-app/src/lib/expense-classification.test.ts is not specified and it doesn't parse as CommonJS.
Reparsing as ES module because module syntax was detected. This incurs a performance overhead.
To eliminate this warning, add "type": "module" to /Users/gabrielalmeidadias/Documents/Empresas/ProOps/DEV/Personal-ProOps-app/package.json.
(Use `node --trace-warnings ...` to show where the warning was created)
✔ classificação desconhecida não inventa previsibilidade, necessidade ou origem (9.308042ms)
✔ as quatro combinações são decisões independentes (0.194292ms)
✔ criar gasto aplica snapshots de defaults separados e deixa ausência desconhecida (0.29675ms)
✔ override de uma dimensão vence default sem apagar a outra sugestão (0.096666ms)
✔ Não classificar explícito impede preenchimento e não limpa a outra dimensão (0.489416ms)
✔ editar legado ou registro conhecido não reaplica padrão atual da categoria (0.178125ms)
✔ trocar/remover defaults só muda sugestões no rascunho de criação (0.127041ms)
✔ receita e transferência não ganham classificação de consumo (0.096667ms)
✔ patch só publica as duas colunas da dimensão alterada, inclusive limpeza (0.308625ms)
✔ resumo usa palavras humanas e distingue desconhecido sem converter null em não essencial (0.163375ms)
✔ valores, origens, pares inválidos e payload aberto são rejeitados (0.604625ms)
✔ Android initial Promise cannot dispatch before commit, then publishes URL without losing query (5.159625ms)
✔ abandoned initial render never dispatches from its URL continuation (8.869084ms)
✔ URL resolving after cleanup cannot dispatch to an unmounted container (2.340875ms)
✔ iOS synchronous initial URL returns initial state synchronously without a render dispatch (2.24675ms)
✔ web synchronous initial path preserves search and hash without a render dispatch (2.093209ms)
✔ child onReady before parent effects clears a handled queued URL permanently (1.184709ms)
✔ already focused initial URL resolving after ready is not reintroduced (1.106333ms)
✔ warm links still dispatch and onStateChange clears the handled URL (1.104583ms)
✔ successive warm links keep the latest URL until its own state change (1.119958ms)
✔ late initial Promise cannot replace tracking for a newer warm link (1.106833ms)
✔ protected login route keeps an unhandled initial URL for later replay (2.933833ms)
✔ matching pathname with different query does not clear an unhandled URL (2.070541ms)
✔ StrictMode effect cleanup and setup permits the still-active initial request (2.178333ms)
✔ StrictMode effect replay keeps an already-cleared URL cleared (2.071083ms)
✔ newer initial-state request supersedes bookkeeping from older Promise but both still resolve state (6.967042ms)
✔ child onStateChange before queue flush clears its URL even if navigation moves again (3.059625ms)
(node:75374) [MODULE_TYPELESS_PACKAGE_JSON] Warning: Module type of file:///Users/gabrielalmeidadias/Documents/Empresas/ProOps/DEV/Personal-ProOps-app/src/lib/fala.test.ts is not specified and it doesn't parse as CommonJS.
Reparsing as ES module because module syntax was detected. This incurs a performance overhead.
To eliminate this warning, add "type": "module" to /Users/gabrielalmeidadias/Documents/Empresas/ProOps/DEV/Personal-ProOps-app/package.json.
(Use `node --trace-warnings ...` to show where the warning was created)
✔ Android: trechos finais se juntam e o parcial vem por cima, sem repetir (49.945083ms)
✔ iPhone: o parcial que cresce é substituído, e o final único fecha igual (10.248083ms)
✔ sem o módulo nativo a biblioteca nem é carregada, e a escuta ao vivo fica indisponível (10.198292ms)
(node:75375) [MODULE_TYPELESS_PACKAGE_JSON] Warning: Module type of file:///Users/gabrielalmeidadias/Documents/Empresas/ProOps/DEV/Personal-ProOps-app/src/lib/finance-conceal-accessibility.test.ts is not specified and it doesn't parse as CommonJS.
Reparsing as ES module because module syntax was detected. This incurs a performance overhead.
To eliminate this warning, add "type": "module" to /Users/gabrielalmeidadias/Documents/Empresas/ProOps/DEV/Personal-ProOps-app/package.json.
(Use `node --trace-warnings ...` to show where the warning was created)
✔ resumo do período oculta o total, o realizado e o ciclo para o leitor de tela e revela centavos exatos (165.201875ms)
✔ tendência mensal respeita esconder saldo nos dois valores acessíveis e revela centavos exatos (37.354917ms)
(node:75376) [MODULE_TYPELESS_PACKAGE_JSON] Warning: Module type of file:///Users/gabrielalmeidadias/Documents/Empresas/ProOps/DEV/Personal-ProOps-app/src/lib/finance-form.test.ts is not specified and it doesn't parse as CommonJS.
Reparsing as ES module because module syntax was detected. This incurs a performance overhead.
To eliminate this warning, add "type": "module" to /Users/gabrielalmeidadias/Documents/Empresas/ProOps/DEV/Personal-ProOps-app/package.json.
(Use `node --trace-warnings ...` to show where the warning was created)
✔ nome repetido de contrato ativo explica como salvar sem expor o erro SQL (0.481084ms)
✔ parcela pendente usa seu cronograma sem exigir um segundo vencimento (2.350125ms)
✔ remaining installments are added to already paid, never subtracted twice (0.237542ms)
✔ data escolhida na dívida é dia fixo; fim do mês exige ação própria (0.849083ms)
✔ recurrence end and interval reject invalid schedules (0.099041ms)
✔ debt term rejects fabricated negative or fractional paid history (0.091ms)
✔ retrospective purchase asks paid history and preserves explicit zero (0.395625ms)
✔ simple financing needs only installment value and total count, keeping embedded interest unspecified (0.129416ms)
✔ simple financing subtracts explicitly paid installments once (0.087958ms)
✔ simple financing rejects fractional counts, absent amounts, excess history and unsafe sums (0.178709ms)
✔ parcelar vale também EDITANDO um lançamento simples (0.102792ms)
✔ o que já tem outro contrato não se parcela por aqui (0.077208ms)
✔ saldo adiado de fatura não se parcela por aqui (0.048042ms)
✔ parcelar continua exigindo gasto e conta (0.046084ms)
✔ criar com 1x salva; criar com 2x cria o plano (0.060792ms)
✔ editar um simples com 2x CONVERTE — não cria um segundo lançamento (0.054ms)
✔ editar sem mexer em parcelas continua sendo só o update (0.060166ms)
✔ editar uma parcela nunca converte, nem com o campo forçado (0.050375ms)
✔ sem conta não há para onde parcelar (0.038625ms)
✔ o número de parcelas é faixa aberta de 1 a 72 quando nada foi pago (0.052125ms)
✔ com parcela paga, "À vista" sai da faixa (0.045041ms)
✔ criando em N×, "parcela" multiplica e "total" fica como digitado (0.047709ms)
✔ numa compra que já existe, "cada parcela" vale para as em aberto e a travada fica (0.063042ms)
✔ trocar a unidade sem digitar não muda a compra — nem por um centavo (0.057708ms)
✔ digitar em "parcela" guarda o que foi digitado e recalcula o total (0.066958ms)
✔ com tudo pago, "cada parcela" não alcança nenhuma (0.03975ms)
✔ o nome da compra é o da parcela sem o "(k/N)" (0.129041ms)
✔ uma parcela salva só ela — a compra toda se edita no topo do formulário (26/09/2026) (0.058083ms)
✔ total a pagar vira parcela arredondada; o total gravado é parcela × N (0.052708ms)
✔ âncora e próxima parcela fazem ida e volta, inclusive no dia 31 (0.112ms)
✔ a próxima parcela que o formulário mostra é a do cronograma: nunca no passado (0.103625ms)
✔ A dívida troca de modo sem perder o que já tem: "parcelas" troca de sentido (0.187917ms)
✔ trocar cobrança usa apenas o valor financiado e mantém entrada separada na ida e volta (0.165ms)
(node:75377) [MODULE_TYPELESS_PACKAGE_JSON] Warning: Module type of file:///Users/gabrielalmeidadias/Documents/Empresas/ProOps/DEV/Personal-ProOps-app/src/lib/finance-query-filters.test.ts is not specified and it doesn't parse as CommonJS.
Reparsing as ES module because module syntax was detected. This incurs a performance overhead.
To eliminate this warning, add "type": "module" to /Users/gabrielalmeidadias/Documents/Empresas/ProOps/DEV/Personal-ProOps-app/package.json.
(Use `node --trace-warnings ...` to show where the warning was created)
✔ transactions combinam valor inclusivo, conta recebida e busca no servidor em todas as paginas (506.069291ms)
✔ transactions maximo zero e sem conta nao viram ausencia de filtro; limpar recorte retira limites (218.224084ms)
✔ transactions com uma borda mantêm o outro lado aberto em todas as páginas (467.099458ms)
✔ previsões e resumo sem ambas as bordas não enviam RPC inválida, inclusive via refetch manual (294.630417ms)
✔ previsoes de janela longa repartem todos os dias em blocos disjuntos de ate 62 dias (243.610291ms)
✔ previsoes com mais de 1000 linhas buscam paginas seguintes sem perda nem duplicacao (206.086625ms)
✔ falha apos um lote de previsoes rejeita periodo completo e nao devolve resultado parcial (165.881334ms)
✔ cancelamento de previsoes chega ao fetch e rejeita consulta inteira (283.902458ms)
✔ accounts paginam alem de 1000 e incluem apenas arquivada selecionada quando nao pedidas todas (174.370417ms)
✔ accounts distinguem lista ativa, conta selecionada e todas arquivadas na consulta/cache (207.344667ms)
✔ importacoes combinam datas locais, arquivo, conta e origem antes de limitar historico (216.63625ms)
✔ importacoes com sem conta, OFX e datas abertas aplicam so as bordas escolhidas (201.259833ms)
✔ importacoes conservam placeholder ao ver mais somente se o recorte anterior e igual (259.976583ms)
✔ erro remoto de importacao rejeita consulta; retry preserva recorte completo (221.181208ms)
✔ transactions aplicam múltiplos meios e null antes de paginar, junto às outras condições OR (258.382375ms)
✔ transactions distinguem null exclusivo, vários conhecidos, vazio e todos os métodos (214.060708ms)
✔ transactions normalizam chave por métodos equivalentes e vazio sem alterar filtros antigos (180.235917ms)
✔ transactions recusam método inesperado antes de qualquer request (208.153791ms)
✔ erro remoto de transactions mantém filtro de pagamento e data aberta no retry (167.493625ms)
(node:75378) [MODULE_TYPELESS_PACKAGE_JSON] Warning: Module type of file:///Users/gabrielalmeidadias/Documents/Empresas/ProOps/DEV/Personal-ProOps-app/src/lib/finance-write-input.test.ts is not specified and it doesn't parse as CommonJS.
Reparsing as ES module because module syntax was detected. This incurs a performance overhead.
To eliminate this warning, add "type": "module" to /Users/gabrielalmeidadias/Documents/Empresas/ProOps/DEV/Personal-ProOps-app/package.json.
(Use `node --trace-warnings ...` to show where the warning was created)
✔ lançamento conserva ausência de método, baixa, taxa e vencimento (0.658791ms)
✔ editar requer revisão; juros existentes prevalecem sobre a taxa, inclusive zero (0.202875ms)
✔ forma de pagamento inválida é recusada antes de qualquer RPC (0.051583ms)
✔ parcelada transporta centavos, histórico, último dia e entrada como compra atômica (0.097084ms)
✔ recorrente leva a âncora idêntica ao início, preservando o calendário e automático (0.066167ms)
✔ financiamento não leva id nem versão e mantém a entrada e a âncora do contrato (0.082041ms)
✔ F09 identidade/null opcional percorrem intents e previews sem contaminar a entrada (0.167375ms)
(node:75379) [MODULE_TYPELESS_PACKAGE_JSON] Warning: Module type of file:///Users/gabrielalmeidadias/Documents/Empresas/ProOps/DEV/Personal-ProOps-app/src/lib/finance-write-preview-query.test.ts is not specified and it doesn't parse as CommonJS.
Reparsing as ES module because module syntax was detected. This incurs a performance overhead.
To eliminate this warning, add "type": "module" to /Users/gabrielalmeidadias/Documents/Empresas/ProOps/DEV/Personal-ProOps-app/package.json.
(Use `node --trace-warnings ...` to show where the warning was created)
✔ incomplete and debouncing drafts do not execute the preview write RPC (26.102875ms)
✔ raw draft switch cancels the old transport before debounce, and late completion never replaces the new result (19.774708ms)
(node:75380) [MODULE_TYPELESS_PACKAGE_JSON] Warning: Module type of file:///Users/gabrielalmeidadias/Documents/Empresas/ProOps/DEV/Personal-ProOps-app/src/lib/finance-write-preview.test.ts is not specified and it doesn't parse as CommonJS.
Reparsing as ES module because module syntax was detected. This incurs a performance overhead.
To eliminate this warning, add "type": "module" to /Users/gabrielalmeidadias/Documents/Empresas/ProOps/DEV/Personal-ProOps-app/package.json.
(Use `node --trace-warnings ...` to show where the warning was created)
✔ an old completed response disappears immediately while the changed draft is still debouncing (0.805375ms)
✔ same draft numbers are hidden during a financial refresh and after its failure or offline pause (0.55275ms)
✔ preview reads preserve negative balances and numeric bigint strings without silently inventing zero (5.122875ms)
✔ unknown and inconsistent limit quality never becomes available credit (0.539084ms)
✔ only affected accounts appear, and a new horizon line has no fabricated before amount (0.199542ms)
✔ credit uses canonical quality even when the legacy horizon advertises a numeric free limit (0.062125ms)
✔ unassigned canonical balances remain readable and distinct from a missing account balance (0.648042ms)
✔ legacy F04 schedule without classification columns stays absent and is never inferred from origin (0.222708ms)
✔ schedule preserves the server snapshot for recorded, recurring, debt and declared lines (0.361708ms)
✔ explicit NULL, four unknown columns and one classified dimension preserve distinct snapshots (0.521584ms)
✔ a Pix fee retains its own unknown snapshot independently of the classified purchase (0.215792ms)
✔ schedule rejects classification enums and provenance outside the closed domain (0.789209ms)
✔ schedule rejects a known value without source and a category default whose value is NULL (0.5155ms)
✔ income and transfers preserve four cleared metadata columns (0.158792ms)
✔ income and transfers reject known expense classification (0.933584ms)
✔ income and transfers reject explicit NULL provenance as expense metadata (0.391416ms)
(node:75381) [MODULE_TYPELESS_PACKAGE_JSON] Warning: Module type of file:///Users/gabrielalmeidadias/Documents/Empresas/ProOps/DEV/Personal-ProOps-app/src/lib/forecast-months.test.ts is not specified and it doesn't parse as CommonJS.
Reparsing as ES module because module syntax was detected. This incurs a performance overhead.
To eliminate this warning, add "type": "module" to /Users/gabrielalmeidadias/Documents/Empresas/ProOps/DEV/Personal-ProOps-app/package.json.
(Use `node --trace-warnings ...` to show where the warning was created)
✔ o corte é o mês da cobertura, e só quando há mês além dele (0.654083ms)
✔ sem meses não há corte (0.09075ms)
✔ veioDe encadeia: o começo de um mês é a sobra do anterior (0.112791ms)
(node:75382) [MODULE_TYPELESS_PACKAGE_JSON] Warning: Module type of file:///Users/gabrielalmeidadias/Documents/Empresas/ProOps/DEV/Personal-ProOps-app/src/lib/forgot-password-ui.test.ts is not specified and it doesn't parse as CommonJS.
Reparsing as ES module because module syntax was detected. This incurs a performance overhead.
To eliminate this warning, add "type": "module" to /Users/gabrielalmeidadias/Documents/Empresas/ProOps/DEV/Personal-ProOps-app/package.json.
(Use `node --trace-warnings ...` to show where the warning was created)
✔ código e senha rodam no cliente descartável; a sessão só vai ao principal depois da troca (97.328459ms)
✔ a recusa do servidor aparece no campo da senha e some ao digitar (51.474125ms)
✔ senha trocada mas entrega falhou: diz isso, revoga a recuperação e leva ao login (34.766291ms)
✔ Cancelar no passo da senha revoga a sessão de recuperação e sai (18.028584ms)
(node:75383) [MODULE_TYPELESS_PACKAGE_JSON] Warning: Module type of file:///Users/gabrielalmeidadias/Documents/Empresas/ProOps/DEV/Personal-ProOps-app/src/lib/form-motion-ui.test.ts is not specified and it doesn't parse as CommonJS.
Reparsing as ES module because module syntax was detected. This incurs a performance overhead.
To eliminate this warning, add "type": "module" to /Users/gabrielalmeidadias/Documents/Empresas/ProOps/DEV/Personal-ProOps-app/package.json.
(Use `node --trace-warnings ...` to show where the warning was created)
✔ Sheet Android preserves its open window and mounted draft while layout crosses the tablet breakpoint (135.427167ms)
✔ Sheet iOS keeps pageSheet or formSheet and the matching keyboard mechanism for each opening (20.979625ms)
✔ Presenca shrinks space and opacity on the same spring, preserving an inactive outgoing snapshot (12.833042ms)
✔ F04: live privacy masks summary and schedule, including every accessibility label (132.647417ms)
✔ F04: ready numbers disappear from retained motion layers as soon as the draft changes (48.291083ms)
✔ F04: collapsing schedule rows read live privacy while the presence exit is still running (113.78325ms)
✔ F04: an automatic virtual occurrence is a forecast, never a claim that money was received (28.553042ms)
✔ Presenca ignores completion after unmount and reduced motion closes without waiting (19.938375ms)
✔ Nested presence inherits its inactive parent provider (22.128625ms)
✔ Presenca reports an actual exit once and ignores a canceled exit after reopening (20.07575ms)
✔ TrocaSuave mounts both layers immediately and starts progress only after incoming native layout (5.121958ms)
✔ TrocaSuave retains its measured width during absolute-layer swaps and explicitly restores natural dimensions (7.958833ms)
✔ Resting presence publishes natural height and swaps retain static geometry after stale shared-value writes (13.621041ms)
✔ a settled label swap releases its frame before larger text measures again (11.597042ms)
✔ TrocaSuave retargets midflight from its current progress while retaining the original outgoing layer (4.719875ms)
✔ Spring overshoot keeps opacity bounded and height nonnegative while allowing a small spatial bounce (28.936333ms)
✔ TrocaSuave rejects stale completion after another mode, return to original, and unmount (23.051375ms)
✔ TrocaSuave ignores a stale incoming layout when a newer mode is waiting for its own measurement (6.153791ms)
✔ TrocaSuave returning A to B to A creates a new incoming lifetime and waits for its new native layout (6.82375ms)
✔ TrocaSuave ignores captured native measurement callbacks after unmount (7.860417ms)
✔ TrocaSuave provider disables outgoing native input callbacks while the incoming input stays editable (78.945791ms)
✔ TrocaSuave reduced motion interrupts pending work and full-screen mode preserves its frame (4.916208ms)
✔ AccountPicker preserves a filtered selected identity without offering it as an eligible choice (51.155416ms)
✔ SelectField ignores a mismatched fallback and prefers an eligible current option (9.931583ms)
✔ SelectField delivers selection synchronously once, keeps one chosen row, and can reopen while closing (30.349ms)
✔ SelectField confirms a different option during collapse without delaying its callback (16.15675ms)
✔ DatePicker delivers one date synchronously, preserves limits and can reopen during collapse (56.991833ms)
✔ SelectField keeps the outgoing snapshot and reactivates collapsed without clearing its value (41.173708ms)
✔ SelectField rejects captured choices while hidden and after reopening a different interaction (16.152917ms)
✔ SelectField discards native handlers queued before unmount (44.668209ms)
✔ SelectField rejects a collapsed header queued before hiding even after reactivation (40.692167ms)
✔ DatePicker rejects a collapsed header queued before hiding even after reactivation (26.849167ms)
✔ DatePicker rejects a collapsed month-end choice queued before reactivation with unchanged value (34.41675ms)
✔ DatePicker discards calendar, header and month-end handlers queued before unmount (21.541042ms)
✔ DatePicker rejects an old month-end choice after reactivation or navigating another month (83.2395ms)
✔ DatePicker month-end choice is single emission and a newly committed selection can toggle its intent (47.261083ms)
✔ DatePicker preserves an outgoing calendar but reactivates collapsed and invalidates its old session (38.677916ms)
✔ DatePicker outgoing calendar cannot select again while the collapsed month-end control remains active (16.451458ms)
✔ DatePicker reopening during collapse gives the calendar a new lifetime and keeps month-end aligned with its current month (28.22775ms)
✔ QuantityField snapshot never clamps or edits financial state; typing and steps stay synchronous (24.907792ms)
✔ TextField outgoing snapshot suppresses editing and contract-clamping blur (35.731208ms)
✔ MudancaSuave crossfades discrete content and reduced motion restores the latest label immediately (4.824208ms)
✔ Presenca lazily mounts native motion once and first appearance springs through measured space (6.813ms)
✔ Presenca explicitly restores natural resting geometry after opening, closing and reopening (21.646208ms)
✔ Presenca lazy first appearance honors reduced motion and an inactive parent (14.288334ms)
✔ prepared compact presence measures while hidden and first open reuses its native motion (4.350166ms)
✔ prepared presence waits for measurement on an immediate first tap and accepts an empty list (12.379917ms)
✔ SelectField first opening and reopening install no new native motion for its options (41.072042ms)
✔ prepared presence remains hidden with reduced motion and ignores native layout after unmount (29.577125ms)
✔ FormatoDoLancamento prepares first opening and cannot select while hidden or inactive (48.909667ms)
✔ SelectField keeps the icon column spacing for alternatives without an icon (22.047792ms)
✔ TextField keeps a full line visible when the font changes, retaining normal geometry and typing (36.137791ms)
✔ TextField respects the caller font cap, disabled scaling and multiline geometry (42.650625ms)
✔ Field keeps its visible label gap through accessory and native text height changes (36.618ms)
✔ LockOverlay immediately covers an interrupted reveal and ignores its queued animation (full motion) (12.217917ms)
✔ LockOverlay immediately covers an interrupted reveal and ignores its queued animation (reduced motion) (4.109625ms)
✔ LockOverlay rejects stale fallback timers after an interrupted reveal and callbacks after unmount (11.715875ms)
✔ LockOverlay fallback completes only its current reveal when a native completion is missing (10.250958ms)
✔ entrada começa sem erro nem foco, valida ao sair do valor e limpa o erro após corrigir (46.965708ms)
✔ entrada fica inteira e utilizável no primeiro render, sem esperar medição ou animação (28.035667ms)
✔ entrada oculta imediatamente e reabre inteira durante reversões (full motion) (98.033042ms)
✔ entrada oculta imediatamente e reabre inteira durante reversões (reduced motion) (40.680208ms)
✔ adicionar entrada a contrato existente também nasce sem validação prematura (40.917792ms)
✔ entrada já preenchida explica um limite do total mesmo depois de reiniciar a revisão (28.279708ms)
✔ erros de conta e data não pintam a borda do valor; limite da compra aparece após revisar o valor (31.890708ms)
✔ F02: ação contextual do seletor fecha a lista sem selecionar uma entidade e ignora duplo toque (11.572667ms)
✔ F02: seletor desabilitado protege ações capturadas e permite criar na lista vazia depois de reativar (22.730917ms)
✔ F02: cadastro contextual aplica somente UUID confirmado, bloqueia duplo toque e volta ao seletor (62.609333ms)
✔ F02: cancelar ou voltar durante envio impede seleção tardia e conserva a ação de cadastro (120.455666ms)
✔ F02: forma de pagamento atual governa a seleção depois de uma criação já enviada (64.298875ms)
✔ F02: mudar método antes do envio não cria uma origem agora incompatível (42.136292ms)
✔ F02: confirmação perdida permanece congelada mesmo fechando e reabrindo o cadastro (40.289541ms)
✔ F02: campo que sai da presença e host desmontado recusam callback financeiro tardio (20.914875ms)
✔ F02: campos compartilhados explicam dias obrigatórios e a edição bloqueada não altera o cadastro (92.008417ms)
✔ F03: metadado real é visível e acessível; limite zero não impede selecionar cartão (30.123333ms)
✔ F03: preferência oculta e ainda não lida não vaza valor no texto nem na acessibilidade (38.609083ms)
✔ F03: erro mantém seleção e recuperação não emite outra conta (55.3835ms)
✔ F03: muitas contas mantêm dois recursos agregados; seletor simples não consulta dinheiro (126.035083ms)
✔ F03: ocultar durante fechamento da lista protege também o snapshot visual que está saindo (26.4005ms)
✔ F03: recurso desabilitado em voo em outro seletor não bloqueia recuperar a conta bancária (47.823584ms)
✔ F06 classificação: controles têm geometria natural sem aguardar animação, inclusive resize e reversão (full motion) (14.127958ms)
✔ F06 classificação: controles têm geometria natural sem aguardar animação, inclusive resize e reversão (reduced motion) (6.769375ms)
(node:75385) [MODULE_TYPELESS_PACKAGE_JSON] Warning: Module type of file:///Users/gabrielalmeidadias/Documents/Empresas/ProOps/DEV/Personal-ProOps-app/src/lib/glass-backdrop.test.ts is not specified and it doesn't parse as CommonJS.
Reparsing as ES module because module syntax was detected. This incurs a performance overhead.
To eliminate this warning, add "type": "module" to /Users/gabrielalmeidadias/Documents/Empresas/ProOps/DEV/Personal-ProOps-app/package.json.
(Use `node --trace-warnings ...` to show where the warning was created)
✔ vidro com tinta leva a cor sólida por baixo: o conteúdo continua legível se o vidro não pintar (83.998458ms)
✔ vidro sem tinta continua só vidro — o controle comum refrata o que está atrás (4.59925ms)
(node:75386) [MODULE_TYPELESS_PACKAGE_JSON] Warning: Module type of file:///Users/gabrielalmeidadias/Documents/Empresas/ProOps/DEV/Personal-ProOps-app/src/lib/goal-contribution.test.ts is not specified and it doesn't parse as CommonJS.
Reparsing as ES module because module syntax was detected. This incurs a performance overhead.
To eliminate this warning, add "type": "module" to /Users/gabrielalmeidadias/Documents/Empresas/ProOps/DEV/Personal-ProOps-app/package.json.
(Use `node --trace-warnings ...` to show where the warning was created)
✔ monthly contributions preserve exact remaining cents with a smaller final contribution (1.007125ms)
✔ one cent and a contribution larger than remaining finish today at exactly remaining (0.179459ms)
✔ monthly 0 is incomplete rather than infinite (0.055375ms)
✔ monthly null is incomplete rather than infinite (0.036625ms)
✔ missing next date explicitly remains incomplete (0.045958ms)
✔ reached goals need no contributions even when sources are incomplete (1.122083ms)
✔ civil calendar 2027-01-31 + 1 months = 2027-02-28 (0.214042ms)
✔ civil calendar 2027-01-31 + 2 months = 2027-03-31 (0.067625ms)
✔ civil calendar 2028-01-31 + 1 months = 2028-02-29 (0.116709ms)
✔ civil calendar 2028-01-31 + 2 months = 2028-03-31 (0.156375ms)
✔ civil calendar 1900-01-31 + 1 months = 1900-02-28 (0.066458ms)
✔ civil calendar 2000-01-31 + 1 months = 2000-02-29 (0.047792ms)
✔ civil calendar 0001-01-31 + 0 months = 0001-01-31 (0.039584ms)
✔ civil calendar 9999-11-30 + 1 months = 9999-12-30 (0.034208ms)
✔ civil calendar 9999-12-31 + 1 months = null (0.032709ms)
✔ civil calendar 0001-01-01 + 9007199254740991 months = null (0.03425ms)
✔ past monthly intentions skip missed dates and preserve the original day 31 (0.167584ms)
✔ missed initial intention is flagged and never counted as paid (0.079916ms)
✔ missed initial intention stays explicit even while the deadline source is incomplete (0.086792ms)
✔ initial today counts once and an equal-day monthly contribution remains distinct (0.146333ms)
✔ full initial intention is capped and needs neither monthly amount nor first date (0.07425ms)
✔ positive initial intention requires its own date (0.074792ms)
✔ partial initial after effective first monthly date is incomplete (0.067416ms)
✔ deadline mode rounds upward but preserves exact final remainder (0.0905ms)
✔ deadline counts only slots on or before the deadline and can finish earlier (0.0625ms)
✔ deadline today includes a contribution today (0.046917ms)
✔ deadline missing is incomplete; passed deadline and first after deadline are unreachable (0.076375ms)
✔ deadline initial cannot lie after the deadline even if it would cover everything (0.064083ms)
✔ deadline initial reduces the amount used by the inverse monthly calculation (0.056084ms)
✔ full initial still needs the deadline source, but may complete without a monthly anchor (0.056416ms)
✔ deadline month boundary counts the clamped leap-day slot without changing the anchor (0.313417ms)
✔ random access handles the full civil calendar without building a schedule (0.188834ms)
✔ monthly horizon extends beyond ten years with no artificial cut (0.053042ms)
✔ year overflow and immense monthly counts are explicit without allocation or precision loss (0.1665ms)
✔ large safe cents use integer division rather than rounding intermediate doubles (0.083375ms)
✔ runtime input rejects extra field before calculating, including reached goals (0.301625ms)
✔ runtime input rejects missing field before calculating, including reached goals (0.062666ms)
✔ runtime input rejects zero target before calculating, including reached goals (0.167916ms)
✔ runtime input rejects negative saved before calculating, including reached goals (0.3885ms)
✔ runtime input rejects decimal cents before calculating, including reached goals (0.079625ms)
✔ runtime input rejects unsafe target before calculating, including reached goals (0.070625ms)
✔ runtime input rejects string cents before calculating, including reached goals (0.068417ms)
✔ runtime input rejects NaN cents before calculating, including reached goals (0.063375ms)
✔ runtime input rejects infinite cents before calculating, including reached goals (0.174083ms)
✔ runtime input rejects negative initial before calculating, including reached goals (0.046791ms)
✔ runtime input rejects invalid mode before calculating, including reached goals (0.047708ms)
✔ runtime input rejects monthly opposite source before calculating, including reached goals (0.046333ms)
✔ runtime input rejects deadline opposite source before calculating, including reached goals (0.043583ms)
✔ runtime input rejects inactive initial date before calculating, including reached goals (0.045042ms)
✔ runtime input rejects missing date type before calculating, including reached goals (0.042375ms)
✔ runtime input rejects invalid day before calculating, including reached goals (0.042ms)
✔ runtime input rejects invalid 1900 leap before calculating, including reached goals (0.87425ms)
✔ runtime input rejects noncivil timestamp before calculating, including reached goals (0.072584ms)
✔ runtime input rejects year zero before calculating, including reached goals (0.045833ms)
✔ runtime input rejects five digit year before calculating, including reached goals (0.044042ms)
✔ runtime input rejects short date before calculating, including reached goals (0.039916ms)
✔ runtime objects must be plain records rather than null, arrays or class instances (0.0875ms)
✔ calendar and schedule reject invalid indexes and anchors (0.157125ms)
✔ manual schedules conserve remaining and agree with estimated date in both directions (0.321292ms)
✔ pure recalculation preserves the input and has no dependence on device clock or caret state (0.084125ms)
(node:75387) [MODULE_TYPELESS_PACKAGE_JSON] Warning: Module type of file:///Users/gabrielalmeidadias/Documents/Empresas/ProOps/DEV/Personal-ProOps-app/src/lib/goal-horizon-save.test.ts is not specified and it doesn't parse as CommonJS.
Reparsing as ES module because module syntax was detected. This incurs a performance overhead.
To eliminate this warning, add "type": "module" to /Users/gabrielalmeidadias/Documents/Empresas/ProOps/DEV/Personal-ProOps-app/package.json.
(Use `node --trace-warnings ...` to show where the warning was created)
✔ F10 lost response retains complete source/initial/date and same identity for confirmation (1.298292ms)
✔ F10 terminal resolution accepts only command-owned matching closed receipt (0.184917ms)
✔ F10 refuses wrong workspace/revision/open receipt and freezes intent (0.099083ms)
✔ F10 refuses wrong workspace/revision/open receipt and freezes intent (0.066292ms)
✔ F10 refuses wrong workspace/revision/open receipt and freezes intent (0.071041ms)
✔ F10 controller refuses source-inactive money before transport (0.076375ms)
(node:75400) [MODULE_TYPELESS_PACKAGE_JSON] Warning: Module type of file:///Users/gabrielalmeidadias/Documents/Empresas/ProOps/DEV/Personal-ProOps-app/src/lib/goal-horizon.test.ts is not specified and it doesn't parse as CommonJS.
Reparsing as ES module because module syntax was detected. This incurs a performance overhead.
To eliminate this warning, add "type": "module" to /Users/gabrielalmeidadias/Documents/Empresas/ProOps/DEV/Personal-ProOps-app/package.json.
(Use `node --trace-warnings ...` to show where the warning was created)
✔ F10 DTO preserves server capacity and checks exact pure calendar, source money and cents (3.155208ms)
✔ F10 DTO refuses outer extra (0.201209ms)
✔ F10 DTO refuses missing horizon (0.108791ms)
✔ F10 DTO refuses duplicate horizon (0.104167ms)
✔ F10 DTO refuses forged goal (0.084792ms)
✔ F10 DTO refuses result extra (0.09575ms)
✔ F10 DTO refuses wrong date (0.109417ms)
✔ F10 DTO refuses wrong remainder (0.08325ms)
✔ F10 DTO refuses unsafe amount (0.077125ms)
✔ F10 DTO refuses numeric money (0.115458ms)
✔ F10 DTO refuses inactive source (0.083084ms)
✔ F10 DTO refuses wrong source (0.051625ms)
✔ F10 DTO refuses inconsistent included (0.051125ms)
✔ F10 DTO refuses inconsistent monthly (0.063208ms)
✔ F10 draft stores derived inactive input and transport sends only the active source without mutation (0.311875ms)
✔ F10 exclusion clears intent on the wire and preserves the complete editor draft (0.091167ms)
✔ F10 preview can explain zero while save cannot accept a plan without contributions (0.093584ms)
✔ F10 source deadline changes do not overwrite the actual goal deadline (0.074209ms)
✔ F10 syntax normalization copies closed intent independently of current goals for terminal resolution (0.251584ms)
✔ F10 builders require the exact current goal list and allow initial-only completion (0.072916ms)
(node:75401) [MODULE_TYPELESS_PACKAGE_JSON] Warning: Module type of file:///Users/gabrielalmeidadias/Documents/Empresas/ProOps/DEV/Personal-ProOps-app/src/lib/goal-plan-save.test.ts is not specified and it doesn't parse as CommonJS.
Reparsing as ES module because module syntax was detected. This incurs a performance overhead.
To eliminate this warning, add "type": "module" to /Users/gabrielalmeidadias/Documents/Empresas/ProOps/DEV/Personal-ProOps-app/package.json.
(Use `node --trace-warnings ...` to show where the warning was created)
✔ goal plan double tap shares one immutable operation and correct receipt (2.131833ms)
✔ transport loss preserves canonical array/key order and UUID until receipt (0.3305ms)
✔ initial 22023 refusal releases the editable draft (0.204792ms)
✔ initial 23514 refusal releases the editable draft (0.138917ms)
✔ initial 42501 refusal releases the editable draft (0.154291ms)
✔ initial P0001 refusal releases the editable draft (0.117708ms)
✔ initial 40001 refusal releases the editable draft (0.110042ms)
✔ initial 40P01 refusal releases the editable draft (0.088833ms)
✔ initial PT409 refusal releases the editable draft (0.110834ms)
✔ after ambiguity {"code":"P0001"} cannot disprove the original commit (0.267959ms)
✔ after ambiguity {"code":"42501"} cannot disprove the original commit (0.115125ms)
✔ after ambiguity {"code":"22023"} cannot disprove the original commit (0.090125ms)
✔ after ambiguity {"code":"PT409","message":"some unrelated refusal"} cannot disprove the original commit (0.098083ms)
✔ after ambiguity {"code":"40001","message":"Plano alterado. Confira novamente"} cannot disprove the original commit (0.112541ms)
✔ exact sealed-first PT409 Plano alterado. Confira novamente permits reopening after timeout (0.164459ms)
✔ exact sealed-first PT409 As metas mudaram. Confira o plano novamente permits reopening after timeout (0.079416ms)
✔ unproven receipt null stays frozen (0.151333ms)
✔ unproven receipt {"workspace_id":"22222222-2222-4222-8222-222222222222","edit_revision":8} stays frozen (0.071042ms)
✔ unproven receipt {"workspace_id":"11111111-1111-4111-8111-111111111111","edit_revision":7} stays frozen (0.072375ms)
✔ unproven receipt {"workspace_id":"11111111-1111-4111-8111-111111111111","edit_revision":8,"extra":true} stays frozen (0.087083ms)
✔ unproven receipt {"workspace_id":"11111111-1111-4111-8111-111111111111","cancelled":false} stays frozen (0.080291ms)
✔ unproven receipt {"workspace_id":"22222222-2222-4222-8222-222222222222","cancelled":true} stays frozen (0.07125ms)
✔ unproven receipt {"workspace_id":"11111111-1111-4111-8111-111111111111","cancelled":true,"extra":true} stays frozen (0.068208ms)
✔ terminal resolution shares in-flight promise, releases intent and rotates UUID (0.222625ms)
✔ resolution recovers matching sealed success without writing again (0.106625ms)
✔ PT409 from resolution does not replace a sealed success or cancellation receipt (0.170375ms)
✔ a delayed save receives terminal cancellation without inventing success (0.07ms)
✔ closed malformed commands and unsafe revision never dispatch (0.377625ms)
✔ new plan expects revision one, including explicit empty plan (0.074083ms)
✔ write messages keep transport internals private and qualify source changes (0.154584ms)
(node:75402) [MODULE_TYPELESS_PACKAGE_JSON] Warning: Module type of file:///Users/gabrielalmeidadias/Documents/Empresas/ProOps/DEV/Personal-ProOps-app/src/lib/goal-planning.test.ts is not specified and it doesn't parse as CommonJS.
Reparsing as ES module because module syntax was detected. This incurs a performance overhead.
To eliminate this warning, add "type": "module" to /Users/gabrielalmeidadias/Documents/Empresas/ProOps/DEV/Personal-ProOps-app/package.json.
(Use `node --trace-warnings ...` to show where the warning was created)
✔ decodes safe cents without deriving or overwriting server scenario (1.372792ms)
✔ rejects unsafe cents (0.133542ms)
✔ rejects decimal cents (0.057458ms)
✔ rejects numeric wire cents (0.089125ms)
✔ rejects negative saved (0.053041ms)
✔ rejects zero target (0.04525ms)
✔ rejects negative planned (0.060625ms)
✔ rejects invalid civil date (0.05225ms)
✔ rejects invalid leap date (0.061875ms)
✔ rejects unknown field (0.080458ms)
✔ rejects missing field (0.050541ms)
✔ rejects unknown goal field (0.037875ms)
✔ rejects duplicate goals (0.042917ms)
✔ rejects duplicate month (0.040333ms)
✔ rejects forged incomplete id (0.053875ms)
✔ rejects forged excluded id (0.044166ms)
✔ rejects duplicate missed id (0.048ms)
✔ rejects invalid uuid (0.034875ms)
✔ rejects invalid workspace name (0.02975ms)
✔ rejects invalid cycle close day (0.034875ms)
✔ rejects invalid fingerprint (0.032375ms)
✔ rejects invalid view (0.037333ms)
✔ rejects invalid mode (0.0285ms)
✔ rejects zero days (0.03025ms)
✔ rejects excessive days (0.028583ms)
✔ rejects noninteger revision (0.052917ms)
✔ rejects zero revision (0.055042ms)
✔ rejects invalid origin (0.036ms)
✔ rejects invalid deadline status (0.025167ms)
✔ rejects wrong mode array (0.045708ms)
✔ rejects reversed month range (0.027625ms)
✔ daily mode accepts leap day and detects duplicate daily points (0.071125ms)
✔ minimum availability retains an intraperiod negative even when month ends positive (0.060667ms)
✔ cycle month bounds may start in previous civil month (0.033333ms)
✔ empty goals permit clearing an empty plan (0.361417ms)
✔ builders copy and sort all current goals and normalize excluded fields without mutating draft (0.148833ms)
✔ preview retains incomplete included proposals but save refuses them (0.084875ms)
✔ builders reject missing items (0.052958ms)
✔ builders reject extra items (0.047667ms)
✔ builders reject duplicate items (0.042166ms)
✔ builders reject unsafe items (0.03825ms)
✔ builders reject zero items (0.040917ms)
✔ builders reject decimal items (0.030333ms)
✔ builders reject invalid date items (0.035459ms)
✔ builders reject unknown field items (0.035209ms)
(node:75403) [MODULE_TYPELESS_PACKAGE_JSON] Warning: Module type of file:///Users/gabrielalmeidadias/Documents/Empresas/ProOps/DEV/Personal-ProOps-app/src/lib/hipotese.test.ts is not specified and it doesn't parse as CommonJS.
Reparsing as ES module because module syntax was detected. This incurs a performance overhead.
To eliminate this warning, add "type": "module" to /Users/gabrielalmeidadias/Documents/Empresas/ProOps/DEV/Personal-ProOps-app/package.json.
(Use `node --trace-warnings ...` to show where the warning was created)
✔ uma vez vira lançamento pendente com o título Hipótese (0.828792ms)
✔ parcelado vira a compra parcelada com 0 pagas; sem conta é incompleto (0.095834ms)
✔ repete vira recorrente com a regra do app (0.098541ms)
✔ financiamento: parcela fixa, âncora na data, dia da data (0.065666ms)
✔ dois financiamentos no mesmo rascunho não colidem no nome (a dívida tem nome único no espaço) (0.077666ms)
✔ o que falta: valor, conta no parcelado e no financiamento, parcelas (0.045667ms)
✔ a linha diz forma, conta e data (0.079542ms)
✔ aplicar abre o formulário certo, com tudo (0.142042ms)
✔ hipótese com data que já passou vale a partir de HOJE: na simulação, na linha e no Aplicar (revisão final) (0.1225ms)
✔ Aplicar de uma data futura fora do cartão nasce A PAGAR, como foi simulado (revisão final) (0.179792ms)
✔ F09 hipótese leva pai/detalhe à simulação e ao aplicar com ausência legacy distinta de null (0.49525ms)
(node:75404) [MODULE_TYPELESS_PACKAGE_JSON] Warning: Module type of file:///Users/gabrielalmeidadias/Documents/Empresas/ProOps/DEV/Personal-ProOps-app/src/lib/icon-map.test.ts is not specified and it doesn't parse as CommonJS.
Reparsing as ES module because module syntax was detected. This incurs a performance overhead.
To eliminate this warning, add "type": "module" to /Users/gabrielalmeidadias/Documents/Empresas/ProOps/DEV/Personal-ProOps-app/package.json.
(Use `node --trace-warnings ...` to show where the warning was created)
✔ Icon: todo SF Symbol usado no app está no mapa SF → Material (25.98225ms)
(node:75405) [MODULE_TYPELESS_PACKAGE_JSON] Warning: Module type of file:///Users/gabrielalmeidadias/Documents/Empresas/ProOps/DEV/Personal-ProOps-app/src/lib/import-preview.test.ts is not specified and it doesn't parse as CommonJS.
Reparsing as ES module because module syntax was detected. This incurs a performance overhead.
To eliminate this warning, add "type": "module" to /Users/gabrielalmeidadias/Documents/Empresas/ProOps/DEV/Personal-ProOps-app/package.json.
(Use `node --trace-warnings ...` to show where the warning was created)
✔ só o que é NOVO e é gasto/receita de verdade nasce marcado (1.1295ms)
✔ crédito na fatura nunca entra sozinho como receita — mesmo sem a IA ter respondido (0.121167ms)
✔ transferência entre contas e aplicação ficam de fora por padrão, com o motivo (0.184542ms)
✔ a frase do parcelado diz o que vai ser criado (0.224666ms)
✔ o motivo do "já está no app" mostra com o quê (0.101166ms)
✔ o total é o que está MARCADO, e conta as compras parceladas que nascem (0.170625ms)
(node:75406) [MODULE_TYPELESS_PACKAGE_JSON] Warning: Module type of file:///Users/gabrielalmeidadias/Documents/Empresas/ProOps/DEV/Personal-ProOps-app/src/lib/installment-progress.test.ts is not specified and it doesn't parse as CommonJS.
Reparsing as ES module because module syntax was detected. This incurs a performance overhead.
To eliminate this warning, add "type": "module" to /Users/gabrielalmeidadias/Documents/Empresas/ProOps/DEV/Personal-ProOps-app/package.json.
(Use `node --trace-warnings ...` to show where the warning was created)
✔ next installment follows pending numbers, not the count already paid (3.322416ms)
(node:75407) [MODULE_TYPELESS_PACKAGE_JSON] Warning: Module type of file:///Users/gabrielalmeidadias/Documents/Empresas/ProOps/DEV/Personal-ProOps-app/src/lib/item-actions.test.ts is not specified and it doesn't parse as CommonJS.
Reparsing as ES module because module syntax was detected. This incurs a performance overhead.
To eliminate this warning, add "type": "module" to /Users/gabrielalmeidadias/Documents/Empresas/ProOps/DEV/Personal-ProOps-app/package.json.
(Use `node --trace-warnings ...` to show where the warning was created)
✔ Android sem mensagem: a pergunta vai no corpo, sem vão vazio embaixo do título (39.907292ms)
✔ Android com mensagem: título e mensagem como sempre (8.027375ms)
✔ iOS continua com o título na folha de ações (14.16425ms)
(node:75408) [MODULE_TYPELESS_PACKAGE_JSON] Warning: Module type of file:///Users/gabrielalmeidadias/Documents/Empresas/ProOps/DEV/Personal-ProOps-app/src/lib/item-link-accessibility.test.ts is not specified and it doesn't parse as CommonJS.
Reparsing as ES module because module syntax was detected. This incurs a performance overhead.
To eliminate this warning, add "type": "module" to /Users/gabrielalmeidadias/Documents/Empresas/ProOps/DEV/Personal-ProOps-app/package.json.
(Use `node --trace-warnings ...` to show where the warning was created)
✔ cartão iOS expõe rótulo e ativação fora do contêiner nativo do preview, preservando menu e arrasto (176.249625ms)
✔ ações AX preservam submenus e impedem executar ações desabilitadas (14.520375ms)
✔ ItemLink preserva rótulo rico do filho e só executa render prop uma vez (6.758959ms)
✔ rótulo explícito do ItemLink prevalece sobre o título e rótulo do filho (7.708375ms)
(node:75409) [MODULE_TYPELESS_PACKAGE_JSON] Warning: Module type of file:///Users/gabrielalmeidadias/Documents/Empresas/ProOps/DEV/Personal-ProOps-app/src/lib/lancamento-write.test.ts is not specified and it doesn't parse as CommonJS.
Reparsing as ES module because module syntax was detected. This incurs a performance overhead.
To eliminate this warning, add "type": "module" to /Users/gabrielalmeidadias/Documents/Empresas/ProOps/DEV/Personal-ProOps-app/package.json.
(Use `node --trace-warnings ...` to show where the warning was created)
✔ à vista prepara título, estabelecimento, centavos e uma única gravação (1.876834ms)
✔ pendente visível leva vencimento ISO e automático; transferência limpa categoria e guarda destino (0.125208ms)
✔ campo escondido conserva status, vencimento e automático do registro editado (0.068958ms)
✔ valor por parcela e entrada não se misturam no principal nem no histórico (0.130875ms)
✔ total com entrada subtrai uma vez; último dia não se aplica ao cartão (0.060583ms)
✔ sem entrada ligada centavo restante e histórico são preservados; lançamento existente converte (0.095791ms)
✔ conta ausente não prepara compra; campos de entrada escondidos não vazam (0.044834ms)
✔ dados obrigatórios inválidos são recusados antes da prévia financeira (0.145208ms)
✔ histórico passado em branco e entrada futura falham com a regra já existente (0.156417ms)
✔ F09 principal conserva detalhe explícito e parcelada usa o mesmo UUID; transferência limpa (0.248458ms)
✔ F09 troca de pai limpa filho herdado; alias conserva e novo filho explícito fica para preflight (0.385458ms)
✔ F09 transferência editada limpa também filho novo explícito após comparar o snapshot (0.048542ms)
(node:75410) [MODULE_TYPELESS_PACKAGE_JSON] Warning: Module type of file:///Users/gabrielalmeidadias/Documents/Empresas/ProOps/DEV/Personal-ProOps-app/src/lib/lancar.test.ts is not specified and it doesn't parse as CommonJS.
Reparsing as ES module because module syntax was detected. This incurs a performance overhead.
To eliminate this warning, add "type": "module" to /Users/gabrielalmeidadias/Documents/Empresas/ProOps/DEV/Personal-ProOps-app/package.json.
(Use `node --trace-warnings ...` to show where the warning was created)
✔ F01: editar taxa vinculada abre sua compra; taxa antiga sem vínculo continua independente (0.411084ms)
✔ a conversão abre o registro devolvido pelo banco, inclusive financiamento sem transação (0.334875ms)
✔ a série convertida abre suas ocorrências no mês local do início escolhido (1.045333ms)
✔ sem ID de resultado a conversão abre a lista válida, nunca a origem removida (0.131042ms)
✔ as quatro opções da spec, e só as que mudam alguma coisa (0.199292ms)
✔ sem saber se há passado, a opção destrutiva aparece (e é confirmada) (0.125ms)
✔ "Salvar e criar outro" mantém tipo, conta e data, e limpa o resto (0.104459ms)
✔ transferência não existe na recorrente: vira gasto (0.099292ms)
✔ o seletor tem três opções e o link carrega o tipo (0.107791ms)
✔ o papel do lançamento sai do registro: série, compra parcelada, dívida ou avulso (0.13775ms)
✔ F09 comum conserva filho compatível em conversão e limpa depois de salvar ou transferir (0.205875ms)
(node:75411) [MODULE_TYPELESS_PACKAGE_JSON] Warning: Module type of file:///Users/gabrielalmeidadias/Documents/Empresas/ProOps/DEV/Personal-ProOps-app/src/lib/ledger-expected.test.ts is not specified and it doesn't parse as CommonJS.
Reparsing as ES module because module syntax was detected. This incurs a performance overhead.
To eliminate this warning, add "type": "module" to /Users/gabrielalmeidadias/Documents/Empresas/ProOps/DEV/Personal-ProOps-app/package.json.
(Use `node --trace-warnings ...` to show where the warning was created)
✔ classificação prevista combina dimensões por AND e conhecidos/null por OR (5.47175ms)
✔ classificação Não informado inclui legado sem deduzir pela origem e exclui receitas (0.113042ms)
✔ classificação prevista mantém demais filtros e valida antes de ler linhas (0.268792ms)
✔ previsões respeitam filtros da lista, sem se passarem por lançamentos concluídos (0.093083ms)
✔ Ver ocorrências limita previsões à série selecionada (0.050958ms)
✔ previsões de origens diferentes aparecem em ordem de vencimento (0.043833ms)
✔ previstas entram no dia delas, entre os lançamentos, sem passar da página carregada (0.110083ms)
✔ pílula da prevista segue a data, e a estimada nunca se passa por conta a pagar (0.060375ms)
✔ tocar na prevista não abre buraco na lista nem a mostra duas vezes (0.099709ms)
✔ previsões respeitam valor mínimo/máximo inclusivos e combinados com conta (0.090875ms)
✔ previsões filtram pagamento histórico sem inferir o método pela conta atual (0.169625ms)
✔ pagamento previsto combina categoria, status, conta, origem, série, busca e valor inclusivo (0.109542ms)
(node:75412) [MODULE_TYPELESS_PACKAGE_JSON] Warning: Module type of file:///Users/gabrielalmeidadias/Documents/Empresas/ProOps/DEV/Personal-ProOps-app/src/lib/list-filters-ui.test.ts is not specified and it doesn't parse as CommonJS.
Reparsing as ES module because module syntax was detected. This incurs a performance overhead.
To eliminate this warning, add "type": "module" to /Users/gabrielalmeidadias/Documents/Empresas/ProOps/DEV/Personal-ProOps-app/package.json.
(Use `node --trace-warnings ...` to show where the warning was created)
✔ múltiplas formas são um rascunho independente e só Aplicar publica (133.031375ms)
✔ cancelar múltiplas formas preserva valor publicado e reabrir descarta alterações (139.497958ms)
✔ Todos limpa somente o grupo; último toggle vazio é Todos, distinto de Não informado (47.3885ms)
✔ Limpar inclui seleção múltipla, mas cancelar não altera o pai (28.354042ms)
✔ busca preserva nomes e termos digitados sem autocorreção do teclado (15.297125ms)
✔ significado da data fica no rótulo de cada input, sem título de seção duplicado (17.954875ms)
✔ digitar modifica somente draft; Aplicar publica um payload e fecha depois (106.494916ms)
✔ Sheet: fechar/voltar cancela e reabrir remonta draft do valor publicado (22.866042ms)
✔ TaskHeader: fechar/voltar cancela e reabrir remonta draft do valor publicado (28.176917ms)
✔ Limpar zera busca, datas, valores e selecoes mas somente Aplicar publica a limpeza (21.017458ms)
✔ Voltar ao mês remove somente o intervalo e exige Aplicar; cancelar preserva o recorte publicado (30.840167ms)
✔ ícone único limpa datas em listas com bordas independentes sem alterar seleções (50.33575ms)
✔ apenas uma data é aplicável e publica somente a borda escolhida (39.465292ms)
✔ erro de intervalo aparece junto à data final e desaparece ao corrigir a ordem (20.200417ms)
✔ data impossivel: erro inline desabilita Aplicar e o handler tambem recusa (45.036041ms)
✔ ordem das datas: erro inline desabilita Aplicar e o handler tambem recusa (9.602708ms)
✔ minimo acima do maximo: erro inline desabilita Aplicar e o handler tambem recusa (13.31ms)
✔ valor negativo: erro inline desabilita Aplicar e o handler tambem recusa (17.513084ms)
✔ centavos fracionarios: erro inline desabilita Aplicar e o handler tambem recusa (39.479125ms)
✔ data invalida digitada atualiza validacao sem publicar o draft (17.5535ms)
✔ minimo/maximo zero e intervalo do mesmo dia sao validos e publicados (67.456458ms)
✔ selecao null remove so a chave escolhida e preserva objeto original/conjunto de opcoes (13.931417ms)
✔ cabecalho fica presente e SheetScroll e o ultimo filho da folha (11.479458ms)
(node:75413) [MODULE_TYPELESS_PACKAGE_JSON] Warning: Module type of file:///Users/gabrielalmeidadias/Documents/Empresas/ProOps/DEV/Personal-ProOps-app/src/lib/list-filters.test.ts is not specified and it doesn't parse as CommonJS.
Reparsing as ES module because module syntax was detected. This incurs a performance overhead.
To eliminate this warning, add "type": "module" to /Users/gabrielalmeidadias/Documents/Empresas/ProOps/DEV/Personal-ProOps-app/package.json.
(Use `node --trace-warnings ...` to show where the warning was created)
✔ seleção múltipla conta um critério por grupo e descreve opções em ordem estável (1.425417ms)
✔ resumo descreve datas e valores como intervalos e resolve seleções pelos mesmos rótulos da folha (0.237666ms)
✔ resumo cobre bordas únicas, mesmo dia, zero, privacidade e opção que deixou de estar disponível (0.28275ms)
✔ contagem agrupa período e faixa de valor, reconhece zero e ignora critérios vazios (0.142708ms)
✔ período inclusivo aceita mesmo dia e rejeita datas invertidas ou inexistentes (1.152958ms)
✔ limites de dinheiro são centavos inteiros, inclusivos, e zero é um filtro (0.097583ms)
✔ divide previsões extensas sem perder bordas, inclusive virada de ano e fevereiro bissexto (0.515959ms)
✔ timestamps usam o dia BRT inteiro, final exclusivo na virada do ano (1.333208ms)
(node:75414) [MODULE_TYPELESS_PACKAGE_JSON] Warning: Module type of file:///Users/gabrielalmeidadias/Documents/Empresas/ProOps/DEV/Personal-ProOps-app/src/lib/list-query-filters.test.ts is not specified and it doesn't parse as CommonJS.
Reparsing as ES module because module syntax was detected. This incurs a performance overhead.
To eliminate this warning, add "type": "module" to /Users/gabrielalmeidadias/Documents/Empresas/ProOps/DEV/Personal-ProOps-app/package.json.
(Use `node --trace-warnings ...` to show where the warning was created)
✔ lixeira ordena pela exclusão no servidor antes de paginar, sem misturar fixação da lista ativa (304.649167ms)
✔ lembretes sem filtros conservam a chave de cache da vitrine e do retrato inicial (62.423792ms)
✔ lembretes combinam título, canal e estado antes da paginação e incluem o último instante do dia BRT (63.142333ms)
✔ notas mantêm pasta/tag/busca/ordem no intervalo de atualização antes das páginas seguintes (96.9125ms)
✔ notes: datas abertas, fevereiro bissexto e limpeza não reutilizam o recorte anterior (43.367ms)
✔ notes: erro remoto é propagado e retry conserva filtros (77.642708ms)
✔ reminders: datas abertas, fevereiro bissexto e limpeza não reutilizam o recorte anterior (40.012875ms)
✔ reminders: erro remoto é propagado e retry conserva filtros (20.717333ms)
(node:75415) [MODULE_TYPELESS_PACKAGE_JSON] Warning: Module type of file:///Users/gabrielalmeidadias/Documents/Empresas/ProOps/DEV/Personal-ProOps-app/src/lib/lock-lifecycle.test.ts is not specified and it doesn't parse as CommonJS.
Reparsing as ES module because module syntax was detected. This incurs a performance overhead.
To eliminate this warning, add "type": "module" to /Users/gabrielalmeidadias/Documents/Empresas/ProOps/DEV/Personal-ProOps-app/package.json.
(Use `node --trace-warnings ...` to show where the warning was created)
✔ restored session child auto-authentication survives the parent hydration effect and opens on success plus active (113.20525ms)
✔ leaving during the successful prompt return invalidates that visit and asks again (34.251ms)
✔ the real departure before the prompt active event cannot be consumed as system UI (31.687417ms)
✔ iOS legitimate prompt success before active opens once (14.408167ms)
✔ iOS legitimate prompt success after active opens once (93.522459ms)
✔ Android system credential background with success before active is a legitimate return (25.214709ms)
✔ Android system credential background with success after active is a legitimate return (17.561625ms)
✔ Android biometric dialog that never pauses the app opens without waiting for a nonexistent active event (6.494291ms)
✔ iOS actual background before a late success refuses the old result and retries on return (15.763791ms)
✔ an iOS result delivered after the real return cannot unlock the new visit or clear its retry guard (6.098458ms)
✔ user_cancel keeps the app locked and a manual retry can open (5.83075ms)
✔ system_cancel keeps the app locked and a manual retry can open (19.851917ms)
✔ authentication_failed keeps the app locked and a manual retry can open (6.254ms)
✔ reentrant requests share one native operation and cannot prematurely open (11.400208ms)
✔ completed unlock respects 0s grace at the threshold (33.530459ms)
✔ leaving after native success before active invalidates the attempt even with 0s grace (23.571625ms)
✔ completed unlock respects 30s grace before the threshold (27.861334ms)
✔ completed unlock respects 30s grace at the threshold (6.147458ms)
✔ leaving after native success before active invalidates the attempt even with 30s grace (5.353083ms)
✔ completed unlock respects 60s grace before the threshold (5.32025ms)
✔ completed unlock respects 60s grace at the threshold (7.659875ms)
✔ leaving after native success before active invalidates the attempt even with 60s grace (12.711333ms)
✔ a thrown native error releases the in-flight guard so a retry can authenticate (9.120292ms)
✔ ios external system UI returning after operation completion stays unlocked (18.788542ms)
✔ ios external system UI returning before operation completion stays unlocked (14.595958ms)
✔ ios nested system UI retains the exemption until the last operation returns (6.579417ms)
✔ android external system UI returning after operation completion stays unlocked (45.568834ms)
✔ android external system UI returning before operation completion stays unlocked (15.692375ms)
✔ android nested system UI retains the exemption until the last operation returns (13.9665ms)
✔ logout settles a successful authentication waiting for active as refused (5.775083ms)
✔ account swap settles a successful authentication waiting for active as refused (33.219958ms)
✔ a late native success after an account swap cannot release the returned account (23.710583ms)
✔ a native result arriving after logout is refused without relying on a background event (8.656375ms)
✔ a native result arriving after an account swap is refused without relying on a background event (5.260375ms)
✔ account swap restores a usable locked retry after an in-flight native authentication is refused (18.065125ms)
✔ account swap restores a usable locked retry after success waiting for active is refused (8.843541ms)
✔ unmount settles successful authentication waiting for active without a later lifecycle event (5.369958ms)
✔ native success arriving after unmount is refused and a fresh provider remains protected (9.477458ms)
✔ a genuine departure immediately after success and active asks again even while the visual reveal can still be running (13.549917ms)
✔ disabling lock refuses a late native success and keeps the setting off (33.28275ms)
✔ disabling lock refuses a success waiting for active and keeps the setting off (10.441208ms)
(node:75416) [MODULE_TYPELESS_PACKAGE_JSON] Warning: Module type of file:///Users/gabrielalmeidadias/Documents/Empresas/ProOps/DEV/Personal-ProOps-app/src/lib/lock-policy.test.ts is not specified and it doesn't parse as CommonJS.
Reparsing as ES module because module syntax was detected. This incurs a performance overhead.
To eliminate this warning, add "type": "module" to /Users/gabrielalmeidadias/Documents/Empresas/ProOps/DEV/Personal-ProOps-app/package.json.
(Use `node --trace-warnings ...` to show where the warning was created)
✔ trava desligada nunca tranca (1.057333ms)
✔ sem ter saído do app não tranca (0.1055ms)
✔ espera 0 tranca na hora — e `0` é falsy, que é onde isto quebra (0.07125ms)
✔ espera de 30s só tranca depois dos 30s (0.070375ms)
✔ UI do sistema aberta (arquivo, câmera, o próprio prompt) não tranca (0.07425ms)
✔ ligada, o app abre trancado (0.064958ms)
✔ só sucesso abre — desistir ou falhar mantém trancado (0.068459ms)
✔ celular sem bloqueio de tela não pode oferecer a trava (0.076291ms)
✔ a bandeira NÃO cai ao terminar quando o app saiu do primeiro plano (0.147875ms)
✔ a bandeira cai na hora quando o app nunca saiu do primeiro plano (0.128959ms)
✔ operação ainda em voo segura a bandeira dos dois lados (0.081459ms)
✔ sem conta aberta não tranca — a porta é o login (0.060417ms)
✔ sair do app com a trava ligada cobre na hora — menos para a UI do sistema e sem conta (0.07775ms)
(node:75417) [MODULE_TYPELESS_PACKAGE_JSON] Warning: Module type of file:///Users/gabrielalmeidadias/Documents/Empresas/ProOps/DEV/Personal-ProOps-app/src/lib/money-field-fit.test.ts is not specified and it doesn't parse as CommonJS.
Reparsing as ES module because module syntax was detected. This incurs a performance overhead.
To eliminate this warning, add "type": "module" to /Users/gabrielalmeidadias/Documents/Empresas/ProOps/DEV/Personal-ProOps-app/package.json.
(Use `node --trace-warnings ...` to show where the warning was created)
✔ MoneyField fits all odometer houses inside the measured area at accessibility XL (148.348166ms)
✔ requested size is retained when it fits; compact widths and the 11-digit ceiling fit completely (118.15475ms)
✔ late native measurements from a previous scale cannot replace current metrics (22.879875ms)
✔ invalid and zero geometry never produces a nonfinite font size (0.114125ms)
(node:75418) [MODULE_TYPELESS_PACKAGE_JSON] Warning: Module type of file:///Users/gabrielalmeidadias/Documents/Empresas/ProOps/DEV/Personal-ProOps-app/src/lib/month-view.test.ts is not specified and it doesn't parse as CommonJS.
Reparsing as ES module because module syntax was detected. This incurs a performance overhead.
To eliminate this warning, add "type": "module" to /Users/gabrielalmeidadias/Documents/Empresas/ProOps/DEV/Personal-ProOps-app/package.json.
(Use `node --trace-warnings ...` to show where the warning was created)
✔ os quatro blocos têm título e a ordem é a da planilha (1.281791ms)
✔ o subtítulo monta o que existe e não deixa separador solto (0.134959ms)
✔ o percentual sai de pontos-base inteiros, inclusive nos extremos (0.228458ms)
✔ o corte por natureza traduz a chave crua do SQL; os outros usam o rótulo (0.224708ms)
✔ passado, presente e futuro pedem verbos diferentes para o mesmo caixa (0.207375ms)
✔ o aviso do horizonte fala mesmo quando nada foi gerado (0.167417ms)
✔ parcela declarada sem lançamento: singular e plural (0.136458ms)
✔ a diferença entre resultado e caixa é explicada, e some quando não existe (33.18575ms)
✔ o herói mostra caixa quando ele existe e resultado quando não existe (0.145458ms)
(node:75419) [MODULE_TYPELESS_PACKAGE_JSON] Warning: Module type of file:///Users/gabrielalmeidadias/Documents/Empresas/ProOps/DEV/Personal-ProOps-app/src/lib/note-blocks.test.ts is not specified and it doesn't parse as CommonJS.
Reparsing as ES module because module syntax was detected. This incurs a performance overhead.
To eliminate this warning, add "type": "module" to /Users/gabrielalmeidadias/Documents/Empresas/ProOps/DEV/Personal-ProOps-app/package.json.
(Use `node --trace-warnings ...` to show where the warning was created)
✔ classifica os sete tipos de bloco (1.696875ms)
✔ a marcação não vaza para o texto (0.07175ms)
✔ divisória não é confundida com item de lista (0.0485ms)
✔ a primeira linha vira título — mas só se for parágrafo (0.100208ms)
✔ linha em branco não vira bloco, mas o índice continua o da linha original (0.047792ms)
✔ toggle marca e desmarca preservando o recuo (0.056583ms)
✔ toggle em linha que não é item não muda nada (0.033958ms)
✔ converter bloco preserva o texto (0.060459ms)
✔ reaplicar o mesmo tipo devolve o bloco a parágrafo (0.046583ms)
✔ converter para divisória e sair dela não inventa texto (0.067375ms)
✔ lineAt encontra a linha do cursor (0.050708ms)
✔ progresso conta só os itens marcáveis (0.335ms)
✔ separarTitulo: parágrafo e "# título" viram título; lista não (0.124333ms)
✔ juntarTitulo desfaz separarTitulo — nada pula de campo ao reabrir (0.131ms)
✔ juntarTitulo nunca deixa quebra de linha entrar no título (0.055583ms)
✔ Enter depois de um item abre o próximo do mesmo tipo (0.19575ms)
✔ Enter no meio da nota, no meio de um item, ou com autocorretor junto (0.079542ms)
✔ Enter num item vazio sai da lista (0.046375ms)
✔ fora de lista, colando várias linhas ou digitando letra, nada muda (0.046584ms)
(node:75442) [MODULE_TYPELESS_PACKAGE_JSON] Warning: Module type of file:///Users/gabrielalmeidadias/Documents/Empresas/ProOps/DEV/Personal-ProOps-app/src/lib/note-inline.test.ts is not specified and it doesn't parse as CommonJS.
Reparsing as ES module because module syntax was detected. This incurs a performance overhead.
To eliminate this warning, add "type": "module" to /Users/gabrielalmeidadias/Documents/Empresas/ProOps/DEV/Personal-ProOps-app/package.json.
(Use `node --trace-warnings ...` to show where the warning was created)
✔ as quatro marcas (1.356208ms)
✔ texto sem marcação sai inteiro, num span só (0.118ms)
✔ marca no meio da frase (0.086625ms)
✔ aninha, e a ordem das marcas segue a de abertura (0.110459ms)
✔ duas marcas iguais na mesma linha não se confundem (0.079041ms)
✔ snake_case fica intocado — o `_` vem depois de letra e não abre (0.121209ms)
✔ multiplicação não vira negrito (0.073792ms)
✔ delimitador solto é texto (0.061292ms)
✔ mono é literal: nada é interpretado lá dentro (0.084459ms)
✔ `*negrito*` no começo da linha não vira item de lista (0.447917ms)
✔ `* leite` continua sendo item de lista, e o texto dele não tem marcação (0.084333ms)
✔ `***` continua divisória e `___` também (0.059458ms)
✔ marksAt aponta a marca sob o cursor, não a primeira igual da linha (0.089708ms)
✔ seleção vazia insere o par e deixa o cursor no meio (0.136625ms)
✔ envolve a seleção e devolve a seleção nova sobre o mesmo texto (0.066667ms)
✔ já envolvido, desfaz — virar negrito não é caminho de mão única (0.052125ms)
✔ o espaço das pontas fica FORA do delimitador (0.053792ms)
✔ seleção só de espaço não escreve nada (0.04225ms)
✔ o que toggleMark escreve, parseInline lê de volta (0.101416ms)
(node:75443) [MODULE_TYPELESS_PACKAGE_JSON] Warning: Module type of file:///Users/gabrielalmeidadias/Documents/Empresas/ProOps/DEV/Personal-ProOps-app/src/lib/notes-autosave.test.ts is not specified and it doesn't parse as CommonJS.
Reparsing as ES module because module syntax was detected. This incurs a performance overhead.
To eliminate this warning, add "type": "module" to /Users/gabrielalmeidadias/Documents/Empresas/ProOps/DEV/Personal-ProOps-app/package.json.
(Use `node --trace-warnings ...` to show where the warning was created)
✔ autosave: texto novo em nota existente grava (0.355875ms)
✔ autosave: nada mudou não vira requisição (0.051834ms)
✔ autosave: antes da hidratação nunca grava (a nota ainda está carregando) (0.041292ms)
✔ autosave: remontagem com estado zerado NÃO esvazia a nota — é o bug de 28/08 (0.038833ms)
✔ autosave: apagar o texto de propósito também não grava — apagar é a Lixeira (0.0435ms)
✔ autosave: nota em branco nunca é inserida (0.039208ms)
✔ autosave: nota que já estava vazia pode receber texto e continuar vazia sem gravar (0.038208ms)
✔ autosave: nota na lixeira não recebe mais nada (0.033125ms)
(node:75444) [MODULE_TYPELESS_PACKAGE_JSON] Warning: Module type of file:///Users/gabrielalmeidadias/Documents/Empresas/ProOps/DEV/Personal-ProOps-app/src/lib/notifications.test.ts is not specified and it doesn't parse as CommonJS.
Reparsing as ES module because module syntax was detected. This incurs a performance overhead.
To eliminate this warning, add "type": "module" to /Users/gabrielalmeidadias/Documents/Empresas/ProOps/DEV/Personal-ProOps-app/package.json.
(Use `node --trace-warnings ...` to show where the warning was created)
✔ abrir o app por uma notificação leva ao destino e LIMPA a resposta (46.980709ms)
✔ a abertura seguinte não repete a notificação antiga (7.208917ms)
✔ tocar com o app aberto também limpa — senão a próxima abertura voltaria para lá (32.63325ms)
(node:75445) [MODULE_TYPELESS_PACKAGE_JSON] Warning: Module type of file:///Users/gabrielalmeidadias/Documents/Empresas/ProOps/DEV/Personal-ProOps-app/src/lib/onboarding.test.ts is not specified and it doesn't parse as CommonJS.
Reparsing as ES module because module syntax was detected. This incurs a performance overhead.
To eliminate this warning, add "type": "module" to /Users/gabrielalmeidadias/Documents/Empresas/ProOps/DEV/Personal-ProOps-app/package.json.
(Use `node --trace-warnings ...` to show where the warning was created)
✔ only an explicit persisted completion skips initial preferences (0.326875ms)
✔ completion belongs to the current account, not the device (0.293791ms)
(node:75446) [MODULE_TYPELESS_PACKAGE_JSON] Warning: Module type of file:///Users/gabrielalmeidadias/Documents/Empresas/ProOps/DEV/Personal-ProOps-app/src/lib/onde-muda.test.ts is not specified and it doesn't parse as CommonJS.
Reparsing as ES module because module syntax was detected. This incurs a performance overhead.
To eliminate this warning, add "type": "module" to /Users/gabrielalmeidadias/Documents/Empresas/ProOps/DEV/Personal-ProOps-app/package.json.
(Use `node --trace-warnings ...` to show where the warning was created)
✔ conta que muda aparece; conta igual e "sem conta" não (1.295667ms)
✔ fica negativa: quando passa a ficar, ou fica MAIS CEDO (0.17875ms)
✔ conta que só existe no depois (recebe a primeira movimentação) aparece com antes nulo (0.080458ms)
✔ cartão: faturas antes → depois pelo vencimento, fatura nova conta do zero (0.2565ms)
✔ passa do limite: quanto; sem limite: nunca "passa", diz que não tem (0.124292ms)
✔ cartão que não muda não aparece; conta do tipo cartão no horizonte de contas não aparece (0.086959ms)
✔ contas antes dos cartões, na ordem em que vieram (0.112542ms)
✔ a frase do limite: passa agora, já estava acima (visto no staging, 29/09/2026) ou sem limite (0.189458ms)
✔ a frase do negativo: nova, mais cedo (visto no staging, 29/09/2026) ou a mesma de antes (0.17525ms)
(node:75448) [MODULE_TYPELESS_PACKAGE_JSON] Warning: Module type of file:///Users/gabrielalmeidadias/Documents/Empresas/ProOps/DEV/Personal-ProOps-app/src/lib/payment-method-fields.test.ts is not specified and it doesn't parse as CommonJS.
Reparsing as ES module because module syntax was detected. This incurs a performance overhead.
To eliminate this warning, add "type": "module" to /Users/gabrielalmeidadias/Documents/Empresas/ProOps/DEV/Personal-ProOps-app/package.json.
(Use `node --trace-warnings ...` to show where the warning was created)
✔ Pix fee input exposes a distinct label for assistive technology (59.147041ms)
✔ payment control emits an intentional clear while keeping its error and hint in Field (128.024667ms)
✔ series and purchase method switches preserve the incompatible origin and explain its identity (49.513167ms)
✔ down payment can select card funding without changing its main payment draft (7.301708ms)
(node:75449) [MODULE_TYPELESS_PACKAGE_JSON] Warning: Module type of file:///Users/gabrielalmeidadias/Documents/Empresas/ProOps/DEV/Personal-ProOps-app/src/lib/payment-method-filters.test.ts is not specified and it doesn't parse as CommonJS.
Reparsing as ES module because module syntax was detected. This incurs a performance overhead.
To eliminate this warning, add "type": "module" to /Users/gabrielalmeidadias/Documents/Empresas/ProOps/DEV/Personal-ProOps-app/package.json.
(Use `node --trace-warnings ...` to show where the warning was created)
✔ opções de filtro incluem métodos canônicos e Não informado como valor próprio (1.049917ms)
✔ normalização deduplica e ordena sem modificar a seleção original (0.147625ms)
✔ normalização recusa valores desconhecidos, null e tentativa de condição SQL (0.271875ms)
✔ normalização recusa array esparso em vez de abrir o recorte silenciosamente (0.577166ms)
✔ links aceitam lista por vírgula e parâmetros repetidos, com espaços e duplicatas (0.214375ms)
✔ links vazios significam ausência; valor inválido nunca significa Não informado ou todos (0.190209ms)
✔ link em array esparso é inválido como um todo, mesmo com método conhecido ao lado (0.072ms)
✔ expressões fechadas distinguem ausência, null, múltiplos conhecidos e combinação (0.138083ms)
(node:75450) [MODULE_TYPELESS_PACKAGE_JSON] Warning: Module type of file:///Users/gabrielalmeidadias/Documents/Empresas/ProOps/DEV/Personal-ProOps-app/src/lib/payment-method-flow.test.ts is not specified and it doesn't parse as CommonJS.
Reparsing as ES module because module syntax was detected. This incurs a performance overhead.
To eliminate this warning, add "type": "module" to /Users/gabrielalmeidadias/Documents/Empresas/ProOps/DEV/Personal-ProOps-app/package.json.
(Use `node --trace-warnings ...` to show where the warning was created)
✔ purchase builder distinguishes omitted metadata from an intentional clear (1.235291ms)
✔ down payment preserves its own method instead of the financed method (0.752ms)
✔ method travels between formats and save-and-create-another without changing accounting kind (0.160666ms)
✔ occurrence hydration and method-only future patch use the occurrence and update the series default independently (1.059834ms)
✔ purchase method-only edit is scoped and structural save keeps it (0.36425ms)
✔ structural purchase save uses the revision from the hydrated snapshot (0.130792ms)
✔ simulation and apply preserve method for each format (0.482291ms)
✔ write builders reject an unrecognized method rather than silently losing user intent (0.34975ms)
✔ legacy unknown reads stay unknown and cannot be confused with a recognized payment (0.134458ms)
✔ compatible funding choices preserve account identity and never mutate the selected origin (0.257417ms)
✔ canonical expense and own transfer destination use one primary with explicit fee instead of an unowned second line (0.182667ms)
✔ canonical destination excludes income fees and preserves omitted metadata (0.085208ms)
✔ canonical simulation does not guess a fee from Pix and card metadata (0.086292ms)
(node:75451) [MODULE_TYPELESS_PACKAGE_JSON] Warning: Module type of file:///Users/gabrielalmeidadias/Documents/Empresas/ProOps/DEV/Personal-ProOps-app/src/lib/phone-br.test.ts is not specified and it doesn't parse as CommonJS.
Reparsing as ES module because module syntax was detected. This incurs a performance overhead.
To eliminate this warning, add "type": "module" to /Users/gabrielalmeidadias/Documents/Empresas/ProOps/DEV/Personal-ProOps-app/package.json.
(Use `node --trace-warnings ...` to show where the warning was created)
✔ máscara progressiva acompanha a digitação (0.747208ms)
✔ fixo de 10 dígitos quebra o hífen num lugar diferente do celular (3.851625ms)
✔ DDI só é removido quando sobra número demais para ser nacional (0.095666ms)
✔ lixo e excesso não passam (0.048833ms)
✔ validade cobre o que o botão precisa saber (0.066917ms)
✔ E.164 e exibição saem da mesma normalização (0.053292ms)
✔ telefoneLegivel escreve o número brasileiro por partes, que quebram entre si (nunca "+553599874/4200") (0.051208ms)
(node:75452) [MODULE_TYPELESS_PACKAGE_JSON] Warning: Module type of file:///Users/gabrielalmeidadias/Documents/Empresas/ProOps/DEV/Personal-ProOps-app/src/lib/phone-link.test.ts is not specified and it doesn't parse as CommonJS.
Reparsing as ES module because module syntax was detected. This incurs a performance overhead.
To eliminate this warning, add "type": "module" to /Users/gabrielalmeidadias/Documents/Empresas/ProOps/DEV/Personal-ProOps-app/package.json.
(Use `node --trace-warnings ...` to show where the warning was created)
✔ aceita o mesmo usuário e telefone mesmo com formatos diferentes (0.39025ms)
✔ recusa resposta do OTP que aponta para outro usuário (0.057792ms)
✔ recusa usuário sem telefone ou com outro número (0.051625ms)
(node:75453) [MODULE_TYPELESS_PACKAGE_JSON] Warning: Module type of file:///Users/gabrielalmeidadias/Documents/Empresas/ProOps/DEV/Personal-ProOps-app/src/lib/proximo-passo.test.ts is not specified and it doesn't parse as CommonJS.
Reparsing as ES module because module syntax was detected. This incurs a performance overhead.
To eliminate this warning, add "type": "module" to /Users/gabrielalmeidadias/Documents/Empresas/ProOps/DEV/Personal-ProOps-app/package.json.
(Use `node --trace-warnings ...` to show where the warning was created)
✔ a ordem: importar, projeção, lembrete, parcelada, nota (1.581417ms)
✔ importar leva à importação com o cartão já escolhido (0.469709ms)
✔ sem cartão não oferece importar a fatura nem compra parcelada (0.199583ms)
✔ o que já foi feito não volta, e sem passo aplicável é null (0.109875ms)
(node:75454) [MODULE_TYPELESS_PACKAGE_JSON] Warning: Module type of file:///Users/gabrielalmeidadias/Documents/Empresas/ProOps/DEV/Personal-ProOps-app/src/lib/purchase-write.test.ts is not specified and it doesn't parse as CommonJS.
Reparsing as ES module because module syntax was detected. This incurs a performance overhead.
To eliminate this warning, add "type": "module" to /Users/gabrielalmeidadias/Documents/Empresas/ProOps/DEV/Personal-ProOps-app/package.json.
(Use `node --trace-warnings ...` to show where the warning was created)
✔ useCreateInstallmentPlan: mesmo payload conserva a tentativa entre renders; outra montagem recebe chave propria (240.357875ms)
✔ useCreateInstallmentPlan: payload diferente recebe nova tentativa sem modificar o input (111.117792ms)
✔ useCreateInstallmentPlan: erro da RPC e falha de transporte preservam chave no retry (173.795458ms)
✔ useSaveDebt: mesmo payload conserva a tentativa entre renders; outra montagem recebe chave propria (156.246667ms)
✔ useSaveDebt: payload diferente recebe nova tentativa sem modificar o input (111.322708ms)
✔ useSaveDebt: erro da RPC e falha de transporte preservam chave no retry (85.830542ms)
✔ useAddPurchaseDownPayment: mesmo payload conserva a tentativa entre renders; outra montagem recebe chave propria (1.433958ms)
✔ useAddPurchaseDownPayment: payload diferente recebe nova tentativa sem modificar o input (2.138667ms)
✔ useAddPurchaseDownPayment: erro da RPC e falha de transporte preservam chave no retry (2.417333ms)
✔ useCreateInstallmentPlan: a chave tambem acompanha o valor/contrato quando a outra parte fica igual (78.298458ms)
✔ useSaveDebt: a chave tambem acompanha o valor/contrato quando a outra parte fica igual (107.020625ms)
✔ useAddPurchaseDownPayment: a chave tambem acompanha o valor/contrato quando a outra parte fica igual (1.305833ms)
✔ compra com entrada transmite somente contrato remanescente e os tres campos independentes da entrada (129.883125ms)
✔ compra sem entrada conserva conta, historico, estabelecimento e ultimo dia (111.510833ms)
✔ financiamento com/sem entrada conserva o contrato e nao cria debt_id/installment_plan_id na entrada (147.207ms)
✔ anexar entrada usa o parent escolhido e devolve o id da despesa sem editar o contrato (1.371667ms)
✔ editar divida preserva id e versao na consulta; nao cria parent nem grava entrada no contrato (151.686292ms)
✔ divida alterada por outra escrita recusa update vazio e nao cria parent como fallback (64.691458ms)
(node:75459) [MODULE_TYPELESS_PACKAGE_JSON] Warning: Module type of file:///Users/gabrielalmeidadias/Documents/Empresas/ProOps/DEV/Personal-ProOps-app/src/lib/push-routes.test.ts is not specified and it doesn't parse as CommonJS.
Reparsing as ES module because module syntax was detected. This incurs a performance overhead.
To eliminate this warning, add "type": "module" to /Users/gabrielalmeidadias/Documents/Empresas/ProOps/DEV/Personal-ProOps-app/package.json.
(Use `node --trace-warnings ...` to show where the warning was created)
✔ o fechamento abre O CICLO QUE FECHOU, não o corrente (6.32675ms)
✔ `ref` que não é mês é IGNORADO — a rota abre sem parâmetro (0.265125ms)
✔ `ref` nunca escolhe PARA ONDE se navega — só o `target` faz isso (0.081209ms)
✔ alvo fora da allowlist não navega (0.11ms)
✔ `toString` não devolve uma FUNÇÃO para o router (0.079167ms)
✔ data ausente, vazio ou de tipo errado não navega (0.074083ms)
✔ os alvos que o servidor produz hoje todos resolvem (0.109042ms)
(node:75460) [MODULE_TYPELESS_PACKAGE_JSON] Warning: Module type of file:///Users/gabrielalmeidadias/Documents/Empresas/ProOps/DEV/Personal-ProOps-app/src/lib/push-targets-contract.test.ts is not specified and it doesn't parse as CommonJS.
Reparsing as ES module because module syntax was detected. This incurs a performance overhead.
To eliminate this warning, add "type": "module" to /Users/gabrielalmeidadias/Documents/Empresas/ProOps/DEV/Personal-ProOps-app/package.json.
(Use `node --trace-warnings ...` to show where the warning was created)
✔ os alvos de push do servidor e do app são exatamente os mesmos (3.884709ms)
✔ todo alvo que `target_for` devolve está na allowlist do app (0.198125ms)
✔ o fechamento de ciclo tem alvo próprio, e ele é `cycle` (0.137375ms)
✔ o `ref` só vira parâmetro de rota depois de passar por regex de mês (0.073375ms)
(node:75461) [MODULE_TYPELESS_PACKAGE_JSON] Warning: Module type of file:///Users/gabrielalmeidadias/Documents/Empresas/ProOps/DEV/Personal-ProOps-app/src/lib/rascunho-no-ciclo.test.ts is not specified and it doesn't parse as CommonJS.
Reparsing as ES module because module syntax was detected. This incurs a performance overhead.
To eliminate this warning, add "type": "module" to /Users/gabrielalmeidadias/Documents/Empresas/ProOps/DEV/Personal-ProOps-app/package.json.
(Use `node --trace-warnings ...` to show where the warning was created)
✔ cada ocorrência vira uma linha com nome, e a parcela adiantada lê como dinheiro que fica (0.688875ms)
✔ o fechamento soma o efeito de antes no "comecei" e o de dentro em entrou/saiu (0.101ms)
(node:75462) [MODULE_TYPELESS_PACKAGE_JSON] Warning: Module type of file:///Users/gabrielalmeidadias/Documents/Empresas/ProOps/DEV/Personal-ProOps-app/src/lib/rascunho.test.ts is not specified and it doesn't parse as CommonJS.
Reparsing as ES module because module syntax was detected. This incurs a performance overhead.
To eliminate this warning, add "type": "module" to /Users/gabrielalmeidadias/Documents/Empresas/ProOps/DEV/Personal-ProOps-app/package.json.
(Use `node --trace-warnings ...` to show where the warning was created)
✔ versão 2 volta como foi gravada; vazio grava texto vazio (1.234042ms)
✔ formato estranho ou corrompido não quebra: vira vazio (0.114ms)
✔ item estragado da versão 2 sai; o resto continua (0.097625ms)
✔ rascunho da versão 1 vira a versão 2 (0.1405ms)
✔ o motivo: a frase NOSSA passa, o texto cru do Postgres não (0.068042ms)
✔ F09 rascunho preserva UUID/null e descarta item com identidade inválida sem quebrar legado (0.191042ms)
(node:75463) [MODULE_TYPELESS_PACKAGE_JSON] Warning: Module type of file:///Users/gabrielalmeidadias/Documents/Empresas/ProOps/DEV/Personal-ProOps-app/src/lib/reabrir-ao-voltar.test.ts is not specified and it doesn't parse as CommonJS.
Reparsing as ES module because module syntax was detected. This incurs a performance overhead.
To eliminate this warning, add "type": "module" to /Users/gabrielalmeidadias/Documents/Empresas/ProOps/DEV/Personal-ProOps-app/package.json.
(Use `node --trace-warnings ...` to show where the warning was created)
✔ a folha só reabre depois de a tela ter saído do foco e voltado (0.526958ms)
(node:75464) [MODULE_TYPELESS_PACKAGE_JSON] Warning: Module type of file:///Users/gabrielalmeidadias/Documents/Empresas/ProOps/DEV/Personal-ProOps-app/src/lib/recurring-state.test.ts is not specified and it doesn't parse as CommonJS.
Reparsing as ES module because module syntax was detected. This incurs a performance overhead.
To eliminate this warning, add "type": "module" to /Users/gabrielalmeidadias/Documents/Empresas/ProOps/DEV/Personal-ProOps-app/package.json.
(Use `node --trace-warnings ...` to show where the warning was created)
✔ conversão encerra pelo corte antes da próxima mesmo com active preservado (0.551084ms)
✔ fim anterior a hoje encerra mesmo com next_run_at desatualizado (0.11675ms)
✔ fim hoje é inclusivo quando a próxima ainda cabe (0.143584ms)
✔ virada UTC não antecipa o fim no Brasil (0.108ms)
✔ fim futuro com próxima válida mantém estado ativo ou pausado (0.094958ms)
✔ sem fim segue o estado persistido (0.075958ms)
✔ encerrada prevalece sobre pausa e erro antigo (0.265042ms)
✔ data pura da próxima mantém o dia local e timestamp inválido não inventa encerramento (0.481167ms)
(node:75466) [MODULE_TYPELESS_PACKAGE_JSON] Warning: Module type of file:///Users/gabrielalmeidadias/Documents/Empresas/ProOps/DEV/Personal-ProOps-app/src/lib/refresh-consistency.test.ts is not specified and it doesn't parse as CommonJS.
Reparsing as ES module because module syntax was detected. This incurs a performance overhead.
To eliminate this warning, add "type": "module" to /Users/gabrielalmeidadias/Documents/Empresas/ProOps/DEV/Personal-ProOps-app/package.json.
(Use `node --trace-warnings ...` to show where the warning was created)
✔ F06: padrões de categoria leem todas as páginas do workspace e não aceitam leitura incompleta (668.503042ms)
✔ F06: edição de parcela exige as duas revisões e envia snapshot no comando idempotente (493.019292ms)
✔ F06: categoria salva configuração, rename e período numa única RPC e devolve contagem real (413.700625ms)
✔ F06: edição estrutural de compra não perde patch parcial nem muda nonce no retry (375.394875ms)
✔ F01: compra e taxa usam uma RPC atômica; perda da resposta repete a mesma intenção (477.942583ms)
✔ F01: edição envia a revisão lida e distingue método omitido de limpeza explícita (205.834583ms)
✔ F01: editar compra inteira envia forma e revisão e reutiliza a intenção no retry (184.330541ms)
✔ F01: duplicar deliberadamente depois do sucesso cria uma nova intenção (216.257333ms)
✔ F01: criação recorrente repete a intenção após perder resposta e renova após confirmação (176.20425ms)
✔ F01: editar juros consulta somente o vínculo explícito, mesmo com mesma conta e data (191.905708ms)
✔ F01: título de juros no pai não impede carregar sua taxa vinculada; filho explícito não procura outra taxa (164.869125ms)
✔ F01: linha filha de juros com título alterado não consulta como compra pai (161.743959ms)
✔ conversion retries after a committed response is lost reuse the request and result (155.992833ms)
✔ conversion shares concurrent identical intent but changes request for a new scope or entry (151.69ms)
✔ converting a transaction to installments with an entry also keys response-loss retries (157.193125ms)
✔ settling a historical invoice refreshes history without realtime and invalidates inactive installment/report caches (163.536ms)
✔ F09: save refreshes mounted category counts without realtime (176.052959ms)
✔ F09: resolved-save refreshes mounted category counts without realtime (168.799125ms)
✔ F09: resolved-cancellation refreshes mounted category counts without realtime (170.055875ms)
✔ financial mutation remains pending until active reads finish (153.386958ms)
✔ completed agent turn invalidates writable domains without relying on realtime (8.52725ms)
✔ every ledger mutation invalidates historical derived reads and search (156.406ms)
✔ import create/approve/discard/update refresh batch history without waiting for realtime (161.92325ms)
✔ agent processing response preserves domain caches until completion (8.354084ms)
✔ criar conversa: onMutate volta a local para processing; onError marca failed, invalida a lista e abre o paywall (8.022917ms)
✔ realtime account change refreshes balances/forecast derived reads once per table (75.660209ms)
✔ native resume reloads fresh active data, skips disabled reads and does not fetch on initial active event (2.24875ms)
✔ native resume cancels an old inflight read before fetching current data (1.692834ms)
✔ realtime remount does not reuse a channel whose asynchronous removal is still pending (23.056042ms)
✔ 48 realtime row events coalesce and an event during refetch still gets a final fresh read (104.987834ms)
✔ Today routes an overdue invoice to invoice payment instead of writing its ID into transactions (13.681625ms)
✔ Today opens the pay confirmation for the standalone transaction and exposes pull to refresh (7.805375ms)
✔ mark paid rejects a zero-row write instead of reporting success (162.904167ms)
✔ toda chave de consulta financeira está em FINANCE_KEYS, ou tem motivo escrito (5.145458ms)
✔ a simulação é marcada velha na escrita, mas NÃO recalcula ali (o rascunho ainda tem a hipótese aplicada) (1.917583ms)
✔ excluir compra chama exclusão atômica de entrada e plano; erro do banco é propagado (158.78825ms)
✔ F07 hooks: consulta escopa workspace/data e resposta de outro workspace nunca vira reserva (19.354083ms)
✔ F07 hooks: retry da escrita usa mesmo recibo e confirmação invalida a reserva (11.855125ms)
✔ F07 hooks: o dia validado pelo servidor não depende do fuso ou relógio do aparelho (15.499959ms)
✔ F07 hooks: resolução usa identidade original e cancelamento selado invalida a reserva sem gravar (11.551333ms)
✔ F08 hooks: one workspace RPC owns the complete horizon and previous query data is not a placeholder (18.223417ms)
✔ F10 hooks: versioned source/initial/date participates in key and the scoped complete RPC owns capacity (31.967417ms)
✔ F08 hooks: ambiguous outcomes do not invalidate a scenario; sealed cancellation and success do (10.578166ms)
✔ F08 fresh editor read preserves explicit workspace, draft and cancellation signal (17.30025ms)
(node:75467) [MODULE_TYPELESS_PACKAGE_JSON] Warning: Module type of file:///Users/gabrielalmeidadias/Documents/Empresas/ProOps/DEV/Personal-ProOps-app/src/lib/rrule-text.test.ts is not specified and it doesn't parse as CommonJS.
Reparsing as ES module because module syntax was detected. This incurs a performance overhead.
To eliminate this warning, add "type": "module" to /Users/gabrielalmeidadias/Documents/Empresas/ProOps/DEV/Personal-ProOps-app/package.json.
(Use `node --trace-warnings ...` to show where the warning was created)
✔ frequências simples (0.985625ms)
✔ dia do mês — a regra que a IA mais gera (0.134708ms)
✔ dias da semana (0.1195ms)
✔ intervalo maior que 1 (0.063125ms)
✔ aceita o prefixo RRULE: e ordem/caixa variadas (0.060042ms)
✔ o que não dá para interpretar volta cru, sem inventar (0.548959ms)
✔ último dia do mês não vira "todo dia -1" (0.122083ms)
(node:75468) [MODULE_TYPELESS_PACKAGE_JSON] Warning: Module type of file:///Users/gabrielalmeidadias/Documents/Empresas/ProOps/DEV/Personal-ProOps-app/src/lib/runtime-config.test.ts is not specified and it doesn't parse as CommonJS.
Reparsing as ES module because module syntax was detected. This incurs a performance overhead.
To eliminate this warning, add "type": "module" to /Users/gabrielalmeidadias/Documents/Empresas/ProOps/DEV/Personal-ProOps-app/package.json.
(Use `node --trace-warnings ...` to show where the warning was created)
✔ configuração do app config vence o fallback injetado pelo Metro (1.071667ms)
✔ fallback continua funcionando quando o app config ainda não tem a chave (0.111958ms)
(node:75469) [MODULE_TYPELESS_PACKAGE_JSON] Warning: Module type of file:///Users/gabrielalmeidadias/Documents/Empresas/ProOps/DEV/Personal-ProOps-app/src/lib/sealed-save.test.ts is not specified and it doesn't parse as CommonJS.
Reparsing as ES module because module syntax was detected. This incurs a performance overhead.
To eliminate this warning, add "type": "module" to /Users/gabrielalmeidadias/Documents/Empresas/ProOps/DEV/Personal-ProOps-app/package.json.
(Use `node --trace-warnings ...` to show where the warning was created)
✔ sealed controller coalesces a write with resolution and publishes immutable owned input (0.810125ms)
✔ unproven receipt keeps the exact UUID and payload until a confirmed retry (0.45225ms)
(node:75470) [MODULE_TYPELESS_PACKAGE_JSON] Warning: Module type of file:///Users/gabrielalmeidadias/Documents/Empresas/ProOps/DEV/Personal-ProOps-app/src/lib/search.test.ts is not specified and it doesn't parse as CommonJS.
Reparsing as ES module because module syntax was detected. This incurs a performance overhead.
To eliminate this warning, add "type": "module" to /Users/gabrielalmeidadias/Documents/Empresas/ProOps/DEV/Personal-ProOps-app/package.json.
(Use `node --trace-warnings ...` to show where the warning was created)
✔ tsquery: prefixo só no último termo (é o que faz buscar enquanto digita) (0.808125ms)
✔ tsquery: entrada vazia ou só pontuação vira string vazia, não query inválida (0.06225ms)
✔ tsquery: pontuação separa termos e não vaza para o operador (0.050792ms)
✔ tsquery: acento e maiúscula são preservados em minúscula (unaccent resolve no banco) (0.043125ms)
✔ tsquery: número entra como termo (0.0465ms)
✔ título é a primeira linha não vazia (0.510416ms)
✔ prévia não repete o título (0.077583ms)
✔ prévia e título não vazam a marcação de NENHUM bloco (0.07275ms)
✔ prévia não vaza a marcação do checklist (aparecia `- [x] leite - [ ] pão`) (0.065417ms)
✔ título de nota que começa com checklist mostra o texto, não a marcação (0.089667ms)
✔ o strip come a MARCAÇÃO, nunca o hífen que é texto (0.065833ms)
✔ prévia não repete a #tag, que já aparece na faixa de metadados (0.05275ms)
✔ prévia preserva # colado em palavra e cerquilha solta (não é tag) (0.048167ms)
✔ nome de pasta respeita o check do banco: lower, trim e 40 chars (0.0435ms)
✔ ilike: metacaractere do PostgREST vira espaço (`compra (mercado)` quebrava a query) (0.393042ms)
✔ ilike: acento, número e hífen sobrevivem (0.040292ms)
✔ ilike: só pontuação vira string vazia (0.025125ms)
✔ tag: acrescenta no fim e não duplica (nem trocando a caixa) (0.149625ms)
✔ tag: entrada suja vira tag válida, e o que o banco não reconhece é recusado (0.032875ms)
✔ tag: remover não deixa espaço duplo nem quebra o resto do texto (0.15325ms)
✔ tag: `#tag` colada em palavra não é tag (mesma regra do banco) (0.310291ms)
✔ prévia e título não vazam a marcação INLINE (`*negrito*`, `_itálico_`) (0.099083ms)
✔ o que não é marcação casada continua na tela (0.0425ms)
✔ notePreview com limite corta numa palavra inteira e marca o corte — a lista não vira a nota inteira (0.104834ms)
(node:75471) [MODULE_TYPELESS_PACKAGE_JSON] Warning: Module type of file:///Users/gabrielalmeidadias/Documents/Empresas/ProOps/DEV/Personal-ProOps-app/src/lib/serie.test.ts is not specified and it doesn't parse as CommonJS.
Reparsing as ES module because module syntax was detected. This incurs a performance overhead.
To eliminate this warning, add "type": "module" to /Users/gabrielalmeidadias/Documents/Empresas/ProOps/DEV/Personal-ProOps-app/package.json.
(Use `node --trace-warnings ...` to show where the warning was created)
✔ F06 série: leitura conserva snapshot do contrato ou ocorrência e legado não vira fixo (1.742833ms)
✔ F06 série: renomear conserva overrides; uma dimensão alterada publica seu par nas linhas e regra (0.634625ms)
✔ F06 série: mudança de previsibilidade propaga intenção mesmo quando contrato já tem o valor escolhido (0.148125ms)
✔ F06 série: converter gasto classificado em receita limpa os quatro campos (0.158583ms)
✔ F06 série: converter ocorrência legado em receita também limpa snapshot conhecido do contrato (0.165458ms)
✔ Esta e as próximas: valor e vencimento mudados — o valor vai pelas linhas, o calendário pela regra (0.368125ms)
✔ Esta e as próximas sem mexer em nada não grava nada — nem o calendário vindo do WhatsApp (0.121625ms)
✔ Tipo, fim e "entra como pago" são da série; título e estabelecimento, das linhas (0.140458ms)
✔ A data do formulário é o vencimento da linha fora do cartão, e a compra no cartão (0.11925ms)
✔ A série no formulário: o próximo é o dia LOCAL, e a repetição sai da regra (0.576ms)
✔ regra que o app não desenha fica própria: o formulário não a reescreve (0.438ms)
✔ 30/09 continua dia 30 fixo sem a ação explícita de último dia (0.164209ms)
✔ calendário escolhe dia fixo até no dia 31; ação própria escolhe fim do mês (0.489208ms)
✔ Esta e as próximas numa ocorrência PAGA parte do próximo vencimento, não da data dela (0.463708ms)
✔ A data que o banco deslizou vira aviso; a mesma data, nada (8.394ms)
✔ F09 snapshot da ocorrência substitui filho do contrato; patch difere omitido/null e alias (0.830083ms)
(node:75472) [MODULE_TYPELESS_PACKAGE_JSON] Warning: Module type of file:///Users/gabrielalmeidadias/Documents/Empresas/ProOps/DEV/Personal-ProOps-app/src/lib/session-gate.test.ts is not specified and it doesn't parse as CommonJS.
Reparsing as ES module because module syntax was detected. This incurs a performance overhead.
To eliminate this warning, add "type": "module" to /Users/gabrielalmeidadias/Documents/Empresas/ProOps/DEV/Personal-ProOps-app/package.json.
(Use `node --trace-warnings ...` to show where the warning was created)
✔ a primeira sessão resolvida é a abertura, não uma troca (0.405ms)
✔ mesmo usuário (refresh de token, metadados do onboarding) passa direto (0.05475ms)
✔ entrar, sair e trocar de conta passam pela cortina (0.041958ms)
✔ sair cobre descendo e revela subindo até a capa do login (0.328875ms)
✔ troca direta de conta pode usar o botão; sem origem, desce do topo (0.056166ms)
✔ a tela antiga permanece visível enquanto a cortina chega; a nova só entra na revelação (0.052792ms)
✔ a origem lembrada vence depois de um tempo (0.160083ms)
✔ a abertura espera o teto curto, e o longo enquanto a trava pede a senha (0.09175ms)
✔ a marca fica um mínimo na tela, e não mais que isso (0.096583ms)
(node:75473) [MODULE_TYPELESS_PACKAGE_JSON] Warning: Module type of file:///Users/gabrielalmeidadias/Documents/Empresas/ProOps/DEV/Personal-ProOps-app/src/lib/settle-labels.test.ts is not specified and it doesn't parse as CommonJS.
Reparsing as ES module because module syntax was detected. This incurs a performance overhead.
To eliminate this warning, add "type": "module" to /Users/gabrielalmeidadias/Documents/Empresas/ProOps/DEV/Personal-ProOps-app/package.json.
(Use `node --trace-warnings ...` to show where the warning was created)
✔ receita se recebe, despesa se paga (0.452208ms)
✔ kind ausente cai no rótulo de despesa, não em texto vazio (0.058708ms)
✔ caixaLabels: receita CAI, despesa SAI (0.327584ms)
✔ receita não vence — ela é esperada (0.066792ms)
✔ no cartão a data é da fatura, e o rótulo diz isso (0.122667ms)
✔ fatura sem data ainda diz que é do cartão (0.039333ms)
✔ fora do cartão nada mudou (0.042708ms)
✔ nenhuma tela escreve "Paguei" à mão (17.766875ms)
✔ compra de cartão que já aconteceu não é previsto, mesmo pendente (0.101291ms)
✔ compra de cartão com data à frente continua previsto (0.084791ms)
✔ conta a pagar que venceu é ATRASADA, não prevista (0.065708ms)
✔ conta que vence hoje ainda é prevista — vencer hoje não é atrasar (0.042875ms)
✔ sem vencimento, quem decide é a data do lançamento (0.031583ms)
✔ receita que passou da data NÃO CAIU — ela não atrasa (0.028459ms)
✔ parcela de plano SEM cartão e com data passada lê atrasada (0.023334ms)
✔ lançamento efetivado não tem estado nenhum (0.026167ms)
✔ fora do cartão quem manda é o vencimento, mesmo com a data do lançamento à frente (0.031125ms)
(node:75474) [MODULE_TYPELESS_PACKAGE_JSON] Warning: Module type of file:///Users/gabrielalmeidadias/Documents/Empresas/ProOps/DEV/Personal-ProOps-app/src/lib/setup-steps.test.ts is not specified and it doesn't parse as CommonJS.
Reparsing as ES module because module syntax was detected. This incurs a performance overhead.
To eliminate this warning, add "type": "module" to /Users/gabrielalmeidadias/Documents/Empresas/ProOps/DEV/Personal-ProOps-app/package.json.
(Use `node --trace-warnings ...` to show where the warning was created)
✔ usuário novo tem os quatro passos abertos, e o último é conhecer o app (0.64025ms)
✔ telefone em branco não conta como WhatsApp ligado (0.064667ms)
✔ abrir o guia marca "Conhecer o app" (0.053333ms)
✔ com tudo feito o progresso é completo (0.047375ms)
(node:75475) [MODULE_TYPELESS_PACKAGE_JSON] Warning: Module type of file:///Users/gabrielalmeidadias/Documents/Empresas/ProOps/DEV/Personal-ProOps-app/src/lib/simple-finance-ui.test.ts is not specified and it doesn't parse as CommonJS.
Reparsing as ES module because module syntax was detected. This incurs a performance overhead.
To eliminate this warning, add "type": "module" to /Users/gabrielalmeidadias/Documents/Empresas/ProOps/DEV/Personal-ProOps-app/package.json.
(Use `node --trace-warnings ...` to show where the warning was created)
✔ F01: título de juros no pai mantém campo e taxa no payload; vínculo explícito oculta campo da filha (99.441083ms)
✔ E se: Ver resultado funciona na primeira hipótese, com Adicionar mais uma disponível em paralelo (758.833584ms)
✔ E se: Adicionar mais uma prepara várias hipóteses sem fechar; Ver resultado inclui a última (509.199833ms)
✔ E se: adiantar vira UMA hipótese — o pagamento e um cancelamento por parcela, no dia de cada uma (470.502041ms)
✔ E se: trocar o mês do pagamento para depois das parcelas escolhidas DIMINUI a quantidade sozinho (241.552084ms)
✔ E se: editar uma entrada troca o valor e a forma no mesmo lugar da lista (203.373042ms)
✔ E se: Ver resultado depois de Somar não duplica a hipótese já adicionada (205.51775ms)
✔ new financing: Nome and Conta first, the name is required and the typed one is saved (84.311875ms)
✔ "Total a pagar" divides by the count and saves the contract that the check accepts (106.897666ms)
✔ financiamento com entrada aceita 12 parcelas de um centavo sem comparar parcela com entrada (91.241125ms)
✔ financiamento com entrada conserva o piso de um centavo por parcela e rejeita valores inválidos (503.104458ms)
✔ paid history moves the anchor: the date asked is the NEXT one, and the first is derived (73.142167ms)
✔ history above the contract total settles on the total instead of blocking (22/09/2026) (67.273208ms)
✔ Dívidas: Editar e "Nova dívida" abrem o formulário único, e a dívida diz se tem passado (133.802459ms)
✔ editing the paid count keeps the contract calendar: the next date follows the anchor (66.885291ms)
✔ na ficha da dívida o Salvar pergunta só próximas ou todas: não há "esta" (28/09/2026) (71.435458ms)
✔ last-day choice from debt editor carries the due-day rule to future installments (71.281542ms)
✔ unchanged debt Save closes without asking and without writing (69.37275ms)
✔ long press on an active debt offers the full set, including delete for good (130.267667ms)
✔ archived debts have a place to come back from (127.90875ms)
✔ "Desfazer"/Desarquivar de uma dívida que já não existe não diz que ela voltou (121.364625ms)
✔ salvar a edição manda a versão que foi aberta, e a dívida que mudou no meio vira aviso (70.718292ms)
✔ without archived debts there is no empty "Arquivadas" row (120.266542ms)
✔ delete for good asks with the consequence first, then deletes (132.790417ms)
✔ a ficha da dívida é uma tela: Editar no topo e o resto no "…", com as ações do toque longo (241.813917ms)
✔ detalhe da dívida: "A seguir" começa na próxima, 20 por vez, e "Já pagas" vem da mais recente (115.778042ms)
✔ detalhe da dívida: juros de R$ 0,00 não viram linha vermelha; juros de verdade continuam (260.250167ms)
✔ por onde começar: dívida com juros ZERO diz "sem juros", como a linha dela (122.037417ms)
✔ editing the paid count of an OLD debt keeps the date its schedule shows (final review, 23/09/2026) (66.023208ms)
✔ editar com os pagamentos sem carregar diz por que o Salvar não liga, e tenta de novo (67.825875ms)
✔ as pagas não descem abaixo da maior parcela já paga pelo app (não só da contagem) (69.449959ms)
✔ diminuir as pagas de uma dívida com âncora nunca mostra uma próxima parcela no passado (67.580833ms)
✔ tocar no dia 28 de fevereiro escolhe dia fixo, e a ação explícita preserva fim do mês (131.404334ms)
✔ editing an OLD debt without its schedule loaded never invents an anchor (66.40375ms)
✔ detailed mode still exposes the financial inputs (66.449667ms)
✔ a debt without installments has no cadence, so it never demands a due day (68.637ms)
✔ link antigo de Dívidas e Recorrentes (`?create=`, `?edit=`) abre o formulário único no lugar da lista (401.210584ms)
✔ aberto por link, como a primeira tela da pilha, fechar o formulário fica na lista (36.665208ms)
✔ e quem abriu o formulário PELA PRÓPRIA tela continua nela (37.865416ms)
✔ na ficha da dívida, pagar e fechar a folha fica na ficha — nada de voltar sozinho (106.372542ms)
✔ editing a legacy amortized financing preserves its mode and remaining-term semantics (59.587334ms)
✔ trocar cobrança de financiamento existente salva o modo e conserva o prazo restante (124.950417ms)
✔ trocar cobrança e valor com pagamento registrado não oferece reescrever o passado (60.364208ms)
✔ visible invoice settlement confirms then marks paid without issuing an account payment (38.658959ms)
✔ the docked card carries the invoice summary and the explaining lines (39.515792ms)
✔ Fatura: tudo que se faz com ela se desfaz — pagamento, quitar à mão e adiar (110.294583ms)
✔ a paid invoice does not expose settlement or payment buttons (34.977125ms)
✔ an asset with a valid name but no value cannot be saved (23.345ms)
✔ Lançamentos abre julho pelo mês civil para incluir um vencimento de 31/07 em julho (230.524292ms)
✔ Lançamentos mantém Lançar no header sem cobrir a recorrência calculada (78.177541ms)
✔ Lançamentos com as bordas do período falhando mostra o erro, não um esqueleto eterno (77.420834ms)
✔ o "Tentar de novo" do período refaz as BORDAS, não o resumo buscado com o palpite (80.427708ms)
✔ Lançamentos com o período resolvido desenha o resumo, sem erro (77.809125ms)
✔ Lançamentos: a prevista mora na lista, no dia dela, e o toque a abre (28/09/2026) (76.666583ms)
✔ Lançamentos mostra a falha na leitura dos registros reais, mesmo com previstas (84.182833ms)
✔ Lançamentos mostra só uma falha quando a consulta das previsões falha (87.551ms)
✔ Orçamentos com as bordas falhando avisa em "Sem limite", em vez de sumir com a seção (10.417666ms)
✔ Orçamentos com o período resolvido não mostra falha nenhuma (12.481208ms)
✔ Financeiro com as bordas falhando mostra o erro no herói, não um esqueleto eterno (34.129417ms)
✔ o "Tentar de novo" do herói refaz as bordas e nunca o resumo sem elas (33.33125ms)
✔ trocando de mês, com as bordas ainda chegando, o herói espera em vez de desenhar zero (35.546875ms)
✔ Financeiro segura a primeira pintura enquanto as bordas do mês ANTERIOR chegam (68.534875ms)
✔ Financeiro com o período resolvido não mostra falha nem esqueleto no herói (33.156959ms)
✔ Hoje: o atrasado aparece no Seu dia e o botão dá baixa no lançamento certo, depois de confirmar o valor (51.292084ms)
✔ Hoje: "Recebi" pergunta quanto ENTROU; numa série, outro valor pode valer para as próximas (50.983625ms)
✔ Hoje: fatura atrasada leva para a fatura, nunca dá baixa de lançamento (48.302458ms)
✔ Hoje: compra que vai cair no cartão aparece nos próximos dias e abre a fatura (49.374875ms)
✔ Hoje: usuário novo vê os Primeiros passos (48.498208ms)
✔ Hoje: com os passos todos feitos o card não aparece (49.60325ms)
✔ Hoje: o Próximo passo espera os Primeiros passos acabarem (47.520042ms)
✔ Hoje: com os Primeiros passos feitos aparece o Próximo passo, e ele leva ao lugar (47.578125ms)
✔ Hoje: falha nas contas mostra o erro no Seu dia, e o "Tentar de novo" refaz as contas (47.901291ms)
✔ Hoje: dia sem nada diz "Nada para hoje" num vazio COMPACTO — o resto da tela continua embaixo (106.737125ms)
✔ Hoje: os blocos vão DIRETO para a cascata — um Fragment vazio era um vão de 24dp (51.97975ms)
✔ Hoje: cada leitura do card do dinheiro que falha aparece, e o "Tentar de novo" refaz só ela (50.921708ms)
✔ Hoje: sem o ciclo e sem próxima entrada, o card não inventa "1 dia" (49.546541ms)
✔ Hoje: sem as contas, os próximos dias dizem que falharam em vez de mostrar só o cartão (48.657209ms)
✔ Hoje: o que pede atenção mora no Seu dia e no card do dinheiro, cada um com o seu destino (46.402292ms)
✔ Hoje: lembrete que ficou de outro dia diz a data dele; o de hoje tem o AGORA antes (46.120083ms)
✔ Hoje: o dinheiro vem por dia, com o livre total na legenda, e tocar abre o menu de sempre (102.694583ms)
✔ Hoje: falha no dinheiro do dia diz que falhou, e o "Tentar de novo" refaz só ele (56.865792ms)
✔ Hoje: as notas fixadas aparecem; sem fixada, as últimas; e tocar abre a nota (205.17475ms)
✔ Hoje: "Em conta" soma exatamente as linhas que mostra, e cartão fica de fora (44.961084ms)
✔ Hoje: tocar numa conta abre o extrato DELA (44.6135ms)
✔ Hoje: falha nos saldos diz que falhou e refaz só os saldos (45.085333ms)
✔ Hoje: sem conta nenhuma a linha "Em conta" não afirma R$ 0,00 (43.98525ms)
✔ Hoje: a semana vem no topo — três dias para trás pela régua do "saiu hoje", hoje no meio (44.280084ms)
✔ Hoje: a semana sem o gasto — ou sem os próximos dias — diz que falhou, e refaz só o que falhou (87.476709ms)
✔ Hoje: sem "por dia" a semana não desenha régua (46.675875ms)
✔ Financeiro: os atalhos do mosaico levam aos mesmos destinos de antes (36.314458ms)
✔ Financeiro: Entra e Sai abrem o ciclo filtrado pelo lado (32.014417ms)
✔ Financeiro: o FAB continua oferecendo as três formas de lançar (38.301292ms)
✔ Hoje tablet reuses its real blocks and retains their destinations (46.852666ms)
✔ Financeiro tablet keeps the cycle, analysis and all management actions (31.709375ms)
✔ Cartões: "Importar fatura" se alcança com o DEDO (toque longo), não só pelo leitor de tela (8.935167ms)
✔ Importar: no Free o aviso do Pro É a etapa — sem conta, sem arquivo, "Ver planos" leva ao paywall (18.418459ms)
✔ Importar: enquanto o plano carrega, esqueleto — o botão não nasce ligado para o aviso entrar depois (16.866708ms)
✔ Importar: ?conta= de uma conta da pessoa já nasce escolhida e o arquivo está liberado (14.161917ms)
✔ Importar: ?conta= que não é da pessoa é ignorado — nada pré-escolhido, o arquivo espera a conta (16.771292ms)
✔ Lembretes: arrastar à direita pausa (até o fim, com Desfazer), à esquerda apaga (15.375541ms)
✔ Lançamentos: pendente arrasta Paguei à direita; efetivado arrasta Editar; Apagar à esquerda (147.600875ms)
✔ Paguei confirma valor e baixa numa única escrita, inclusive com correção (148.560916ms)
✔ Financeiro: o último lançamento arrasta Editar e Apagar (Ver detalhe é o toque) (30.382042ms)
✔ Fatura: a compra arrasta Editar e Apagar (35.348917ms)
✔ Contas: a conta arrasta Editar e Arquivar (Ver extrato é o toque) (33.661542ms)
✔ Projeção: a conta prevista arrasta Paguei à direita; Editar mora no Mais (a esquerda só tira da lista) (139.4165ms)
✔ Regras: a regra arrasta Editar e Apagar (14.267916ms)
✔ Dívidas: arrasta Pagar parcela à direita; Arquivar à esquerda vai até o fim (tem Desfazer) (100.6685ms)
✔ Cartões: fatura aberta arrasta Importar fatura à direita e Arquivar à esquerda (7.474208ms)
✔ Cartões: "Paguei" abre a fatura já no pagamento, não só a fatura (9.937042ms)
✔ Recorrentes: arrasta Pausar (até o fim, com Desfazer) e Apagar; o resto no Mais (34.522167ms)
✔ Metas: arrasta Guardar à direita e Arquivar à esquerda (61.457417ms)
✔ Nota: arrasta Fixar à direita e Arquivar à esquerda (os dois até o fim); o resto no Mais (10.005292ms)
✔ Nota colorida: o cartão INTEIRO é da cor, e sem cor própria herda a da pasta (40.769625ms)
✔ Pasta: arrasta Fixar à direita e Arquivar à esquerda (os dois até o fim); o resto no Mais (10.282708ms)
✔ Lixeira: Restaurar à direita, Apagar de vez à esquerda (Ver conteúdo é o toque) (23.3395ms)
✔ Arquivadas das notas: Desarquivar à direita, apagar à esquerda (18.909583ms)
✔ Conversa: arrasta Renomear à direita e Apagar à esquerda (2.263083ms)
✔ Importação: arrasta só Apagar registro à esquerda (retomar é o toque) (20.374875ms)
✔ Orçamento: arrasta Editar limite à direita; o resto no Mais (12.132875ms)
✔ Aporte: no extrato da meta arrasta Apagar à esquerda, e ele confirma antes de mover dinheiro (65.421709ms)
✔ Parcelada: arrasta Editar a compra à direita e Apagar a compra inteira à esquerda; o resto no Mais (126.237542ms)
✔ Lançamentos: o valor da linha não encolhe a fonte (77.696625ms)
✔ Row: extrato deixa dinheiro quebrar de linha sem herdar ajuste de fonte do trailing (5.14ms)
✔ Row: fonte de acessibilidade reserva uma linha completa antes de ajustar dinheiro grande (2.524083ms)
✔ Paywall: no plano que a pessoa já tem, o botão não oferece dias grátis (7.495458ms)
✔ Ciclo: dentro de cada grupo, do mais recente para o mais antigo, e 20 por vez com "Ver mais" (80.619167ms)
✔ Importar: a prévia desenha cada grupo aos poucos, e "Marcar todos" continua valendo para o grupo inteiro (15.054083ms)
✔ Importar: a linha se edita antes de importar — título, tipo e categoria (17.020792ms)
✔ Importar: "Está no app e não veio no arquivo" vem do mais recente para o mais antigo, aos poucos (16.032459ms)
✔ Projeção: "Atrasado" e os meses aparecem aos poucos, com "Ver mais" (289.806833ms)
✔ Recorrentes: cada seção aparece aos poucos, com "Ver mais" (39.924792ms)
✔ Metas: o extrato vem aos poucos, e o total do mês continua sendo o do mês inteiro (64.566375ms)
✔ Parcelada aberta: "A seguir" a partir da próxima, e "Pagas" da mais recente para a mais antiga (99.044208ms)
✔ Regras: a lista vem aos poucos, com "Ver mais" (21.423959ms)
✔ Categoria: a folha de "Todas…" mostra aos poucos, e a busca recomeça (181.799125ms)
✔ Lembretes: vêm do servidor em páginas; "Ver mais" busca a próxima (12.553458ms)
✔ Alertas e importações: o servidor manda 20; "Ver mais" pede mais 20 (30.042791ms)
✔ Notas arquivadas: com mais no servidor, "Ver mais" busca a próxima página (16.960042ms)
✔ Arquivadas: segurar a pasta apaga (com confirmação), segurar a nota manda à lixeira (19.366584ms)
✔ Hoje: muito atrasado vira UMA linha que abre no lugar, aos poucos, com "Ver mais" (46.996083ms)
✔ Busca: em "Tudo" cada tipo mostra 5 e "Ver mais" abre o tipo; dentro dele, "Ver mais" pede mais 20 (12.773291ms)
✔ Contas: dentro de cada seção, a conta mais recente primeiro (34.012583ms)
✔ Faturas: fatura FUTURA sem compra nenhuma não aparece em "Próximas faturas" (22.038167ms)
✔ Dinheiro não encolhe por padrão; encolhe só onde o bloco tem geometria fixa (24/09/2026) (13.592834ms)
✔ Importações: apagar o registro diz o que fica no financeiro sem "Os 0 lançamentos" (54.910041ms)
✔ Orçamentos: "Sem limite definido" mostra 5 e o resto vem pelo "Ver mais" (era corte calado) (8.72325ms)
✔ Últimos lançamentos: a linha recebe o toque do Link do iOS (24/09/2026) (1.755834ms)
✔ Todo filho de ItemLink repassa o onPress que o Link do iOS injeta (0.477125ms)
✔ Row: fonte máxima e painel estreito conservam título e valor dentro da largura medida (13.053042ms)
✔ Lançamentos: a linha diz a data da COMPRA, nunca o vencimento da fatura (24/09/2026) (86.36925ms)
✔ Lista principal vazia com seção secundária: a secundária em cima e o vazio COMPACTO embaixo (336.960875ms)
✔ Hoje: a dica do painel mora no card do dinheiro, e tocar no valor a encerra (50.947834ms)
✔ Hoje: sem conta na tela, a dica das contas não é montada (51.603458ms)
✔ Lançamentos: a dica do arrasto aponta para a primeira linha, e some com a lista vazia (173.929834ms)
✔ Guia: "Mostrar" de um gesto acende a dica e leva à tela dela (5.745958ms)
✔ Guia: item sem dica só leva à tela, sem acender nada (2.349833ms)
✔ Notas: a dica do arrasto aparece com notas na tela, e some com a lista vazia (55.370958ms)
✔ Notas: o arquivado tem porta no fim da aba, com a contagem, e ela some sem nada arquivado (54.178209ms)
✔ Card: os filhos têm respiro entre si — o texto e o botão não colam (design.md §2) (1.163125ms)
✔ Dívidas: parcela fixa paga com outro valor conta uma parcela e diz o encargo; fora do limite o botão espera (139.151292ms)
✔ Dívidas: "Usar este valor nas próximas" muda o contrato ANTES de pagar, e a parcela sai inteira no valor novo (132.977375ms)
✔ a prestação da agenda abre A dívida dela, na Hoje e na Projeção — não a lista (222.964042ms)
✔ Lançamento de parcela de dívida: embaixo do total, a parcela + o encargo; e o vínculo com a dívida (229.6515ms)
✔ Agente: as conversas recentes não desenham texto nem esqueleto enquanto carregam (9.150958ms)
✔ Financeiro: carregando o período, o rótulo do herói é forma — "Atualizando período" saiu (83.847625ms)
✔ Financeiro: com a série do mês chegando, Entra e Sai não deixam o rótulo sobre um vazio (76.078916ms)
✔ Orçamentos: com os limites chegando, nem o rótulo do destaque nem "Sem limite definido" (24.030208ms)
✔ Busca: na primeira busca, só o esqueleto até as três responderem — nada de seção pela metade (34.241333ms)
✔ Financeiro: a série do mês falhando mostra o erro no herói e refaz a série — nunca "R$ 0,00" (34.697958ms)
✔ Orçamentos: o resumo chegando não segura a tela — só "Sem limite definido" espera ele (13.045916ms)
✔ Notas: "Nova pasta" no "…" abre a folha ali mesmo, com e sem pastas, e o cabeçalho não leva botão (52.00975ms)
✔ Nova pasta: cria com o nome normalizado, recusa nome repetido e, dentro de uma pasta, cria subpasta (41.0965ms)
✔ Contas: ?create=1 abre "Nova conta" direto, e fechar ou salvar devolve para quem abriu (73.161542ms)
✔ Cadastrar conta ou cartão, de qualquer tela, abre o formulário já no tipo certo (46.138ms)
✔ Parcelada sem conta: editar o nome salva sem exigir conta; com conta, a conta continua obrigatória (233.376917ms)
✔ Orçamentos: a categoria do limite é o seletor de categorias, com as do usuário e a que já veio (11.248375ms)
✔ Apagar lançamento: a recusa do banco aparece com a frase dele, a falha de rede segue genérica (118.307292ms)
✔ Dívida: tocar numa parcela paga abre o lançamento; numa futura, a tela da parcela (112.450791ms)
✔ Parcela da dívida: a próxima mostra valor e vencimento, e "Paguei esta parcela" volta para pagar (17.274ms)
✔ Parcela antiga apenas declarada conserva seu valor no detalhe após editar parcelas futuras (6.670375ms)
✔ Contas: ?edit=<id> abre a edição daquela conta, com o título do tipo, e fechar devolve (41.238834ms)
✔ Carteira: o cartão escolhido se edita e um novo se cria ali mesmo (0.22475ms)
✔ Fatura: "+" cria compra NESTE cartão; o "…" edita o cartão e leva às faturas dele (44.311042ms)
✔ Lançamentos de uma conta: o "…" edita a conta, e Lançar e Importar já vão para ela (86.986584ms)
✔ Hoje: "Lançar" cria lançamento, lembrete ou nota ali mesmo (49.624541ms)
✔ Organizar pastas: sem criar; Renomear abre a folha da pasta, que salva sem mexer na pasta-mãe (22.984458ms)
✔ Pasta: o "…" renomeia na folha da pasta e move sem ir a Organizar pastas (23.512ms)
✔ Série: editar tem os campos da criação, e só o calendário mexido vai com regra e vencimento (866.641584ms)
✔ Dívida de parcela fixa também tem "Tipo" (e grava o escolhido) (92.209125ms)
✔ Organizar pastas: "Sem pasta" abre as notas soltas (a aba Notas) (12.012209ms)
✔ Editar a compra: as já pagas se editam, o número muda com parcela paga, e data e conta só prendem pela fatura (294.602625ms)
✔ Dívidas: o "Paguei" tem a data do pagamento, e ela vai para o banco (122.725542ms)
✔ Orçamento: editar muda AQUELE limite — a categoria também, pela chave de quando abriu (12.423667ms)
✔ Conta: com lançamentos, o tipo só troca na mesma família; editando o cartão, os dias refazem as faturas abertas (37.102625ms)
✔ Dívida arquivada: Desarquivar à direita, Apagar por completo à esquerda (108.443917ms)
✔ Arquivados (contas, cartões, metas, bens): Desarquivar à direita, Apagar à esquerda, e apagar confirma (2.552541ms)
✔ Editar a conta abre no saldo ATUAL e grava a diferença no inicial (28/09/2026) (36.494416ms)
✔ Histórico de alertas: não lido até a pessoa marcar; Lida à direita, Limpar à esquerda, e o menu faz todas (10.922417ms)
✔ Ciclo aberto pela Projeção com um adiantamento: o pagamento e a parcela que deixa de sair entram na lista, sem salvar (82.847084ms)
✔ Ciclo aberto de outro lugar não usa o rascunho do aparelho (86.714959ms)
✔ Projeção: com hipótese no rascunho, o erro da simulação aparece na linha; ela arrasta Aplicar e Tirar (161.220875ms)
✔ Rascunho da versão 1: a parcelada sem conta não aplica (o formulário ficaria sem a conta); o adiantamento nunca aplica (296.652292ms)
✔ Recorrente aberta pelo Aplicar: conta e frequência chegam, e salvar tira a hipótese PELO ID (113.550375ms)
✔ Financiamento aberto pelo Aplicar: parcela, parcelas, conta e a próxima parcela preenchidas; salvar tira a hipótese (65.092416ms)
✔ Ciclo pela Projeção com hipótese: lê por simular e marca a linha que veio dela (85.034ms)
✔ Ciclo com hipótese: leitura que falhou DENTRO do simular mostra o erro, não esqueleto para sempre (94.128209ms)
✔ Desfazer o "Tirar" devolve SÓ o que saiu — não traz de volta o que saiu depois (já aplicado) (146.028667ms)
✔ Projeção mês a mês: os dois "hoje" dizem o que são, e o rodapé nomeia o fim real do horizonte (201.153875ms)
✔ Dinheiro de DESTAQUE (money, heroMoney) encolhe sozinho: ocupa a linha e não tem para onde descer (26.929834ms)
✔ Hipótese que o banco recusou: a linha diz o motivo NOSSO e nunca o texto cru do Postgres (177.517667ms)
✔ E se: no teto de 30 hipóteses, "Nova hipótese" diz o limite em vez de abrir a folha (203.264416ms)
✔ E se: o erro da simulação ANTERIOR não aparece enquanto a nova calcula (o índice já mudou) (198.086917ms)
✔ Folha da hipótese: Sai oferece as quatro formas; Entra só "Uma vez" e "Repete"; financiamento sem cartão (33.800542ms)
✔ Onde muda: conta negativa, cartão acima do limite e cartão sem limite, cada um com a frase (18.595458ms)
✔ E se: UM botão "Nova hipótese"; nada de "Adicionar como…" nem "Aplicar todas" (241.730292ms)
✔ E se: a linha da hipótese aplica pelo formulário com tudo e tira PELO ID (262.01675ms)
✔ E se: as hipóteses completas vão à simulação com o detalhe por conta; a incompleta não (253.328292ms)
✔ E se: com hipótese, "Onde muda" aparece com as contas que mudam e leva ao detalhe (210.807125ms)
✔ E se: rascunho da versão 1 no aparelho continua abrindo; a parcelada sem conta pede a conta (191.824ms)
✔ E se: a folha cria a hipótese com conta, forma e data, e "Ver resultado" só com ela completa (213.317834ms)
✔ E se: "Ver o ciclo" leva as hipóteses pelo aparelho, não pela rota (210.954458ms)
✔ Detalhe da hipótese — conta: hoje, menor (e o dia) e fim, antes → depois; e as hipóteses dela (91.255583ms)
✔ Detalhe da hipótese — cartão sem limite: diz e oferece cadastrar; com limite estourado: quanto (290.694125ms)
✔ Detalhe da hipótese — conta que não existe mais, rascunho vazio e erro da leitura (169.638375ms)
✔ E se: só com hipótese incompleta nada é simulado e o "Onde muda" não fica em esqueleto (revisão final) (335.197916ms)
✔ Aplicar recorrente e financiamento abre o formulário único no tipo certo, com a hipótese nos corpos (96.779333ms)
✔ Hoje: o Seu dia mostra a MESMA contagem da aba — é dele que o número fala (52.87ms)
✔ FormularioDaSerie: cria, e "Salvar e criar outro" avisa o hospedeiro sem fechar (230.272792ms)
✔ FormularioDaSerie: editando com a série ainda não carregada, espera — nunca vira criação (215.464916ms)
✔ FormularioDaDivida: o comum vira Nome, Conta que paga e Valor da parcela; criar outro avisa o hospedeiro (71.481167ms)
✔ FormularioDaDivida: editando com a dívida ainda não carregada, espera — nunca vira criação (127.894417ms)
✔ FormularioDaDivida: convertendo, Salvar entrega o financiamento ao hospedeiro com as pagas SEM a linha convertida (69.26925ms)
✔ F01: detalhe da taxa encaminha edição à compra e não cria taxa avulsa pelo menu (54.356625ms)
✔ F01: o link da hipótese entrega a forma de pagamento ao formulário único (28.9335ms)
✔ F01: aplicar hipótese de financiamento conserva a forma no inicializador específico (28.102458ms)
✔ F01: financiamento conserva a forma entre formatos e grava o padrão do contrato (61.724959ms)
✔ F01: trocar a forma em financiamento não apaga campos; origem incompatível impede gravação (64.006625ms)
✔ Formato do lançamento: abre as três escolhas acessíveis e devolve a escolha ao recolher o menu (17.534416ms)
✔ Formato do lançamento: a opção escolhida e o controle fecham sem solicitar mudança (38.371584ms)
✔ Formato do lançamento: cada alternativa devolve seu tipo ao hospedeiro (40.339333ms)
✔ Formato do lançamento: a escolha muda imediatamente uma vez, sem aguardar o menu (27.205584ms)
✔ Formato do lançamento: pode reabrir logo após escolher e mudar novamente, sem escolhas duplicadas (15.149417ms)
✔ Campos da série: Tipo mantém o padrão de confirmação da criação e o escolhido na edição (68.307875ms)
✔ Campos da série: Repete preserva campos e marca apenas a agenda que foi alterada (32.008459ms)
✔ Campos da série: fechar Tipo pela opção atual preserva a confirmação escolhida na criação (66.356125ms)
✔ Campos da série: fechar Repete pela frequência atual não refaz a agenda na edição (101.926375ms)
✔ Lançar: abre no tipo pedido, o seletor troca o corpo e leva os campos comuns (33.191125ms)
✔ Lançar: voltar a um tipo devolve TUDO que foi digitado nele, não só os campos comuns (29.93675ms)
✔ Lançar: "Salvar e criar outro" remonta o corpo limpo, mantendo tipo, conta e data (29.611375ms)
✔ Lançar: editando e trocando o tipo, o salvar PERGUNTA o alcance e converte; voltar ao tipo original é edição comum (62.321334ms)
✔ Lançar: converter Só esta em financiamento abre a nova ficha e remove o detalhe antigo da pilha (29.362541ms)
✔ Lançar: cada alcance bem-sucedido abre a série de resultado, inclusive Manter (132.331625ms)
✔ Lançar: parcelada convertida abre um lançamento do resultado, e não o ID do plano (30.094791ms)
✔ Lançar: a dívida CARREGADA com parcela paga tem passado, mesmo com `passado=0` na rota (29.40375ms)
✔ Lançar: a conversão que o banco recusa mostra a frase dele e não fecha (31.930542ms)
✔ Lançar: editando um lançamento, o corpo é o que espera o registro; a opção destrutiva confirma antes (37.231584ms)
✔ Lançar: o "Aplicar" de uma compra parcelada abre "Uma vez" com as parcelas dela; sem parcelas, à vista (62.788542ms)
✔ Lançar: o estabelecimento viaja entre os tipos e a série nasce com ele (138.902125ms)
✔ Lançar: convertendo um lançamento PAGO em financiamento, "Parcelas já pagas" avisa que ele já conta (249.355375ms)
✔ Lançar: converter de novo enquanto a primeira conversão está no banco não grava duas vezes, e os corpos esperam (34.943ms)
✔ Lançar: com "salvando" do hospedeiro, a série e a dívida desligam Salvar e "Salvar e criar outro" (672.308375ms)
✔ Lançar: os três corpos têm a MESMA moldura na tela — calha, largura, laterais e pé seguros (0.492625ms)
✔ Lançar: os formatos entram completos numa moldura comum sem fade independente do formulário (82.357916ms)
✔ Toda entrada de criar/editar lançamento, recorrente e dívida abre o formulário único (46.218791ms)
✔ Links antigos continuam abrindo o formulário certo (2.390917ms)
✔ Lançar: link sem `papel` (o antigo, a Projeção) usa o do próprio lançamento na conversão (31.329208ms)
✔ Categorias: uso e cor, cria pelo "+" e oferece detalhes e edição no toque (15.402375ms)
✔ Categorias: apagar diz quantos lançamentos ficam sem categoria e quantos orçamentos saem (10.483333ms)
✔ Folha de categoria: renomear para um nome que existe pergunta antes de juntar, e só junta com o sim (26.55425ms)
✔ Folha de categoria: sem nome não salva; criando um nome que já existe, conserva a aparência dela (23.414125ms)
✔ F06 categoria: padrões independentes salvam com CAS e só novos cadastros não pede histórico (51.030667ms)
✔ F06 categoria: nome existente adota configuração própria e aparência externa não prova padrões (50.464459ms)
✔ F06 categoria: histórico parcial, impossível ou invertido impede salvar (144.719584ms)
✔ F06 categoria: confirma período, explica manuais e anuncia contagem real do backfill (27.931208ms)
✔ F06 categoria: erro conserva rascunho e intenção; alteração do payload gera nova intenção (24.162208ms)
✔ F06 categoria: juntar descarta backfill, explica receptor e reusa intenção de merge no retry (26.582375ms)
✔ Seletor de categoria: chips com ícone e cor, "Nova" cria e já escolhe, "Gerenciar categorias" leva à tela (377.330041ms)
✔ Categorias se alcança pelo Gerenciar, pelo Perfil e pelo menu das Finanças (0.220042ms)
✔ Formato do lançamento: fechar pelo controle conserva o tipo e não espera uma barreira do corpo (13.550875ms)
✔ Formato do lançamento: reduzir movimento mantém o callback imediato e uma opção por tipo (16.798167ms)
✔ Lançar: formato muda no toque, preserva os campos comuns e evita refocar ao montar o corpo seguinte (78.533125ms)
✔ Lançar: leitores do corpo que saiu não sobrescrevem o rascunho ativo durante o crossfade (35.492458ms)
✔ Lançar: escolher o tipo atual não relê nem remonta, e callback após desmontagem não troca o corpo (33.736792ms)
✔ Recorrente encerrada não anuncia próxima cobrança, nem oferece editar ou retomar (50.684291ms)
✔ Link antigo da recorrência encerrada mostra histórico, sem montar edição ou oferecer conversão (159.482ms)
✔ F06: grupos independentes combinam pagamento e previsões, contam um critério por grupo e ocultam total global (221.605792ms)
✔ F06: links atualizam cada dimensão na tela montada; ausência conserva e vazio limpa só seu grupo (103.062625ms)
✔ F06: dimensão inválida bloqueia leitura, cache e refresh; cancelar preserva erro e Aplicar recupera (176.410125ms)
✔ F06: classificar com Receitas ou Transferências conserva Tipo e exclui previstas (181.052333ms)
✔ F05: métodos múltiplos seguem query, folha, previstas e resumo sem exibir total global (83.821375ms)
✔ F05: link altera tela montada; ausência conserva método e vazio limpa somente este grupo (82.304042ms)
✔ F05: link malformado mostra recuperação e bloqueia leitura ampliada, Aplicar resolve (84.776375ms)
✔ F05: método combina com datas abertas e erro continua erro, sem previstas de cache (82.088833ms)
✔ Notas arquivadas: resumo único conserva busca/data e a limpeza restaura o contexto (50.378917ms)
✔ Notas lixeira: resumo único conserva busca/data e a limpeza restaura o contexto (38.342209ms)
✔ Notas pasta: resumo único conserva busca/data e a limpeza restaura o contexto (43.700375ms)
✔ Notas: abrir filtros antes do debounce conserva busca atual; aplicar/limpar cancela termos antigos (64.112292ms)
✔ Barra compacta revela todos os critérios ao leitor de tela, conserva nomes e esconde dinheiro (13.706917ms)
✔ Lembretes: critérios têm uma entrada única e resumo; limpar no vazio continua sendo contextual (31.733333ms)
✔ Importações: barra compacta conserva formato/conta e aplicar reinicia a paginação (24.654042ms)
✔ Lançamentos: um único editor conserva todos os critérios e resume o recorte sem repetir controles (162.805125ms)
✔ Lançamentos: resumo financeiro e rótulo acessível respeitam ocultação de valores (91.429917ms)
✔ F05: ocultar valores protege o rótulo acessível das linhas gravadas e previstas (243.467542ms)
✔ F05: ocultar valores protege o rótulo acessível do destaque no detalhe (97.702375ms)
✔ Ocorrências usam o mês civil para retornar de um período personalizado (96.991292ms)
✔ Lançamentos: data inicial sozinha consulta intervalo aberto (celular) (99.877875ms)
✔ Lançamentos: data final sozinha consulta intervalo aberto (celular) (104.999292ms)
✔ Lançamentos: data inicial sozinha consulta intervalo aberto (tablet) (134.472709ms)
✔ Lançamentos: data final sozinha consulta intervalo aberto (tablet) (92.596917ms)
✔ Lançamentos: intervalo aberto ignora previsões em cache e em trânsito; duas datas restauram cálculo (164.611ms)
✔ Lançamentos: período personalizado distingue anos nos dias e rótulos acessíveis (extrato) (206.705709ms)
✔ Lançamentos: período personalizado distingue anos nos dias e rótulos acessíveis (ocorrências) (237.491ms)
✔ Lançamentos: consulta aberta não aguarda mês, ciclo ou resumo de outra janela (171.697083ms)
✔ Lançamentos: erro antigo de previsão não esconde vazio aberto nem cria retry; refresh consulta só registros (436.407417ms)
✔ Parceladas: filtrar quitadas expande resultados e oculta o resumo global; limpar restaura (118.875458ms)
✔ Parceladas: busca e intervalo mostram compra terminada sem exigir expansão manual (108.650167ms)
✔ Recorrentes: encerrada e pausada têm resultados sem vazio de ativas nem resumo global (37.664625ms)
✔ Dívidas: busca, conta e primeiro vencimento filtram arquivos e abrem resultados; data nula não casa (133.611ms)
✔ Lançar: entrada paga é passado mesmo com zero prestações e rota passado=0 (178.272333ms)
✔ Lançar: consulta da entrada pendente ou com erro não permite converter sem conhecer o histórico (76.802167ms)
✔ Lançar: dívida/transação/plano ainda pendentes ou com erro não autorizam apagar histórico (210.132041ms)
✔ Lançar: parcela histórica carregada supera passado=0 mesmo sem entrada (77.430708ms)
✔ conta recusa centavos fracionários, não finitos e acima do inteiro seguro antes de gravar (43.6185ms)
✔ editar cartão com dívida não altera o saldo inicial pelo saldo negativo da fatura (43.409958ms)
✔ campos compartilhados respeitam tipos elegíveis e travam todos os valores sem criar conta pagadora (20.977167ms)
✔ contas usa criação idempotente e recusa toque duplo no mesmo formulário (39.373792ms)
✔ sucesso de uma criação fechada não fecha nem anuncia sucesso de uma nova abertura (50.851959ms)
✔ cadastro de origem bloqueia salvar dos três corpos sem anunciar mutação em andamento (476.405667ms)
✔ callback capturado antes do cadastro não grava enquanto salvarBloqueado estiver ativo (452.173625ms)
✔ gravação real continua carregando nos três corpos, separada do bloqueio do cadastro (440.531292ms)
✔ F06 baseline da série: aceita estadoGuardado legado com campos planos (104.474375ms)
✔ F06 baseline da série: realtime não transforma classificação concorrente em edição (future) (126.380333ms)
✔ F06 baseline da série: resposta perdida e realtime conservam intenção no retry (future) (103.620583ms)
✔ F06 baseline da série: estadoGuardado preserva o registro inicial depois de remontar (future) (213.139583ms)
✔ F06 baseline da série: realtime não transforma classificação concorrente em edição (all) (102.4845ms)
✔ F06 baseline da série: resposta perdida e realtime conservam intenção no retry (all) (109.5215ms)
✔ F06 baseline da série: estadoGuardado preserva o registro inicial depois de remontar (all) (200.561375ms)
✔ F06 formato financiamento: conserva padrões da categoria no campo, prévia e salvar (57.526125ms)
✔ F06 formato financiamento: conserva previsibilidade manual sem classificação no campo, prévia e salvar (55.285167ms)
✔ F06 formato financiamento: conserva necessidade manual sem classificação no campo, prévia e salvar (56.684292ms)
✔ F06 formato financiamento: conserva previsibilidade explícita no campo, prévia e salvar (55.643417ms)
✔ F06 formato financiamento: consulta de padrões pending bloqueia criação e prévia (57.679584ms)
✔ F06 formato financiamento: consulta de padrões error bloqueia criação e prévia (55.173083ms)
✔ F06 formato financiamento: editar sem categoria nunca adota categoria comum implicitamente (57.496ms)
✔ F06 formato financiamento: editar sem workspace nunca adota categoria comum implicitamente (56.287833ms)
✔ F06 formato financiamento: editar com workspace próprio nunca adota categoria comum implicitamente (55.997083ms)
✔ F06 volta de formato: uma conserva previsibilidade NULL explícita em todos os formatos visitados (810.634416ms)
✔ F06 volta de formato: uma conserva necessidade NULL explícita em todos os formatos visitados (809.116125ms)
✔ F06 volta de formato: uma conserva previsibilidade explícita em todos os formatos visitados (825.070792ms)
✔ F06 volta de formato: uma conserva necessidade explícita em todos os formatos visitados (876.472416ms)
✔ F06 volta de formato: recorrente conserva previsibilidade NULL explícita em todos os formatos visitados (1018.262709ms)
✔ F06 volta de formato: recorrente conserva necessidade NULL explícita em todos os formatos visitados (911.551083ms)
✔ F06 volta de formato: recorrente conserva previsibilidade explícita em todos os formatos visitados (799.43975ms)
✔ F06 volta de formato: recorrente conserva necessidade explícita em todos os formatos visitados (911.756541ms)
✔ F06 volta de formato: financiamento conserva previsibilidade NULL explícita em todos os formatos visitados (873.750792ms)
✔ F06 volta de formato: financiamento conserva necessidade NULL explícita em todos os formatos visitados (820.133916ms)
✔ F06 volta de formato: financiamento conserva previsibilidade explícita em todos os formatos visitados (811.86275ms)
✔ F06 volta de formato: financiamento conserva necessidade explícita em todos os formatos visitados (876.360208ms)
✔ F06 volta de formato: uma recalcula apenas sugestões para a categoria própria restaurada (640.070792ms)
✔ F06 volta de formato: recorrente recalcula apenas sugestões para a categoria própria restaurada (529.415542ms)
✔ F06 volta de formato: série adota último padrão escolhido sem substituir baseline congelado (future) (274.731ms)
✔ F06 volta de formato: série adota último padrão escolhido sem substituir baseline congelado (all) (222.988458ms)
✔ F06 extracted controls preserve labels, options and whitelist each independent dimension (2.842041ms)
✔ F07: reserva nova explica configuração, base zero não salva e cancelamento não cria saldo (42.851292ms)
✔ F07: erro de reserva com cache anterior oculta cobertura e refaz somente sua consulta (22.394792ms)
✔ F07: atualização em background não substitui revisão e valores do editor aberto (19.558875ms)
✔ F07: conta e investimento separam só os valores escolhidos após confirmar disponibilidade (23.12425ms)
✔ F07: retirar disponibilidade confirmada bloqueia salvar sem alterar o valor digitado (21.186375ms)
✔ F07: alocação acima do saldo livre explica limite e só libera ao corrigir o valor (21.181792ms)
✔ F07: adicionar fonte exclui cartão, arquivada, saldo vazio, saldo comprometido e vínculo duplicado (18.86325ms)
✔ F07: retirar vínculo libera apenas a reserva e preserva conta e saldo existentes (20.699625ms)
✔ F07: histórico com gasto sem necessidade não oferece revisão nem envia mês como revisado (21.511417ms)
✔ F07: histórico com revisão incompleta nunca afirma cobertura ou alvo coberto (17.476458ms)
✔ F07: histórico com base revisada zero nunca afirma cobertura ou alvo coberto (20.13925ms)
✔ F07: histórico com necessidade sem classificação nunca afirma cobertura ou alvo coberto (19.964ms)
✔ F07: meta sem origem exige confirmação consciente e envia o total exato conferido (20.274333ms)
✔ F07: ocultar valores mascara cobertura, textos, acessibilidade e todos os Money reais da reserva (57.725083ms)
✔ F07: salvar pendente impede fechamento, edição e segunda gravação antes da confirmação (24.413292ms)
✔ F07: tentativa ambígua mantém editor travado e Confirmar tentativa reenvia entrada exata (22.148916ms)
✔ F07: cancelar rascunho de fontes e reabrir descarta mudanças sem qualquer mutação (21.895667ms)
✔ F07: conflito HTTP PT409 libera fechamento e orienta reabrir com revisão atual (21.125292ms)
✔ F07: a folha de edição pertence à tela, fora dos painéis que desmontam ao redimensionar (16.545917ms)
✔ F07: cobertura conserva décimos inteiros e não arredonda proteção para cima (18.650333ms)
✔ F07: falha de rede explica recuperação sem expor endereço e exceção nativa (19.286041ms)
✔ F07: conferência terminal permite encerrar sem salvar e só fecha após comprovante (21.14225ms)
✔ F07: conferir tentativa já salva recupera sucesso e falha de conferência mantém rascunho (20.753791ms)
✔ F08 editor: fresh requested workspace opens once and closing ignores a late snapshot (36.426333ms)
✔ F08 editor: draft and snapshot survive query updates and width changes (32.281125ms)
✔ F08 editor: error cannot present or save a previous scenario (30.40475ms)
✔ F08 editor: fetching cannot present or save a previous scenario (35.184416ms)
✔ F08 editor: pending cannot present or save a previous scenario (32.774084ms)
✔ F08 editor: revision cannot present or save a previous scenario (32.689792ms)
✔ F08 editor: fingerprint cannot present or save a previous scenario (35.448083ms)
✔ F08 editor: a confirmed CAS refusal removes the old scenario until a fresh reopening (33.494625ms)
✔ F08 editor: retrying a transient preview error preserves the editable draft (33.60275ms)
✔ F08 result: recalculation preserves its component and measured space without showing old financial readings (39.073208ms)
✔ F08 result: a refused or failed scenario does not pretend to keep loading (34.746209ms)
✔ F08 editor: actual excluded fields disappear and retoggle preserves its own monthly draft (33.265375ms)
✔ F08 editor: an ambiguous attempt freezes editing and close; retry uses the confirmed immutable input (34.785541ms)
✔ F08 sheet: actual workspace cycle controls the ruler, independent of default profile capability (31.391541ms)
✔ F08 result: conceal suppresses derived numbers, pressure date, comparison chart and accessibility values (45.101417ms)
✔ F08 goals menu forwards the selected goal workspace instead of the default summary workspace (69.432084ms)
✔ F10 editor: source mode preserves monthly/deadline drafts and sends only the chosen input (32.602292ms)
✔ F10 editor: zero explains the missing amount and cannot save; initial-only plan can complete (34.440208ms)
✔ F10 summary: civil 31 calendar and last exact cents come from current draft, conceal hides sensitive output (44.416291ms)
✔ F10 cards: forecast uses the chosen calendar rather than goal deadline, and concealing removes the date (93.364625ms)
✔ F10 cards: initial-only intent has its own forecast, and legacy mode does not promise an uncapped conclusion (88.353041ms)
(node:75476) [MODULE_TYPELESS_PACKAGE_JSON] Warning: Module type of file:///Users/gabrielalmeidadias/Documents/Empresas/ProOps/DEV/Personal-ProOps-app/src/lib/sql-test-isolation.test.ts is not specified and it doesn't parse as CommonJS.
Reparsing as ES module because module syntax was detected. This incurs a performance overhead.
To eliminate this warning, add "type": "module" to /Users/gabrielalmeidadias/Documents/Empresas/ProOps/DEV/Personal-ProOps-app/package.json.
(Use `node --trace-warnings ...` to show where the warning was created)
✔ SQL preview tests start with repeatable read before the runner acquires its transaction id (70.456208ms)
✔ default SQL tests retain their existing isolation and always roll back (67.945834ms)
✔ unknown SQL runner flags fail before any connection (68.1035ms)
(node:75489) [MODULE_TYPELESS_PACKAGE_JSON] Warning: Module type of file:///Users/gabrielalmeidadias/Documents/Empresas/ProOps/DEV/Personal-ProOps-app/src/lib/subcategories.test.ts is not specified and it doesn't parse as CommonJS.
Reparsing as ES module because module syntax was detected. This incurs a performance overhead.
To eliminate this warning, add "type": "module" to /Users/gabrielalmeidadias/Documents/Empresas/ProOps/DEV/Personal-ProOps-app/package.json.
(Use `node --trace-warnings ...` to show where the warning was created)
✔ changing parent clears detail; equivalent aliases preserve it; null never invents detail (1.346375ms)
✔ read decoder returns independent closed copies and accepts income parents (0.898167ms)
✔ read refuses extra (0.323042ms)
✔ read refuses bad id (0.104458ms)
✔ read refuses bad workspace (0.084041ms)
✔ read refuses whitespace name (0.06425ms)
✔ read refuses uppercase name (0.078125ms)
✔ read refuses empty parent (0.061792ms)
✔ read refuses uppercase parent (0.077375ms)
✔ read refuses long parent (0.114666ms)
✔ read refuses long name (0.070416ms)
✔ read refuses null revision (0.066333ms)
✔ read refuses zero revision (0.051625ms)
✔ read refuses coerced revision (0.044166ms)
✔ read refuses unsafe revision (0.060333ms)
✔ read refuses negative count (0.05825ms)
✔ read refuses decimal count (0.058333ms)
✔ read refuses coerced count (0.063042ms)
✔ read refuses unsafe count (0.0595ms)
✔ read refuses malformed state and duplicate identity or folded namespaces (0.163917ms)
✔ name limits count Unicode codepoints and UUID aliases normalize (0.209ms)
✔ explicit detail resolves only current matching workspace and parent, as a copy (0.211208ms)
✔ save builder normalizes user names without mutating caller and admits create, edit, merge (0.117833ms)
✔ save refuses extra (0.069125ms)
✔ save refuses action (0.037375ms)
✔ save refuses workspace (0.036667ms)
✔ save refuses missing id pair (0.035667ms)
✔ save refuses missing revision pair (0.048416ms)
✔ save refuses zero revision (0.033084ms)
✔ save refuses bad id (0.03725ms)
✔ save refuses blank name (0.039583ms)
✔ save refuses coerced name (0.050292ms)
✔ save refuses long Unicode name (0.043416ms)
✔ save refuses merge create (0.035ms)
✔ save refuses merge same source (0.035792ms)
✔ save refuses merge without revision (0.053208ms)
✔ save refuses merge revision without id (0.042625ms)
✔ save refuses merge zero revision (0.033125ms)
✔ save refuses coerced revision (0.033333ms)
✔ commands require every field, delete accepts only its own closed shape (0.194625ms)
✔ write result validates saved, merged and deleted invariants and copies result (0.33825ms)
✔ breakdown preserves Sem detalhe and closes exactly in safe integer cents (0.204959ms)
(node:75490) [MODULE_TYPELESS_PACKAGE_JSON] Warning: Module type of file:///Users/gabrielalmeidadias/Documents/Empresas/ProOps/DEV/Personal-ProOps-app/src/lib/subcategory-debt-form-ui.test.ts is not specified and it doesn't parse as CommonJS.
Reparsing as ES module because module syntax was detected. This incurs a performance overhead.
To eliminate this warning, add "type": "module" to /Users/gabrielalmeidadias/Documents/Empresas/ProOps/DEV/Personal-ProOps-app/package.json.
(Use `node --trace-warnings ...` to show where the warning was created)
✔ category aliases preserve detail; changing parent clears it and child changes preserve manual classification (232.557125ms)
✔ creation/preview carries optional UUID/null and omission remains a legacy omission (349.046083ms)
✔ paid contract asks scope for category/detail metadata and preserves versions and archived origin (60.722208ms)
✔ saved draft and route preserve explicit null while omitted child is never coerced into own undefined (221.907625ms)
✔ returning from another format adopts the common parent and child together, including explicit null (273.1935ms)
✔ explicit null parent in a saved draft remains null when legacy common metadata is omitted (132.714ms)
✔ detail-only edit asks scope and does not change category, financial fields or classifications (67.871459ms)
✔ editing never reads details in default workspace when the contract workspace is missing (43.004209ms)
(node:75530) [MODULE_TYPELESS_PACKAGE_JSON] Warning: Module type of file:///Users/gabrielalmeidadias/Documents/Empresas/ProOps/DEV/Personal-ProOps-app/src/lib/subcategory-field-ui.test.ts is not specified and it doesn't parse as CommonJS.
Reparsing as ES module because module syntax was detected. This incurs a performance overhead.
To eliminate this warning, add "type": "module" to /Users/gabrielalmeidadias/Documents/Empresas/ProOps/DEV/Personal-ProOps-app/package.json.
(Use `node --trace-warnings ...` to show where the warning was created)
✔ Sem detalhe comes first; parent namespace filters actual selector and read errors hide old choices (124.257ms)
✔ committed inline creation selects only its current record/parent visit (52.542083ms)
✔ stale selector handler cannot choose an old parent child into a new parent (6.075333ms)
✔ late creation after leaving presence cannot select on the returning visit (15.801584ms)
✔ resolving an earlier record creation confirms catalog without selecting into a later record (6.260791ms)
✔ unmounted inline creation never selects on confirmation (12.932084ms)
(node:75550) [MODULE_TYPELESS_PACKAGE_JSON] Warning: Module type of file:///Users/gabrielalmeidadias/Documents/Empresas/ProOps/DEV/Personal-ProOps-app/src/lib/subcategory-import-ui.test.ts is not specified and it doesn't parse as CommonJS.
Reparsing as ES module because module syntax was detected. This incurs a performance overhead.
To eliminate this warning, add "type": "module" to /Users/gabrielalmeidadias/Documents/Empresas/ProOps/DEV/Personal-ProOps-app/package.json.
(Use `node --trace-warnings ...` to show where the warning was created)
✔ rule parent alias keeps child and changing parent clears it while save preserves fields (139.676875ms)
✔ rule stale child callback from closed editor cannot select into reopened rule (38.866583ms)
✔ import keeps editor open and blocks stale detail during parent mutation (24.122625ms)
✔ late failed parent mutation cannot roll back a reopened import visit (106.102041ms)
✔ rule parent change blocks old child callback even before React renders (36.207ms)
✔ late successful rule save never closes the returning visit (8.798834ms)
✔ import missing source workspace never enables or writes detail in default workspace (47.471167ms)
✔ rule explicit Sem detalhe persists null and blocks an immediate double save (8.049416ms)
✔ import alias preserves child and failed parent change restores both fields (39.46325ms)
✔ import immediate repeated detail taps send one mutation and failure restores choice (38.749542ms)
✔ legacy rule omission stays omitted while source without workspace never falls back to default (31.725958ms)
(node:75551) [MODULE_TYPELESS_PACKAGE_JSON] Warning: Module type of file:///Users/gabrielalmeidadias/Documents/Empresas/ProOps/DEV/Personal-ProOps-app/src/lib/subcategory-manager-ui.test.ts is not specified and it doesn't parse as CommonJS.
Reparsing as ES module because module syntax was detected. This incurs a performance overhead.
To eliminate this warning, add "type": "module" to /Users/gabrielalmeidadias/Documents/Empresas/ProOps/DEV/Personal-ProOps-app/package.json.
(Use `node --trace-warnings ...` to show where the warning was created)
✔ manager sends captured revision, preserves editor on resize, and refuses externally changed snapshot (132.643875ms)
✔ save ambiguity freezes fields and close, retries same intent, then accepts matching late receipt (26.272333ms)
✔ collision merge requires explicit confirmation and freezes both revisions; stale confirmation cannot write (36.874125ms)
✔ delete confirmation sends closed delete payload and stale row handlers cannot edit a new visit (99.334292ms)
✔ old completion or resolution cannot close a later visit; read failure hides stale catalog (16.299916ms)
✔ confirmed CAS refusal releases close without adopting a newer revision; terminal resolution releases frozen fields (59.08425ms)
✔ late resolution and unmount callbacks never close a newer editor; changed merge receiver invalidates confirmation (52.051416ms)
✔ confirmation captured for a prior editor in the same visit cannot delete after choosing another child (18.779792ms)
✔ inline create uses concrete catalog workspace and null source revision without inventing a parent entity (9.072959ms)
(node:75553) [MODULE_TYPELESS_PACKAGE_JSON] Warning: Module type of file:///Users/gabrielalmeidadias/Documents/Empresas/ProOps/DEV/Personal-ProOps-app/src/lib/subcategory-read-ui.test.ts is not specified and it doesn't parse as CommonJS.
Reparsing as ES module because module syntax was detected. This incurs a performance overhead.
To eliminate this warning, add "type": "module" to /Users/gabrielalmeidadias/Documents/Empresas/ProOps/DEV/Personal-ProOps-app/package.json.
(Use `node --trace-warnings ...` to show where the warning was created)
✔ UUID link scopes recorded and expected reads, suppresses global summary, and offers named filter (354.154167ms)
✔ none is explicit null, reset removes it, and malformed links never broaden reads (496.954083ms)
✔ missing, wrong-parent and unconfirmed catalog identities cannot expose an unfiltered list (444.756542ms)
✔ changing parent drops inherited identity; aliases preserve it; explicit none remains meaningful (93.895667ms)
✔ transaction subtitles display child name and never the UUID (100.29225ms)
✔ transaction detail displays the resolved child name and stays clean for legacy null (129.884458ms)
✔ collapsed breakdown reads only on expansion and keeps Sem detalhe alongside exact total (3.695458ms)
✔ privacy hides child/workspace/count and different scope collapses without retained old lines (3.3925ms)
✔ mounted links hydrate new identities and catalog removal blocks cached rows (104.497209ms)
✔ expected and in-transit rows obey the same child filter including Sem detalhe (97.517875ms)
✔ a failed breakdown ignores cached successful data and offers the scoped retry (3.0715ms)
(node:75570) [MODULE_TYPELESS_PACKAGE_JSON] Warning: Module type of file:///Users/gabrielalmeidadias/Documents/Empresas/ProOps/DEV/Personal-ProOps-app/src/lib/subcategory-save.test.ts is not specified and it doesn't parse as CommonJS.
Reparsing as ES module because module syntax was detected. This incurs a performance overhead.
To eliminate this warning, add "type": "module" to /Users/gabrielalmeidadias/Documents/Empresas/ProOps/DEV/Personal-ProOps-app/package.json.
(Use `node --trace-warnings ...` to show where the warning was created)
✔ double tap coalesces and owns immutable normalized intent despite caller mutation (2.519625ms)
✔ transport ambiguity retains exact normalized payload and UUID on reordered retry (0.348958ms)
✔ initial SQL 22023 releases intent after definite rejection (0.211875ms)
✔ initial SQL 23514 releases intent after definite rejection (0.197875ms)
✔ initial SQL 42501 releases intent after definite rejection (3.233792ms)
✔ initial SQL P0001 releases intent after definite rejection (0.183166ms)
✔ initial SQL 40001 releases intent after definite rejection (0.095917ms)
✔ initial SQL 40P01 releases intent after definite rejection (0.08725ms)
✔ initial SQL PT409 releases intent after definite rejection (0.113291ms)
✔ SQL {"code":"22023"} after lost response cannot disprove commit (0.265042ms)
✔ SQL {"code":"23514"} after lost response cannot disprove commit (0.102958ms)
✔ SQL {"code":"42501"} after lost response cannot disprove commit (0.105958ms)
✔ SQL {"code":"P0001"} after lost response cannot disprove commit (0.093083ms)
✔ SQL {"code":"40001"} after lost response cannot disprove commit (0.077792ms)
✔ SQL {"code":"40P01"} after lost response cannot disprove commit (0.0945ms)
✔ SQL {"code":"PT409","message":"other conflict"} after lost response cannot disprove commit (0.096291ms)
✔ sealed-first save PT409 Detalhe alterado. Abra novamente confirms refusal after ambiguity (0.133208ms)
✔ sealed-first save PT409 Detalhe receptor alterado. Abra novamente confirms refusal after ambiguity (0.073917ms)
✔ sealed-first save PT409 Já existe um detalhe com esse nome nesta categoria. Confira para juntar confirms refusal after ambiguity (0.071041ms)
✔ malformed or mismatched receipt null cannot release intent (0.14ms)
✔ malformed or mismatched receipt {"workspace_id":"22222222-2222-4222-8222-222222222222","subcategory_id":"33333333-3333-4333-8333-333333333333","edit_revision":8,"merged":false,"deleted":false,"affected_records":2} cannot release intent (0.079084ms)
✔ malformed or mismatched receipt {"workspace_id":"11111111-1111-4111-8111-111111111111","subcategory_id":"44444444-4444-4444-8444-444444444444","edit_revision":8,"merged":false,"deleted":false,"affected_records":2} cannot release intent (0.08575ms)
✔ malformed or mismatched receipt {"workspace_id":"11111111-1111-4111-8111-111111111111","subcategory_id":"33333333-3333-4333-8333-333333333333","edit_revision":7,"merged":false,"deleted":false,"affected_records":2} cannot release intent (0.065583ms)
✔ malformed or mismatched receipt {"workspace_id":"11111111-1111-4111-8111-111111111111","subcategory_id":"33333333-3333-4333-8333-333333333333","edit_revision":8,"merged":true,"deleted":false,"affected_records":2} cannot release intent (0.173375ms)
✔ malformed or mismatched receipt {"workspace_id":"11111111-1111-4111-8111-111111111111","subcategory_id":"33333333-3333-4333-8333-333333333333","edit_revision":null,"merged":false,"deleted":true,"affected_records":2} cannot release intent (0.120041ms)
✔ malformed or mismatched receipt {"workspace_id":"11111111-1111-4111-8111-111111111111","subcategory_id":"33333333-3333-4333-8333-333333333333","edit_revision":8,"merged":false,"deleted":false,"affected_records":2,"extra":true} cannot release intent (0.070875ms)
✔ malformed or mismatched receipt {"workspace_id":"11111111-1111-4111-8111-111111111111","subcategory_id":"33333333-3333-4333-8333-333333333333","edit_revision":8,"merged":false,"deleted":false,"affected_records":"2"} cannot release intent (0.064417ms)
✔ malformed or mismatched receipt {"workspace_id":"11111111-1111-4111-8111-111111111111","subcategory_id":"33333333-3333-4333-8333-333333333333","edit_revision":8,"merged":false,"deleted":false,"affected_records":9007199254740992} cannot release intent (0.064ms)
✔ malformed or mismatched receipt {"workspace_id":"22222222-2222-4222-8222-222222222222","cancelled":true} cannot release intent (0.067083ms)
✔ malformed or mismatched receipt {"workspace_id":"11111111-1111-4111-8111-111111111111","cancelled":false} cannot release intent (0.07625ms)
✔ malformed or mismatched receipt {"workspace_id":"11111111-1111-4111-8111-111111111111","cancelled":true,"extra":1} cannot release intent (0.067125ms)
✔ resolution coalesces with submit and accepts only matching terminal cancellation (0.207792ms)
✔ resolution recovers delayed commit without rewriting; PT409 alone in resolve remains ambiguous (0.150417ms)
✔ create, merge and delete demand exact receipt identity, flags and next revision (0.384584ms)
✔ malformed intent and revision overflow never dispatch; invalid request UUID is refused (0.129333ms)
✔ delayed send can return terminal cancellation and friendly errors hide transport internals (0.234167ms)
✔ a transport-thrown cancellation error is not a sealed terminal receipt (0.106417ms)
(node:75571) [MODULE_TYPELESS_PACKAGE_JSON] Warning: Module type of file:///Users/gabrielalmeidadias/Documents/Empresas/ProOps/DEV/Personal-ProOps-app/src/lib/tablet-chart-source.test.ts is not specified and it doesn't parse as CommonJS.
Reparsing as ES module because module syntax was detected. This incurs a performance overhead.
To eliminate this warning, add "type": "module" to /Users/gabrielalmeidadias/Documents/Empresas/ProOps/DEV/Personal-ProOps-app/package.json.
(Use `node --trace-warnings ...` to show where the warning was created)
✔ measured sparkline waits for its own card width and updates after resize (33.178791ms)
✔ finance chart and invoice face do not derive their width from the whole tablet window (0.518459ms)
(node:75572) [MODULE_TYPELESS_PACKAGE_JSON] Warning: Module type of file:///Users/gabrielalmeidadias/Documents/Empresas/ProOps/DEV/Personal-ProOps-app/src/lib/tablet-finance-routes.test.ts is not specified and it doesn't parse as CommonJS.
Reparsing as ES module because module syntax was detected. This incurs a performance overhead.
To eliminate this warning, add "type": "module" to /Users/gabrielalmeidadias/Documents/Empresas/ProOps/DEV/Personal-ProOps-app/package.json.
(Use `node --trace-warnings ...` to show where the warning was created)
✔ cycle detail keeps one financial source while composing a tablet decision pane (0.906583ms)
✔ annual report puts year-end evidence beside the categories without changing export or year selection (0.293958ms)
✔ net worth keeps the trend beside the account and asset evidence (0.198541ms)
✔ forecast presents the measured curve beside its scenario while preserving model and horizon actions (0.619709ms)
(node:75573) [MODULE_TYPELESS_PACKAGE_JSON] Warning: Module type of file:///Users/gabrielalmeidadias/Documents/Empresas/ProOps/DEV/Personal-ProOps-app/src/lib/tablet-finance-task-routes.test.ts is not specified and it doesn't parse as CommonJS.
Reparsing as ES module because module syntax was detected. This incurs a performance overhead.
To eliminate this warning, add "type": "module" to /Users/gabrielalmeidadias/Documents/Empresas/ProOps/DEV/Personal-ProOps-app/package.json.
(Use `node --trace-warnings ...` to show where the warning was created)
✔ task list routes keep compact content and expose measured tablet workspaces (0.813166ms)
✔ task surfaces preserve their mutation and navigation contracts (1.578875ms)
✔ transaction form stays a bounded keyboard aware single column (0.285333ms)
(node:75574) [MODULE_TYPELESS_PACKAGE_JSON] Warning: Module type of file:///Users/gabrielalmeidadias/Documents/Empresas/ProOps/DEV/Personal-ProOps-app/src/lib/tablet-motion-source.test.ts is not specified and it doesn't parse as CommonJS.
Reparsing as ES module because module syntax was detected. This incurs a performance overhead.
To eliminate this warning, add "type": "module" to /Users/gabrielalmeidadias/Documents/Empresas/ProOps/DEV/Personal-ProOps-app/package.json.
(Use `node --trace-warnings ...` to show where the warning was created)
✔ the Android pill enters on app reveal and moves the selected icon with its circle (0.597458ms)
✔ preview tab taps update params in place so the pill does not remount mid-flight (0.138709ms)
✔ a stalled cover snaps closed before the shown session is replaced (0.240167ms)
✔ logout covers downward and reveals upward, with the session changed while hidden (0.177583ms)
✔ the session curtain does not duplicate or animate the auth brand (0.333167ms)
✔ logout starts covering before signOut and reuses that cover in the session gate (0.195791ms)
✔ auth cap recomputes its matching curve after a tablet resize and the form stays readable (0.137584ms)
(node:75575) [MODULE_TYPELESS_PACKAGE_JSON] Warning: Module type of file:///Users/gabrielalmeidadias/Documents/Empresas/ProOps/DEV/Personal-ProOps-app/src/lib/tablet-notes-deep-routes.test.ts is not specified and it doesn't parse as CommonJS.
Reparsing as ES module because module syntax was detected. This incurs a performance overhead.
To eliminate this warning, add "type": "module" to /Users/gabrielalmeidadias/Documents/Empresas/ProOps/DEV/Personal-ProOps-app/package.json.
(Use `node --trace-warnings ...` to show where the warning was created)
✔ notes recovery routes use the measured tablet workspace and keep a compact fallback (0.909459ms)
✔ notes deep editor and folder stay readable when a tablet window is wide (0.928584ms)
(node:75576) [MODULE_TYPELESS_PACKAGE_JSON] Warning: Module type of file:///Users/gabrielalmeidadias/Documents/Empresas/ProOps/DEV/Personal-ProOps-app/src/lib/tablet-notes-routes.test.ts is not specified and it doesn't parse as CommonJS.
Reparsing as ES module because module syntax was detected. This incurs a performance overhead.
To eliminate this warning, add "type": "module" to /Users/gabrielalmeidadias/Documents/Empresas/ProOps/DEV/Personal-ProOps-app/package.json.
(Use `node --trace-warnings ...` to show where the warning was created)
✔ folder organizer is the whole tree, and renaming opens the same sheet as creating (1.453167ms)
(node:75577) [MODULE_TYPELESS_PACKAGE_JSON] Warning: Module type of file:///Users/gabrielalmeidadias/Documents/Empresas/ProOps/DEV/Personal-ProOps-app/src/lib/tablet-planning-routes.test.ts is not specified and it doesn't parse as CommonJS.
Reparsing as ES module because module syntax was detected. This incurs a performance overhead.
To eliminate this warning, add "type": "module" to /Users/gabrielalmeidadias/Documents/Empresas/ProOps/DEV/Personal-ProOps-app/package.json.
(Use `node --trace-warnings ...` to show where the warning was created)
✔ budgets keeps the compact reading order and exposes category context in a measured tablet split (0.639958ms)
✔ goals keeps contribution and archive actions while placing the aggregate beside the goal list on tablets (0.251167ms)
✔ debts keeps payment and destructive confirmations while putting payoff strategy beside the debt list on tablets (0.75225ms)
(node:75578) [MODULE_TYPELESS_PACKAGE_JSON] Warning: Module type of file:///Users/gabrielalmeidadias/Documents/Empresas/ProOps/DEV/Personal-ProOps-app/src/lib/tablet-wallet-invoices.test.ts is not specified and it doesn't parse as CommonJS.
Reparsing as ES module because module syntax was detected. This incurs a performance overhead.
To eliminate this warning, add "type": "module" to /Users/gabrielalmeidadias/Documents/Empresas/ProOps/DEV/Personal-ProOps-app/package.json.
(Use `node --trace-warnings ...` to show where the warning was created)
✔ wallet keeps the real flight routes while opting into a measured tablet workspace (0.794042ms)
✔ invoice history uses a bounded tablet list and truthful selected invoice context (0.211917ms)
(node:75579) [MODULE_TYPELESS_PACKAGE_JSON] Warning: Module type of file:///Users/gabrielalmeidadias/Documents/Empresas/ProOps/DEV/Personal-ProOps-app/src/lib/tela-pronta.test.ts is not specified and it doesn't parse as CommonJS.
Reparsing as ES module because module syntax was detected. This incurs a performance overhead.
To eliminate this warning, add "type": "module" to /Users/gabrielalmeidadias/Documents/Empresas/ProOps/DEV/Personal-ProOps-app/package.json.
(Use `node --trace-warnings ...` to show where the warning was created)
✔ sem consulta nenhuma a tela está pronta (0.664083ms)
✔ uma buscando segura a tela inteira (0.126417ms)
✔ todas prontas abrem o portão (0.099208ms)
✔ query DESLIGADA não pode prender a tela no skeleton para sempre (0.079ms)
✔ sem rede a tela abre e mostra o estado dela, não um skeleton eterno (0.073375ms)
✔ refetch de fundo NÃO traz o skeleton de volta (0.095667ms)
✔ consulta que FALHOU libera a tela para ela mostrar o erro, não um skeleton eterno (0.128208ms)
(node:75580) [MODULE_TYPELESS_PACKAGE_JSON] Warning: Module type of file:///Users/gabrielalmeidadias/Documents/Empresas/ProOps/DEV/Personal-ProOps-app/src/lib/themed-text.test.ts is not specified and it doesn't parse as CommonJS.
Reparsing as ES module because module syntax was detected. This incurs a performance overhead.
To eliminate this warning, add "type": "module" to /Users/gabrielalmeidadias/Documents/Empresas/ProOps/DEV/Personal-ProOps-app/package.json.
(Use `node --trace-warnings ...` to show where the warning was created)
✔ o texto é medido de novo quando a escala da fonte do sistema muda (62.032167ms)
(node:75581) [MODULE_TYPELESS_PACKAGE_JSON] Warning: Module type of file:///Users/gabrielalmeidadias/Documents/Empresas/ProOps/DEV/Personal-ProOps-app/src/lib/today-sections.test.ts is not specified and it doesn't parse as CommonJS.
Reparsing as ES module because module syntax was detected. This incurs a performance overhead.
To eliminate this warning, add "type": "module" to /Users/gabrielalmeidadias/Documents/Empresas/ProOps/DEV/Personal-ProOps-app/package.json.
(Use `node --trace-warnings ...` to show where the warning was created)
✔ Agora tem o atrasado, o que vence hoje e o que chega hoje; atrasado primeiro (1.428667ms)
✔ Próximos dias agrupa por dia, respeita a janela e nunca repete o que está em Agora (8.405667ms)
✔ compra no cartão de hoje não vira pendência (0.104ms)
✔ o texto e o tom de cada item dizem o que aconteceu (0.168083ms)
✔ lembrete de outro dia não é "de hoje" — o "Para hoje" listava 03/09 em 28/09 (1.2465ms)
✔ o AGORA fica entre o lembrete que passou e o que vem, e o que vem é o próximo (0.282833ms)
✔ com todos os lembretes já passados o AGORA vai para o fim; sem lembrete não há AGORA (0.154792ms)
✔ 2+ atrasados viram UMA linha recolhida; aberta, mostra cada um com Ver mais; 1 só não vira resumo (0.281458ms)
✔ o número da aba Hoje é o que o Seu dia tem para resolver: atrasado, o que vence hoje e o lembrete de hoje (0.185042ms)
✔ "por dia" é UMA conta: o card da Hoje e o widget dividem igual (0.287375ms)
✔ a semana tem hoje no meio: o que saiu para trás, o previsto para a frente (0.417209ms)
✔ semana sem nada ainda tem teto (nunca divide por zero) e sem "por dia" não tem régua (0.2335ms)
✔ a frase do dia diz quando, quanto e o estado — "dentro" não se escreve, a entrada vai à parte (0.266ms)
✔ um dia enorme não esmaga a régua: o teto para em 3× o "por dia" (0.102166ms)
(node:75583) [MODULE_TYPELESS_PACKAGE_JSON] Warning: Module type of file:///Users/gabrielalmeidadias/Documents/Empresas/ProOps/DEV/Personal-ProOps-app/src/lib/use-dicas.test.ts is not specified and it doesn't parse as CommonJS.
Reparsing as ES module because module syntax was detected. This incurs a performance overhead.
To eliminate this warning, add "type": "module" to /Users/gabrielalmeidadias/Documents/Empresas/ProOps/DEV/Personal-ProOps-app/package.json.
(Use `node --trace-warnings ...` to show where the warning was created)
✔ usar antes de o disco responder não se perde, nem apaga o que já estava encerrado (65.704208ms)
✔ sem nada gravado e sem mudança pendente, ler não grava nada (20.563334ms)
(node:75584) [MODULE_TYPELESS_PACKAGE_JSON] Warning: Module type of file:///Users/gabrielalmeidadias/Documents/Empresas/ProOps/DEV/Personal-ProOps-app/src/lib/use-folder-menu.test.ts is not specified and it doesn't parse as CommonJS.
Reparsing as ES module because module syntax was detected. This incurs a performance overhead.
To eliminate this warning, add "type": "module" to /Users/gabrielalmeidadias/Documents/Empresas/ProOps/DEV/Personal-ProOps-app/package.json.
(Use `node --trace-warnings ...` to show where the warning was created)
✔ segurar a pasta oferece Apagar, e apagar confirma antes (39.943042ms)
✔ segurar a pasta também renomeia e move — sem ir a Organizar pastas (25/09/2026) (13.463417ms)
(node:75585) [MODULE_TYPELESS_PACKAGE_JSON] Warning: Module type of file:///Users/gabrielalmeidadias/Documents/Empresas/ProOps/DEV/Personal-ProOps-app/src/lib/use-preferencia.test.ts is not specified and it doesn't parse as CommonJS.
Reparsing as ES module because module syntax was detected. This incurs a performance overhead.
To eliminate this warning, add "type": "module" to /Users/gabrielalmeidadias/Documents/Empresas/ProOps/DEV/Personal-ProOps-app/package.json.
(Use `node --trace-warnings ...` to show where the warning was created)
✔ a régua escolhida volta no próximo processo, e cada tela tem a sua (75.862208ms)
✔ o toque antes de o disco responder vale, e não apaga o que já estava gravado (13.540416ms)
✔ outra conta no mesmo aparelho não herda a escolha (9.762875ms)
✔ valor gravado que a tela não aceita mais, ou disco corrompido, cai no padrão (16.582833ms)
✔ mudar por FUNÇÃO lê o valor gravado na hora: duas mudanças do mesmo render valem as duas (4.958125ms)
✔ useRascunho v2: adicionar, trocar e tirar partem do GRAVADO (duas mudanças do mesmo render valem as duas) (13.8485ms)
(node:75586) [MODULE_TYPELESS_PACKAGE_JSON] Warning: Module type of file:///Users/gabrielalmeidadias/Documents/Empresas/ProOps/DEV/Personal-ProOps-app/src/lib/widget-snapshot.test.ts is not specified and it doesn't parse as CommonJS.
Reparsing as ES module because module syntax was detected. This incurs a performance overhead.
To eliminate this warning, add "type": "module" to /Users/gabrielalmeidadias/Documents/Empresas/ProOps/DEV/Personal-ProOps-app/package.json.
(Use `node --trace-warnings ...` to show where the warning was created)
✔ o livre é caixa menos o que vence antes da próxima entrada — o número da Hoje (25.568792ms)
✔ o atrasado é UM resumo; a lista é só o que vai vencer, com o selo de data (0.323958ms)
✔ a lista tem teto e conta o que sobrou (0.312667ms)
✔ o veredito é o da Hoje: atrasado ganha de tudo (0.296959ms)
✔ esconder saldo vale no widget: nenhum valor sai no retrato (0.134375ms)
✔ saiu da conta: o widget para de mostrar o dinheiro (0.048459ms)
✔ veredito sem obrigação: por dia só a partir de R$ 1,00 (0.050875ms)
✔ o que vai para o widget do iOS não leva null em nível nenhum (0.204708ms)
ℹ tests 2195
ℹ suites 0
ℹ pass 2195
ℹ fail 0
ℹ cancelled 0
ℹ skipped 0
ℹ todo 0
ℹ duration_ms 53572.91425
